mapping(ms), replan(ms), sfc(ms), mpc(ms), df(ms), 
1.09833, 1, 1, 1, 1, 
0.808159, 0, 0, 0, 0, 
0, 0, 0, 0, 0, 
0.075181, 0, 0, 0, 0, 
0, 0, 0, 0, 0, 
0, 0, 0, 0, 0, 
0, 0, 0, 0, 0, 
0, 0, 0, 0, 0, 
0, 0, 0, 0, 0, 
0, 0, 0, 0, 0, 
0, 0, 0, 0, 0, 
0, 0, 0, 0, 0, 
0, 0, 0, 0, 0, 
0, 0, 0, 0, 0, 
0, 0, 0, 0, 0, 
1.04357, 0, 0, 0, 0, 
0, 0, 0, 0, 0, 
0, 0, 0, 0, 0, 
0, 0, 0, 0, 0, 
0, 0, 0, 0, 0, 
0, 0, 0, 0, 0, 
0, 0, 0, 0, 0, 
0, 0, 0, 0, 0, 
0, 0, 0, 0, 0, 
0, 0, 0, 0, 0, 
0.305284, 0, 0, 0, 0, 
0, 0, 0, 0, 0, 
0, 0, 0, 0, 0, 
0, 0, 0, 0, 0, 
0, 0, 0, 0, 0, 
0, 0, 0, 0, 0, 
0, 0, 0, 0, 0, 
0, 0, 0, 0, 0, 
0, 0, 0, 0, 0, 
0.34658, 0, 0, 0, 0, 
0, 0, 0, 0, 0, 
0, 0, 0, 0, 0, 
0, 0, 0, 0, 0, 
0, 0, 0, 0, 0, 
0, 0, 0, 0, 0, 
0, 0, 0, 0, 0, 
0, 0, 0, 0, 0, 
0, 0, 0, 0, 0, 
0, 0, 0, 0, 0, 
0, 0, 0, 0, 0, 
0.79035, 0, 0, 0, 0, 
0, 0, 0, 0, 0, 
0, 0, 0, 0, 0, 
0, 0, 0, 0, 0, 
0, 0, 0, 0, 0, 
0, 0, 0, 0, 0, 
0, 0, 0, 0, 0, 
0, 0, 0, 0, 0, 
0, 0, 0, 0, 0, 
0.069975, 0, 0, 0, 0, 
0, 0, 0, 0, 0, 
0, 0, 0, 0, 0, 
0, 0, 0, 0, 0, 
0, 0, 0, 0, 0, 
0, 0, 0, 0, 0, 
0, 0, 0, 0, 0, 
0, 0, 0, 0, 0, 
0, 0, 0, 0, 0, 
0, 0, 0, 0, 0, 
0, 0, 0, 0, 0, 
0.809444, 0, 0, 0, 0, 
0, 0, 0, 0, 0, 
0, 0, 0, 0, 0, 
0, 0, 0, 0, 0, 
0, 0, 0, 0, 0, 
0, 0, 0, 0, 0, 
0, 0, 0, 0, 0, 
0, 0, 0, 0, 0, 
0, 0, 0, 0, 0, 
0, 0, 0, 0, 0, 
0.363378, 0, 0, 0, 0, 
0, 0, 0, 0, 0, 
0, 0, 0, 0, 0, 
0, 0, 0, 0, 0, 
0, 0, 0, 0, 0, 
0, 0, 0, 0, 0, 
0, 0, 0, 0, 0, 
0, 0, 0, 0, 0, 
0, 0, 0, 0, 0, 
0, 0, 0, 0, 0, 
0.320539, 0, 0, 0, 0, 
0, 0, 0, 0, 0, 
0, 0, 0, 0, 0, 
0, 0, 0, 0, 0, 
0, 0, 0, 0, 0, 
0, 0, 0, 0, 0, 
0, 0, 0, 0, 0, 
0, 0, 0, 0, 0, 
0, 0, 0, 0, 0, 
0, 0, 0, 0, 0, 
0.604676, 0, 0, 0, 0, 
0, 0, 0, 0, 0, 
0, 0, 0, 0, 0, 
0, 0, 0, 0, 0, 
0, 0, 0, 0, 0, 
0, 0, 0, 0, 0, 
0, 0, 0, 0, 0, 
0, 0, 0, 0, 0, 
0, 0, 0, 0, 0, 
0.053526, 0, 0, 0, 0, 
0, 0, 0, 0, 0, 
0, 0, 0, 0, 0, 
0, 0, 0, 0, 0, 
0, 0, 0, 0, 0, 
0, 0, 0, 0, 0, 
0, 0, 0, 0, 0, 
0, 0, 0, 0, 0, 
0, 0, 0, 0, 0, 
0, 0, 0, 0, 0, 
0, 0, 0, 0, 0, 
0.567828, 0, 0, 0, 0, 
0, 0, 0, 0, 0, 
0, 0, 0, 0, 0, 
0, 0, 0, 0, 0, 
0, 0, 0, 0, 0, 
0, 0, 0, 0, 0, 
0, 0, 0, 0, 0, 
0, 0, 0, 0, 0, 
0, 0, 0, 0, 0, 
0, 0, 0, 0, 0, 
0.309386, 0, 0, 0, 0, 
0, 0, 0, 0, 0, 
0, 0, 0, 0, 0, 
0, 0, 0, 0, 0, 
0, 0, 0, 0, 0, 
0, 0, 0, 0, 0, 
0, 0, 0, 0, 0, 
0, 0, 0, 0, 0, 
0, 0, 0, 0, 0, 
0, 0, 0, 0, 0, 
0.183277, 0, 0, 0, 0, 
0, 0, 0, 0, 0, 
0, 0, 0, 0, 0, 
0, 0, 0, 0, 0, 
0, 0, 0, 0, 0, 
0, 0, 0, 0, 0, 
0, 0, 0, 0, 0, 
0, 0, 0, 0, 0, 
0, 0, 0, 0, 0, 
0, 0, 0, 0, 0, 
0.485895, 0, 0, 0, 0, 
0, 0, 0, 0, 0, 
0, 0, 0, 0, 0, 
0, 0, 0, 0, 0, 
0, 0, 0, 0, 0, 
0, 0, 0, 0, 0, 
0, 0, 0, 0, 0, 
0, 0, 0, 0, 0, 
0, 0, 0, 0, 0, 
0.03271, 0, 0, 0, 0, 
0, 0, 0, 0, 0, 
0, 0, 0, 0, 0, 
0, 0, 0, 0, 0, 
0, 0, 0, 0, 0, 
0, 0, 0, 0, 0, 
0, 0, 0, 0, 0, 
0, 0, 0, 0, 0, 
0, 0, 0, 0, 0, 
0, 0, 0, 0, 0, 
0, 0, 0, 0, 0, 
0.632259, 0, 0, 0, 0, 
0, 0, 0, 0, 0, 
0, 0, 0, 0, 0, 
0, 0, 0, 0, 0, 
0, 0, 0, 0, 0, 
0, 0, 0, 0, 0, 
0, 0, 0, 0, 0, 
0, 0, 0, 0, 0, 
0, 0, 0, 0, 0, 
0, 0, 0, 0, 0, 
0.174788, 0, 0, 0, 0, 
0, 0, 0, 0, 0, 
0, 0, 0, 0, 0, 
0, 0, 0, 0, 0, 
0, 0, 0, 0, 0, 
0, 0, 0, 0, 0, 
0, 0, 0, 0, 0, 
0, 0, 0, 0, 0, 
0, 0, 0, 0, 0, 
0.206535, 0, 0, 0, 0, 
0, 0, 0, 0, 0, 
0, 0, 0, 0, 0, 
0, 0, 0, 0, 0, 
0, 0, 0, 0, 0, 
0, 0, 0, 0, 0, 
0, 0, 0, 0, 0, 
0, 0, 0, 0, 0, 
0, 0, 0, 0, 0, 
0, 0, 0, 0, 0, 
0, 0, 0, 0, 0, 
0.482797, 0, 0, 0, 0, 
0, 0, 0, 0, 0, 
0, 0, 0, 0, 0, 
0, 0, 0, 0, 0, 
0, 0, 0, 0, 0, 
0, 0, 0, 0, 0, 
0, 0, 0, 0, 0, 
0, 0, 0, 0, 0, 
0, 0, 0, 0, 0, 
0.031795, 0, 0, 0, 0, 
0, 0, 0, 0, 0, 
0, 0, 0, 0, 0, 
0, 0, 0, 0, 0, 
0, 0, 0, 0, 0, 
0, 0, 0, 0, 0, 
0, 0, 0, 0, 0, 
0, 0, 0, 0, 0, 
0, 0, 0, 0, 0, 
0, 0, 0, 0, 0, 
0, 0, 0, 0, 0, 
0.444353, 0, 0, 0, 0, 
0, 0, 0, 0, 0, 
0, 0, 0, 0, 0, 
0, 0, 0, 0, 0, 
0, 0, 0, 0, 0, 
0, 0, 0, 0, 0, 
0, 0, 0, 0, 0, 
0, 0, 0, 0, 0, 
0, 0, 0, 0, 0, 
0, 0, 0, 0, 0, 
0.176028, 0, 0, 0, 0, 
0, 0, 0, 0, 0, 
0, 0, 0, 0, 0, 
0, 0, 0, 0, 0, 
0, 0, 0, 0, 0, 
0, 0, 0, 0, 0, 
0, 0, 0, 0, 0, 
0, 0, 0, 0, 0, 
0, 0, 0, 0, 0, 
0, 0, 0, 0, 0, 
0.223481, 0, 0, 0, 0, 
0, 0, 0, 0, 0, 
0, 0, 0, 0, 0, 
0, 0, 0, 0, 0, 
0, 0, 0, 0, 0, 
0, 0, 0, 0, 0, 
0, 0, 0, 0, 0, 
0, 0, 0, 0, 0, 
0, 0, 0, 0, 0, 
0, 0, 0, 0, 0, 
0.676075, 0, 0, 0, 0, 
0, 0, 0, 0, 0, 
0, 0, 0, 0, 0, 
0, 0, 0, 0, 0, 
0, 0, 0, 0, 0, 
0, 0, 0, 0, 0, 
0, 0, 0, 0, 0, 
0, 0, 0, 0, 0, 
0, 0, 0, 0, 0, 
0.028572, 0, 0, 0, 0, 
0, 0, 0, 0, 0, 
0, 0, 0, 0, 0, 
0, 0, 0, 0, 0, 
0, 0, 0, 0, 0, 
0, 0, 0, 0, 0, 
0, 0, 0, 0, 0, 
0, 0, 0, 0, 0, 
0, 0, 0, 0, 0, 
0, 0, 0, 0, 0, 
0, 0, 0, 0, 0, 
0.626241, 0, 0, 0, 0, 
0, 0, 0, 0, 0, 
0, 0, 0, 0, 0, 
0, 0, 0, 0, 0, 
0, 0, 0, 0, 0, 
0, 0, 0, 0, 0, 
0, 0, 0, 0, 0, 
0, 0, 0, 0, 0, 
0, 0, 0, 0, 0, 
0, 0, 0, 0, 0, 
0.16083, 0, 0, 0, 0, 
0, 0, 0, 0, 0, 
0, 0, 0, 0, 0, 
0, 0, 0, 0, 0, 
0, 0, 0, 0, 0, 
0, 0, 0, 0, 0, 
0, 0, 0, 0, 0, 
0, 0, 0, 0, 0, 
0, 0, 0, 0, 0, 
0, 0, 0, 0, 0, 
0.231543, 0, 0, 0, 0, 
0, 0, 0, 0, 0, 
0, 0, 0, 0, 0, 
0, 0, 0, 0, 0, 
0, 0, 0, 0, 0, 
0, 0, 0, 0, 0, 
0, 0, 0, 0, 0, 
0, 0, 0, 0, 0, 
0, 0, 0, 0, 0, 
0, 0, 0, 0, 0, 
0.479553, 0, 0, 0, 0, 
0, 0, 0, 0, 0, 
0, 0, 0, 0, 0, 
0, 0, 0, 0, 0, 
0, 0, 0, 0, 0, 
0, 0, 0, 0, 0, 
0, 0, 0, 0, 0, 
0, 0, 0, 0, 0, 
0, 0, 0, 0, 0, 
0.027379, 0, 0, 0, 0, 
0, 0, 0, 0, 0, 
0, 0, 0, 0, 0, 
0, 0, 0, 0, 0, 
0, 0, 0, 0, 0, 
0, 0, 0, 0, 0, 
0, 0, 0, 0, 0, 
0, 0, 0, 0, 0, 
0, 0, 0, 0, 0, 
0, 0, 0, 0, 0, 
0, 0, 0, 0, 0, 
0.58806, 0, 0, 0, 0, 
0, 0, 0, 0, 0, 
0, 0, 0, 0, 0, 
0, 0, 0, 0, 0, 
0, 0, 0, 0, 0, 
0, 0, 0, 0, 0, 
0, 0, 0, 0, 0, 
0, 0, 0, 0, 0, 
0, 0, 0, 0, 0, 
0, 0, 0, 0, 0, 
0.205044, 0, 0, 0, 0, 
0, 0, 0, 0, 0, 
0, 0, 0, 0, 0, 
0, 0, 0, 0, 0, 
0, 0, 0, 0, 0, 
0, 0, 0, 0, 0, 
0, 0, 0, 0, 0, 
0, 0, 0, 0, 0, 
0, 0, 0, 0, 0, 
0.199142, 0, 0, 0, 0, 
0, 0, 0, 0, 0, 
0, 0, 0, 0, 0, 
0, 0, 0, 0, 0, 
0, 0, 0, 0, 0, 
0, 0, 0, 0, 0, 
0, 0, 0, 0, 0, 
0, 0, 0, 0, 0, 
0, 0, 0, 0, 0, 
0, 0, 0, 0, 0, 
0, 0, 0, 0, 0, 
0.587929, 0, 0, 0, 0, 
0, 0, 0, 0, 0, 
0, 0, 0, 0, 0, 
0, 0, 0, 0, 0, 
0, 0, 0, 0, 0, 
0, 0, 0, 0, 0, 
0, 0, 0, 0, 0, 
0, 0, 0, 0, 0, 
0, 0, 0, 0, 0, 
0.036855, 0, 0, 0, 0, 
0, 0, 0, 0, 0, 
0, 0, 0, 0, 0, 
0, 0, 0, 0, 0, 
0, 0, 0, 0, 0, 
0, 0, 0, 0, 0, 
0, 0, 0, 0, 0, 
0, 0, 0, 0, 0, 
0, 0, 0, 0, 0, 
0, 0, 0, 0, 0, 
0, 0, 0, 0, 0, 
0.604553, 0, 0, 0, 0, 
0, 0, 0, 0, 0, 
0, 0, 0, 0, 0, 
0, 0, 0, 0, 0, 
0, 0, 0, 0, 0, 
0, 0, 0, 0, 0, 
0, 0, 0, 0, 0, 
0, 0, 0, 0, 0, 
0, 0, 0, 0, 0, 
0, 0, 0, 0, 0, 
0.175804, 0, 0, 0, 0, 
0, 0, 0, 0, 0, 
0, 0, 0, 0, 0, 
0, 0, 0, 0, 0, 
0, 0, 0, 0, 0, 
0, 0, 0, 0, 0, 
0, 0, 0, 0, 0, 
0, 0, 0, 0, 0, 
0, 0, 0, 0, 0, 
0, 0, 0, 0, 0, 
0.232025, 0, 0, 0, 0, 
0, 0, 0, 0, 0, 
0, 0, 0, 0, 0, 
0, 0, 0, 0, 0, 
0, 0, 0, 0, 0, 
0, 0, 0, 0, 0, 
0, 0, 0, 0, 0, 
0, 0, 0, 0, 0, 
0, 0, 0, 0, 0, 
0, 0, 0, 0, 0, 
0.663379, 0, 0, 0, 0, 
0, 0, 0, 0, 0, 
0, 0, 0, 0, 0, 
0, 0, 0, 0, 0, 
0, 0, 0, 0, 0, 
0, 0, 0, 0, 0, 
0, 0, 0, 0, 0, 
0, 0, 0, 0, 0, 
0, 0, 0, 0, 0, 
0.026057, 0, 0, 0, 0, 
0, 0, 0, 0, 0, 
0, 0, 0, 0, 0, 
0, 0, 0, 0, 0, 
0, 0, 0, 0, 0, 
0, 0, 0, 0, 0, 
0, 0, 0, 0, 0, 
0, 0, 0, 0, 0, 
0, 0, 0, 0, 0, 
0, 0, 0, 0, 0, 
0, 0, 0, 0, 0, 
0.400824, 0, 0, 0, 0, 
0, 0, 0, 0, 0, 
0, 0, 0, 0, 0, 
0, 0, 0, 0, 0, 
0, 0, 0, 0, 0, 
0, 0, 0, 0, 0, 
0, 0, 0, 0, 0, 
0, 0, 0, 0, 0, 
0, 0, 0, 0, 0, 
0, 0, 0, 0, 0, 
0.1579, 0, 0, 0, 0, 
0, 0, 0, 0, 0, 
0, 0, 0, 0, 0, 
0, 0, 0, 0, 0, 
0, 0, 0, 0, 0, 
0, 0, 0, 0, 0, 
0, 0, 0, 0, 0, 
0, 0, 0, 0, 0, 
0, 0, 0, 0, 0, 
0, 0, 0, 0, 0, 
0.119993, 0, 0, 0, 0, 
0, 0, 0, 0, 0, 
0, 0, 0, 0, 0, 
0, 0, 0, 0, 0, 
0, 0, 0, 0, 0, 
0, 0, 0, 0, 0, 
0, 0, 0, 0, 0, 
0, 0, 0, 0, 0, 
0, 0, 0, 0, 0, 
0, 0, 0, 0, 0, 
0.442917, 0, 0, 0, 0, 
0, 0, 0, 0, 0, 
0, 0, 0, 0, 0, 
0, 0, 0, 0, 0, 
0, 0, 0, 0, 0, 
0, 0, 0, 0, 0, 
0, 0, 0, 0, 0, 
0, 0, 0, 0, 0, 
0, 0, 0, 0, 0, 
0.022401, 0, 0, 0, 0, 
0, 0, 0, 0, 0, 
0, 0, 0, 0, 0, 
0, 0, 0, 0, 0, 
0, 0, 0, 0, 0, 
0, 0, 0, 0, 0, 
0, 0, 0, 0, 0, 
0, 0, 0, 0, 0, 
0, 0, 0, 0, 0, 
0, 0, 0, 0, 0, 
0, 0, 0, 0, 0, 
0.512258, 0, 0, 0, 0, 
0, 0, 0, 0, 0, 
0, 0, 0, 0, 0, 
0, 0, 0, 0, 0, 
0, 0, 0, 0, 0, 
0, 0, 0, 0, 0, 
0, 0, 0, 0, 0, 
0, 0, 0, 0, 0, 
0, 0, 0, 0, 0, 
0, 0, 0, 0, 0, 
0.222205, 0, 0, 0, 0, 
0, 0, 0, 0, 0, 
0, 0, 0, 0, 0, 
0, 0, 0, 0, 0, 
0, 0, 0, 0, 0, 
0, 0, 0, 0, 0, 
0, 0, 0, 0, 0, 
0, 0, 0, 0, 0, 
0, 0, 0, 0, 0, 
0, 0, 0, 0, 0, 
0.221707, 0, 0, 0, 0, 
0, 0, 0, 0, 0, 
0, 0, 0, 0, 0, 
0, 0, 0, 0, 0, 
0, 0, 0, 0, 0, 
0, 0, 0, 0, 0, 
0, 0, 0, 0, 0, 
0, 0, 0, 0, 0, 
0, 0, 0, 0, 0, 
0, 0, 0, 0, 0, 
0.39912, 0, 0, 0, 0, 
0, 0, 0, 0, 0, 
0, 0, 0, 0, 0, 
0, 0, 0, 0, 0, 
0, 0, 0, 0, 0, 
0, 0, 0, 0, 0, 
0, 0, 0, 0, 0, 
0, 0, 0, 0, 0, 
0, 0, 0, 0, 0, 
0.02609, 0, 0, 0, 0, 
0, 0, 0, 0, 0, 
0, 0, 0, 0, 0, 
0, 0, 0, 0, 0, 
0, 0, 0, 0, 0, 
0, 0, 0, 0, 0, 
0, 0, 0, 0, 0, 
0, 0, 0, 0, 0, 
0, 0, 0, 0, 0, 
0, 0, 0, 0, 0, 
0, 0, 0, 0, 0, 
0.531952, 0, 0, 0, 0, 
0, 0, 0, 0, 0, 
0, 0, 0, 0, 0, 
0, 0, 0, 0, 0, 
0, 0, 0, 0, 0, 
0, 0, 0, 0, 0, 
0, 0, 0, 0, 0, 
0, 0, 0, 0, 0, 
0, 0, 0, 0, 0, 
0, 0, 0, 0, 0, 
0.174103, 0, 0, 0, 0, 
0, 0, 0, 0, 0, 
0, 0, 0, 0, 0, 
0, 0, 0, 0, 0, 
0, 0, 0, 0, 0, 
0, 0, 0, 0, 0, 
0, 0, 0, 0, 0, 
0, 0, 0, 0, 0, 
0, 0, 0, 0, 0, 
0, 0, 0, 0, 0, 
0.172448, 0, 0, 0, 0, 
0, 0, 0, 0, 0, 
0, 0, 0, 0, 0, 
0, 0, 0, 0, 0, 
0, 0, 0, 0, 0, 
0, 0, 0, 0, 0, 
0, 0, 0, 0, 0, 
0, 0, 0, 0, 0, 
0, 0, 0, 0, 0, 
0, 0, 0, 0, 0, 
0.618224, 0, 0, 0, 0, 
0, 0, 0, 0, 0, 
0, 0, 0, 0, 0, 
0, 0, 0, 0, 0, 
0, 0, 0, 0, 0, 
0, 0, 0, 0, 0, 
0, 0, 0, 0, 0, 
0, 0, 0, 0, 0, 
0, 0, 0, 0, 0, 
0.037654, 0, 0, 0, 0, 
0, 0, 0, 0, 0, 
0, 0, 0, 0, 0, 
0, 0, 0, 0, 0, 
0, 0, 0, 0, 0, 
0, 0, 0, 0, 0, 
0, 0, 0, 0, 0, 
0, 0, 0, 0, 0, 
0, 0, 0, 0, 0, 
0, 0, 0, 0, 0, 
0, 0, 0, 0, 0, 
0.357344, 0, 0, 0, 0, 
0, 0, 0, 0, 0, 
0, 0, 0, 0, 0, 
0, 0, 0, 0, 0, 
0, 0, 0, 0, 0, 
0, 0, 0, 0, 0, 
0, 0, 0, 0, 0, 
0, 0, 0, 0, 0, 
0, 0, 0, 0, 0, 
0, 0, 0, 0, 0, 
0.168227, 0, 0, 0, 0, 
0, 0, 0, 0, 0, 
0, 0, 0, 0, 0, 
0, 0, 0, 0, 0, 
0, 0, 0, 0, 0, 
0, 0, 0, 0, 0, 
0, 0, 0, 0, 0, 
0, 0, 0, 0, 0, 
0, 0, 0, 0, 0, 
0, 0, 0, 0, 0, 
0.150501, 0, 0, 0, 0, 
0, 0, 0, 0, 0, 
0, 0, 0, 0, 0, 
0, 0, 0, 0, 0, 
0, 0, 0, 0, 0, 
0, 0, 0, 0, 0, 
0, 0, 0, 0, 0, 
0, 0, 0, 0, 0, 
0, 0, 0, 0, 0, 
0, 0, 0, 0, 0, 
0.367531, 0, 0, 0, 0, 
0, 0, 0, 0, 0, 
0, 0, 0, 0, 0, 
0, 0, 0, 0, 0, 
0, 0, 0, 0, 0, 
0, 0, 0, 0, 0, 
0, 0, 0, 0, 0, 
0, 0, 0, 0, 0, 
0, 0, 0, 0, 0, 
0.038464, 0, 0, 0, 0, 
0, 0, 0, 0, 0, 
0, 0, 0, 0, 0, 
0, 0, 0, 0, 0, 
0, 0, 0, 0, 0, 
0, 0, 0, 0, 0, 
0, 0, 0, 0, 0, 
0, 0, 0, 0, 0, 
0, 0, 0, 0, 0, 
0, 0, 0, 0, 0, 
0, 0, 0, 0, 0, 
0.351074, 0, 0, 0, 0, 
0, 0, 0, 0, 0, 
0, 0, 0, 0, 0, 
0, 0, 0, 0, 0, 
0, 0, 0, 0, 0, 
0, 0, 0, 0, 0, 
0, 0, 0, 0, 0, 
0, 0, 0, 0, 0, 
0, 0, 0, 0, 0, 
0, 0, 0, 0, 0, 
0.104235, 0, 0, 0, 0, 
0, 0, 0, 0, 0, 
0, 0, 0, 0, 0, 
0, 0, 0, 0, 0, 
0, 0, 0, 0, 0, 
0, 0, 0, 0, 0, 
0, 0, 0, 0, 0, 
0, 0, 0, 0, 0, 
0, 0, 0, 0, 0, 
0, 0, 0, 0, 0, 
0.109271, 0, 0, 0, 0, 
0, 0, 0, 0, 0, 
0, 0, 0, 0, 0, 
0, 0, 0, 0, 0, 
0, 0, 0, 0, 0, 
0, 0, 0, 0, 0, 
0, 0, 0, 0, 0, 
0, 0, 0, 0, 0, 
0, 0, 0, 0, 0, 
0, 0, 0, 0, 0, 
0.364979, 0, 0, 0, 0, 
0, 0, 0, 0, 0, 
0, 0, 0, 0, 0, 
0, 0, 0, 0, 0, 
0, 0, 0, 0, 0, 
0, 0, 0, 0, 0, 
0, 0, 0, 0, 0, 
0, 0, 0, 0, 0, 
0, 0, 0, 0, 0, 
0.024178, 0, 0, 0, 0, 
0, 0, 0, 0, 0, 
0, 0, 0, 0, 0, 
0, 0, 0, 0, 0, 
0, 0, 0, 0, 0, 
0, 0, 0, 0, 0, 
0, 0, 0, 0, 0, 
0, 0, 0, 0, 0, 
0, 0, 0, 0, 0, 
0, 0, 0, 0, 0, 
0, 0, 0, 0, 0, 
0.29318, 0, 0, 0, 0, 
0, 0, 0, 0, 0, 
0, 0, 0, 0, 0, 
0, 0, 0, 0, 0, 
0, 0, 0, 0, 0, 
0, 0, 0, 0, 0, 
0, 0, 0, 0, 0, 
0, 0, 0, 0, 0, 
0, 0, 0, 0, 0, 
0, 0, 0, 0, 0, 
0.137257, 0, 0, 0, 0, 
0, 0, 0, 0, 0, 
0, 0, 0, 0, 0, 
0, 0, 0, 0, 0, 
0, 0, 0, 0, 0, 
0, 0, 0, 0, 0, 
0, 0, 0, 0, 0, 
0, 0, 0, 0, 0, 
0, 0, 0, 0, 0, 
0, 0, 0, 0, 0, 
0.184641, 0, 0, 0, 0, 
0, 0, 0, 0, 0, 
0, 0, 0, 0, 0, 
0, 0, 0, 0, 0, 
0, 0, 0, 0, 0, 
0, 0, 0, 0, 0, 
0, 0, 0, 0, 0, 
0, 0, 0, 0, 0, 
0, 0, 0, 0, 0, 
0, 0, 0, 0, 0, 
0.320403, 0, 0, 0, 0, 
0, 0, 0, 0, 0, 
0, 0, 0, 0, 0, 
0, 0, 0, 0, 0, 
0, 0, 0, 0, 0, 
0, 0, 0, 0, 0, 
0, 0, 0, 0, 0, 
0, 0, 0, 0, 0, 
0, 0, 0, 0, 0, 
0, 0, 0, 0, 0, 
0.02689, 0, 0, 0, 0, 
0, 0, 0, 0, 0, 
0, 0, 0, 0, 0, 
0, 0, 0, 0, 0, 
0, 0, 0, 0, 0, 
0, 0, 0, 0, 0, 
0, 0, 0, 0, 0, 
0, 0, 0, 0, 0, 
0, 0, 0, 0, 0, 
0, 0, 0, 0, 0, 
0.332438, 0, 0, 0, 0, 
0, 0, 0, 0, 0, 
0, 0, 0, 0, 0, 
0, 0, 0, 0, 0, 
0, 0, 0, 0, 0, 
0, 0, 0, 0, 0, 
0, 0, 0, 0, 0, 
0, 0, 0, 0, 0, 
0, 0, 0, 0, 0, 
0, 0, 0, 0, 0, 
0.105866, 0, 0, 0, 0, 
0, 0, 0, 0, 0, 
0, 0, 0, 0, 0, 
0, 0, 0, 0, 0, 
0, 0, 0, 0, 0, 
0, 0, 0, 0, 0, 
0, 0, 0, 0, 0, 
0, 0, 0, 0, 0, 
0, 0, 0, 0, 0, 
0, 0, 0, 0, 0, 
0.143024, 0, 0, 0, 0, 
0, 0, 0, 0, 0, 
0, 0, 0, 0, 0, 
0, 0, 0, 0, 0, 
0, 0, 0, 0, 0, 
0, 0, 0, 0, 0, 
0, 0, 0, 0, 0, 
0, 0, 0, 0, 0, 
0, 0, 0, 0, 0, 
0, 0, 0, 0, 0, 
0.348845, 0, 0, 0, 0, 
0, 0, 0, 0, 0, 
0, 0, 0, 0, 0, 
0, 0, 0, 0, 0, 
0, 0, 0, 0, 0, 
0, 0, 0, 0, 0, 
0, 0, 0, 0, 0, 
0, 0, 0, 0, 0, 
0, 0, 0, 0, 0, 
0.041868, 0, 0, 0, 0, 
0, 0, 0, 0, 0, 
0, 0, 0, 0, 0, 
0, 0, 0, 0, 0, 
0, 0, 0, 0, 0, 
0, 0, 0, 0, 0, 
0, 0, 0, 0, 0, 
0, 0, 0, 0, 0, 
0, 0, 0, 0, 0, 
0, 0, 0, 0, 0, 
0, 0, 0, 0, 0, 
0, 0, 0, 0, 0, 
0.311871, 0, 0, 0, 0, 
0, 0, 0, 0, 0, 
0, 0, 0, 0, 0, 
0, 0, 0, 0, 0, 
0, 0, 0, 0, 0, 
0, 0, 0, 0, 0, 
0, 0, 0, 0, 0, 
0, 0, 0, 0, 0, 
0, 0, 0, 0, 0, 
0.187609, 0, 0, 0, 0, 
0, 0, 0, 0, 0, 
0, 0, 0, 0, 0, 
0, 0, 0, 0, 0, 
0, 0, 0, 0, 0, 
0, 0, 0, 0, 0, 
0, 0, 0, 0, 0, 
0, 0, 0, 0, 0, 
0, 0, 0, 0, 0, 
0, 0, 0, 0, 0, 
0.114556, 0, 0, 0, 0, 
0, 0, 0, 0, 0, 
0, 0, 0, 0, 0, 
0, 0, 0, 0, 0, 
0, 0, 0, 0, 0, 
0, 0, 0, 0, 0, 
0, 0, 0, 0, 0, 
0, 0, 0, 0, 0, 
0, 0, 0, 0, 0, 
0, 0, 0, 0, 0, 
0.43412, 0, 0, 0, 0, 
0, 0, 0, 0, 0, 
0, 0, 0, 0, 0, 
0, 0, 0, 0, 0, 
0, 0, 0, 0, 0, 
0, 0, 0, 0, 0, 
0, 0, 0, 0, 0, 
0, 0, 0, 0, 0, 
0, 0, 0, 0, 0, 
0.039596, 0, 0, 0, 0, 
0, 0, 0, 0, 0, 
0, 0, 0, 0, 0, 
0, 0, 0, 0, 0, 
0, 0, 0, 0, 0, 
0, 0, 0, 0, 0, 
0, 0, 0, 0, 0, 
0, 0, 0, 0, 0, 
0, 0, 0, 0, 0, 
0, 0, 0, 0, 0, 
0.341388, 0, 0, 0, 0, 
0, 0, 0, 0, 0, 
0, 0, 0, 0, 0, 
0, 0, 0, 0, 0, 
0, 0, 0, 0, 0, 
0, 0, 0, 0, 0, 
0, 0, 0, 0, 0, 
0, 0, 0, 0, 0, 
0, 0, 0, 0, 0, 
0, 0, 0, 0, 0, 
0.094334, 0, 0, 0, 0, 
0, 0, 0, 0, 0, 
0, 0, 0, 0, 0, 
0, 0, 0, 0, 0, 
0, 0, 0, 0, 0, 
0, 0, 0, 0, 0, 
0, 0, 0, 0, 0, 
0, 0, 0, 0, 0, 
0, 0, 0, 0, 0, 
0.103971, 0, 0, 0, 0, 
0, 0, 0, 0, 0, 
0, 0, 0, 0, 0, 
0, 0, 0, 0, 0, 
0, 0, 0, 0, 0, 
0, 0, 0, 0, 0, 
0, 0, 0, 0, 0, 
0, 0, 0, 0, 0, 
0, 0, 0, 0, 0, 
0, 0, 0, 0, 0, 
0, 0, 0, 0, 0, 
0.290657, 0, 0, 0, 0, 
0, 0, 0, 0, 0, 
0, 0, 0, 0, 0, 
0, 0, 0, 0, 0, 
0, 0, 0, 0, 0, 
0, 0, 0, 0, 0, 
0, 0, 0, 0, 0, 
0, 0, 0, 0, 0, 
0, 0, 0, 0, 0, 
0.030859, 0, 0, 0, 0, 
0, 0, 0, 0, 0, 
0, 0, 0, 0, 0, 
0, 0, 0, 0, 0, 
0, 0, 0, 0, 0, 
0, 0, 0, 0, 0, 
0, 0, 0, 0, 0, 
0, 0, 0, 0, 0, 
0, 0, 0, 0, 0, 
0, 0, 0, 0, 0, 
0, 0, 0, 0, 0, 
0.270227, 0, 0, 0, 0, 
0, 0, 0, 0, 0, 
0, 0, 0, 0, 0, 
0, 0, 0, 0, 0, 
0, 0, 0, 0, 0, 
0, 0, 0, 0, 0, 
0, 0, 0, 0, 0, 
0, 0, 0, 0, 0, 
0, 0, 0, 0, 0, 
0.119329, 0, 0, 0, 0, 
0, 0, 0, 0, 0, 
0, 0, 0, 0, 0, 
0, 0, 0, 0, 0, 
0, 0, 0, 0, 0, 
0, 0, 0, 0, 0, 
0, 0, 0, 0, 0, 
0, 0, 0, 0, 0, 
0, 0, 0, 0, 0, 
0, 0, 0, 0, 0, 
0, 0, 0, 0, 0, 
0.108113, 0, 0, 0, 0, 
0, 0, 0, 0, 0, 
0, 0, 0, 0, 0, 
0, 0, 0, 0, 0, 
0, 0, 0, 0, 0, 
0, 0, 0, 0, 0, 
0, 0, 0, 0, 0, 
0, 0, 0, 0, 0, 
0, 0, 0, 0, 0, 
0, 0, 0, 0, 0, 
0.239874, 0, 0, 0, 0, 
0, 0, 0, 0, 0, 
0, 0, 0, 0, 0, 
0, 0, 0, 0, 0, 
0, 0, 0, 0, 0, 
0, 0, 0, 0, 0, 
0, 0, 0, 0, 0, 
0, 0, 0, 0, 0, 
0, 0, 0, 0, 0, 
0.049786, 0, 0, 0, 0, 
0, 0, 0, 0, 0, 
0, 0, 0, 0, 0, 
0, 0, 0, 0, 0, 
0, 0, 0, 0, 0, 
0, 0, 0, 0, 0, 
0, 0, 0, 0, 0, 
0, 0, 0, 0, 0, 
0, 0, 0, 0, 0, 
0, 0, 0, 0, 0, 
0, 0, 0, 0, 0, 
0.444823, 0, 0, 0, 0, 
0, 0, 0, 0, 0, 
0, 0, 0, 0, 0, 
0, 0, 0, 0, 0, 
0, 0, 0, 0, 0, 
0, 0, 0, 0, 0, 
0, 0, 0, 0, 0, 
0, 0, 0, 0, 0, 
0, 0, 0, 0, 0, 
0, 0, 0, 0, 0, 
0.14451, 0, 0, 0, 0, 
0, 0, 0, 0, 0, 
0, 0, 0, 0, 0, 
0, 0, 0, 0, 0, 
0, 0, 0, 0, 0, 
0, 0, 0, 0, 0, 
0, 0, 0, 0, 0, 
0, 0, 0, 0, 0, 
0, 0, 0, 0, 0, 
0, 0, 0, 0, 0, 
0.096556, 0, 0, 0, 0, 
0, 0, 0, 0, 0, 
0, 0, 0, 0, 0, 
0, 0, 0, 0, 0, 
0, 0, 0, 0, 0, 
0, 0, 0, 0, 0, 
0, 0, 0, 0, 0, 
0, 0, 0, 0, 0, 
0, 0, 0, 0, 0, 
0, 0, 0, 0, 0, 
0.262686, 0, 0, 0, 0, 
0, 0, 0, 0, 0, 
0, 0, 0, 0, 0, 
0, 0, 0, 0, 0, 
0, 0, 0, 0, 0, 
0, 0, 0, 0, 0, 
0, 0, 0, 0, 0, 
0, 0, 0, 0, 0, 
0, 0, 0, 0, 0, 
0.030758, 0, 0, 0, 0, 
0, 0, 0, 0, 0, 
0, 0, 0, 0, 0, 
0, 0, 0, 0, 0, 
0, 0, 0, 0, 0, 
0, 0, 0, 0, 0, 
0, 0, 0, 0, 0, 
0, 0, 0, 0, 0, 
0, 0, 0, 0, 0, 
0, 0, 0, 0, 0, 
0, 0, 0, 0, 0, 
0.39902, 0, 0, 0, 0, 
0, 0, 0, 0, 0, 
0, 0, 0, 0, 0, 
0, 0, 0, 0, 0, 
0, 0, 0, 0, 0, 
0, 0, 0, 0, 0, 
0, 0, 0, 0, 0, 
0, 0, 0, 0, 0, 
0, 0, 0, 0, 0, 
0.13615, 0, 0, 0, 0, 
0, 0, 0, 0, 0, 
0, 0, 0, 0, 0, 
0, 0, 0, 0, 0, 
0, 0, 0, 0, 0, 
0, 0, 0, 0, 0, 
0, 0, 0, 0, 0, 
0, 0, 0, 0, 0, 
0, 0, 0, 0, 0, 
0, 0, 0, 0, 0, 
0, 0, 0, 0, 0, 
0.131528, 0, 0, 0, 0, 
0, 0, 0, 0, 0, 
0, 0, 0, 0, 0, 
0, 0, 0, 0, 0, 
0, 0, 0, 0, 0, 
0, 0, 0, 0, 0, 
0, 0, 0, 0, 0, 
0, 0, 0, 0, 0, 
0, 0, 0, 0, 0, 
0, 0, 0, 0, 0, 
0.362732, 0, 0, 0, 0, 
0, 0, 0, 0, 0, 
0, 0, 0, 0, 0, 
0, 0, 0, 0, 0, 
0, 0, 0, 0, 0, 
0, 0, 0, 0, 0, 
0, 0, 0, 0, 0, 
0, 0, 0, 0, 0, 
0, 0, 0, 0, 0, 
0.064256, 0, 0, 0, 0, 
0, 0, 0, 0, 0, 
0, 0, 0, 0, 0, 
0, 0, 0, 0, 0, 
0, 0, 0, 0, 0, 
0, 0, 0, 0, 0, 
0, 0, 0, 0, 0, 
0, 0, 0, 0, 0, 
0, 0, 0, 0, 0, 
0, 0, 0, 0, 0, 
0, 0, 0, 0, 0, 
0.408192, 0, 0, 0, 0, 
0, 0, 0, 0, 0, 
0, 0, 0, 0, 0, 
0, 0, 0, 0, 0, 
0, 0, 0, 0, 0, 
0, 0, 0, 0, 0, 
0, 0, 0, 0, 0, 
0, 0, 0, 0, 0, 
0, 0, 0, 0, 0, 
0, 0, 0, 0, 0, 
0.123215, 0, 0, 0, 0, 
0, 0, 0, 0, 0, 
0, 0, 0, 0, 0, 
0, 0, 0, 0, 0, 
0, 0, 0, 0, 0, 
0, 0, 0, 0, 0, 
0, 0, 0, 0, 0, 
0, 0, 0, 0, 0, 
0, 0, 0, 0, 0, 
0, 0, 0, 0, 0, 
0.133377, 0, 0, 0, 0, 
0, 0, 0, 0, 0, 
0, 0, 0, 0, 0, 
0, 0, 0, 0, 0, 
0, 0, 0, 0, 0, 
0, 0, 0, 0, 0, 
0, 0, 0, 0, 0, 
0, 0, 0, 0, 0, 
0, 0, 0, 0, 0, 
0, 0, 0, 0, 0, 
0.407933, 0, 0, 0, 0, 
0, 0, 0, 0, 0, 
0, 0, 0, 0, 0, 
0, 0, 0, 0, 0, 
0, 0, 0, 0, 0, 
0, 0, 0, 0, 0, 
0, 0, 0, 0, 0, 
0, 0, 0, 0, 0, 
0, 0, 0, 0, 0, 
0.031353, 0, 0, 0, 0, 
0, 0, 0, 0, 0, 
0, 0, 0, 0, 0, 
0, 0, 0, 0, 0, 
0, 0, 0, 0, 0, 
0, 0, 0, 0, 0, 
0, 0, 0, 0, 0, 
0, 0, 0, 0, 0, 
0, 0, 0, 0, 0, 
0, 0, 0, 0, 0, 
0, 0, 0, 0, 0, 
0.24032, 0, 0, 0, 0, 
0, 0, 0, 0, 0, 
0, 0, 0, 0, 0, 
0, 0, 0, 0, 0, 
0, 0, 0, 0, 0, 
0, 0, 0, 0, 0, 
0, 0, 0, 0, 0, 
0, 0, 0, 0, 0, 
0, 0, 0, 0, 0, 
0, 0, 0, 0, 0, 
0.15163, 0, 0, 0, 0, 
0, 0, 0, 0, 0, 
0, 0, 0, 0, 0, 
0, 0, 0, 0, 0, 
0, 0, 0, 0, 0, 
0, 0, 0, 0, 0, 
0, 0, 0, 0, 0, 
0, 0, 0, 0, 0, 
0, 0, 0, 0, 0, 
0, 0, 0, 0, 0, 
0.136787, 0, 0, 0, 0, 
0, 0, 0, 0, 0, 
0, 0, 0, 0, 0, 
0, 0, 0, 0, 0, 
0, 0, 0, 0, 0, 
0, 0, 0, 0, 0, 
0, 0, 0, 0, 0, 
0, 0, 0, 0, 0, 
0, 0, 0, 0, 0, 
0, 0, 0, 0, 0, 
0.353338, 0, 0, 0, 0, 
0, 0, 0, 0, 0, 
0, 0, 0, 0, 0, 
0, 0, 0, 0, 0, 
0, 0, 0, 0, 0, 
0, 0, 0, 0, 0, 
0, 0, 0, 0, 0, 
0, 0, 0, 0, 0, 
0, 0, 0, 0, 0, 
0.029389, 0, 0, 0, 0, 
0, 0, 0, 0, 0, 
0, 0, 0, 0, 0, 
0, 0, 0, 0, 0, 
0, 0, 0, 0, 0, 
0, 0, 0, 0, 0, 
0, 0, 0, 0, 0, 
0, 0, 0, 0, 0, 
0, 0, 0, 0, 0, 
0, 0, 0, 0, 0, 
0, 0, 0, 0, 0, 
0.221157, 0, 0, 0, 0, 
0, 0, 0, 0, 0, 
0, 0, 0, 0, 0, 
0, 0, 0, 0, 0, 
0, 0, 0, 0, 0, 
0, 0, 0, 0, 0, 
0, 0, 0, 0, 0, 
0, 0, 0, 0, 0, 
0, 0, 0, 0, 0, 
0, 0, 0, 0, 0, 
0.106651, 0, 0, 0, 0, 
0, 0, 0, 0, 0, 
0, 0, 0, 0, 0, 
0, 0, 0, 0, 0, 
0, 0, 0, 0, 0, 
0, 0, 0, 0, 0, 
0, 0, 0, 0, 0, 
0, 0, 0, 0, 0, 
0, 0, 0, 0, 0, 
0.130559, 0, 0, 0, 0, 
0, 0, 0, 0, 0, 
0, 0, 0, 0, 0, 
0, 0, 0, 0, 0, 
0, 0, 0, 0, 0, 
0, 0, 0, 0, 0, 
0, 0, 0, 0, 0, 
0, 0, 0, 0, 0, 
0, 0, 0, 0, 0, 
0, 0, 0, 0, 0, 
0, 0, 0, 0, 0, 
0.37694, 0, 0, 0, 0, 
0, 0, 0, 0, 0, 
0, 0, 0, 0, 0, 
0, 0, 0, 0, 0, 
0, 0, 0, 0, 0, 
0, 0, 0, 0, 0, 
0, 0, 0, 0, 0, 
0, 0, 0, 0, 0, 
0, 0, 0, 0, 0, 
0.042599, 0, 0, 0, 0, 
0, 0, 0, 0, 0, 
0, 0, 0, 0, 0, 
0, 0, 0, 0, 0, 
0, 0, 0, 0, 0, 
0, 0, 0, 0, 0, 
0, 0, 0, 0, 0, 
0, 0, 0, 0, 0, 
0, 0, 0, 0, 0, 
0, 0, 0, 0, 0, 
0, 0, 0, 0, 0, 
0.214814, 0, 0, 0, 0, 
0, 0, 0, 0, 0, 
0, 0, 0, 0, 0, 
0, 0, 0, 0, 0, 
0, 0, 0, 0, 0, 
0, 0, 0, 0, 0, 
0, 0, 0, 0, 0, 
0, 0, 0, 0, 0, 
0, 0, 0, 0, 0, 
0.086315, 0, 0, 0, 0, 
0, 0, 0, 0, 0, 
0, 0, 0, 0, 0, 
0, 0, 0, 0, 0, 
0, 0, 0, 0, 0, 
0, 0, 0, 0, 0, 
0, 0, 0, 0, 0, 
0, 0, 0, 0, 0, 
0, 0, 0, 0, 0, 
0, 0, 0, 0, 0, 
0, 0, 0, 0, 0, 
0.117254, 0, 0, 0, 0, 
0, 0, 0, 0, 0, 
0, 0, 0, 0, 0, 
0, 0, 0, 0, 0, 
0, 0, 0, 0, 0, 
0, 0, 0, 0, 0, 
0, 0, 0, 0, 0, 
0, 0, 0, 0, 0, 
0, 0, 0, 0, 0, 
0, 0, 0, 0, 0, 
0.250857, 0, 0, 0, 0, 
0, 0, 0, 0, 0, 
0, 0, 0, 0, 0, 
0, 0, 0, 0, 0, 
0, 0, 0, 0, 0, 
0, 0, 0, 0, 0, 
0, 0, 0, 0, 0, 
0, 0, 0, 0, 0, 
0, 0, 0, 0, 0, 
0.029715, 0, 0, 0, 0, 
0, 0, 0, 0, 0, 
0, 0, 0, 0, 0, 
0, 0, 0, 0, 0, 
0, 0, 0, 0, 0, 
0, 0, 0, 0, 0, 
0, 0, 0, 0, 0, 
0, 0, 0, 0, 0, 
0, 0, 0, 0, 0, 
0, 0, 0, 0, 0, 
0, 0, 0, 0, 0, 
0.33958, 0, 0, 0, 0, 
0, 0, 0, 0, 0, 
0, 0, 0, 0, 0, 
0, 0, 0, 0, 0, 
0, 0, 0, 0, 0, 
0, 0, 0, 0, 0, 
0, 0, 0, 0, 0, 
0, 0, 0, 0, 0, 
0, 0, 0, 0, 0, 
0.120018, 0, 0, 0, 0, 
0, 0, 0, 0, 0, 
0, 0, 0, 0, 0, 
0, 0, 0, 0, 0, 
0, 0, 0, 0, 0, 
0, 0, 0, 0, 0, 
0, 0, 0, 0, 0, 
0, 0, 0, 0, 0, 
0, 0, 0, 0, 0, 
0, 0, 0, 0, 0, 
0, 0, 0, 0, 0, 
0.136476, 0, 0, 0, 0, 
0, 0, 0, 0, 0, 
0, 0, 0, 0, 0, 
0, 0, 0, 0, 0, 
0, 0, 0, 0, 0, 
0, 0, 0, 0, 0, 
0, 0, 0, 0, 0, 
0, 0, 0, 0, 0, 
0, 0, 0, 0, 0, 
0, 0, 0, 0, 0, 
0.237767, 0, 0, 0, 0, 
0, 0, 0, 0, 0, 
0, 0, 0, 0, 0, 
0, 0, 0, 0, 0, 
0, 0, 0, 0, 0, 
0, 0, 0, 0, 0, 
0, 0, 0, 0, 0, 
0, 0, 0, 0, 0, 
0, 0, 0, 0, 0, 
0.03612, 0, 0, 0, 0, 
0, 0, 0, 0, 0, 
0, 0, 0, 0, 0, 
0, 0, 0, 0, 0, 
0, 0, 0, 0, 0, 
0, 0, 0, 0, 0, 
0, 0, 0, 0, 0, 
0, 0, 0, 0, 0, 
0, 0, 0, 0, 0, 
0, 0, 0, 0, 0, 
0, 0, 0, 0, 0, 
0.231351, 0, 0, 0, 0, 
0, 0, 0, 0, 0, 
0, 0, 0, 0, 0, 
0, 0, 0, 0, 0, 
0, 0, 0, 0, 0, 
0, 0, 0, 0, 0, 
0, 0, 0, 0, 0, 
0, 0, 0, 0, 0, 
0, 0, 0, 0, 0, 
0, 0, 0, 0, 0, 
0.141051, 0, 0, 0, 0, 
0, 0, 0, 0, 0, 
0, 0, 0, 0, 0, 
0, 0, 0, 0, 0, 
0, 0, 0, 0, 0, 
0, 0, 0, 0, 0, 
0, 0, 0, 0, 0, 
0, 0, 0, 0, 0, 
0, 0, 0, 0, 0, 
0, 0, 0, 0, 0, 
0.135898, 0, 0, 0, 0, 
0, 0, 0, 0, 0, 
0, 0, 0, 0, 0, 
0, 0, 0, 0, 0, 
0, 0, 0, 0, 0, 
0, 0, 0, 0, 0, 
0, 0, 0, 0, 0, 
0, 0, 0, 0, 0, 
0, 0, 0, 0, 0, 
0, 0, 0, 0, 0, 
0.367098, 0, 0, 0, 0, 
0, 0, 0, 0, 0, 
0, 0, 0, 0, 0, 
0, 0, 0, 0, 0, 
0, 0, 0, 0, 0, 
0, 0, 0, 0, 0, 
0, 0, 0, 0, 0, 
0, 0, 0, 0, 0, 
0, 0, 0, 0, 0, 
0.043114, 0, 0, 0, 0, 
0, 0, 0, 0, 0, 
0, 0, 0, 0, 0, 
0, 0, 0, 0, 0, 
0, 0, 0, 0, 0, 
0, 0, 0, 0, 0, 
0, 0, 0, 0, 0, 
0, 0, 0, 0, 0, 
0, 0, 0, 0, 0, 
0, 0, 0, 0, 0, 
0, 0, 0, 0, 0, 
0.233199, 0, 0, 0, 0, 
0, 0, 0, 0, 0, 
0, 0, 0, 0, 0, 
0, 0, 0, 0, 0, 
0, 0, 0, 0, 0, 
0, 0, 0, 0, 0, 
0, 0, 0, 0, 0, 
0, 0, 0, 0, 0, 
0, 0, 0, 0, 0, 
0, 0, 0, 0, 0, 
0.091848, 0, 0, 0, 0, 
0, 0, 0, 0, 0, 
0, 0, 0, 0, 0, 
0, 0, 0, 0, 0, 
0, 0, 0, 0, 0, 
0, 0, 0, 0, 0, 
0, 0, 0, 0, 0, 
0, 0, 0, 0, 0, 
0, 0, 0, 0, 0, 
0.127846, 0, 0, 0, 0, 
0, 0, 0, 0, 0, 
0, 0, 0, 0, 0, 
0, 0, 0, 0, 0, 
0, 0, 0, 0, 0, 
0, 0, 0, 0, 0, 
0, 0, 0, 0, 0, 
0, 0, 0, 0, 0, 
0, 0, 0, 0, 0, 
0, 0, 0, 0, 0, 
0, 0, 0, 0, 0, 
0.421482, 0, 0, 0, 0, 
0, 0, 0, 0, 0, 
0, 0, 0, 0, 0, 
0, 0, 0, 0, 0, 
0, 0, 0, 0, 0, 
0, 0, 0, 0, 0, 
0, 0, 0, 0, 0, 
0, 0, 0, 0, 0, 
0, 0, 0, 0, 0, 
0.032777, 0, 0, 0, 0, 
0, 0, 0, 0, 0, 
0, 0, 0, 0, 0, 
0, 0, 0, 0, 0, 
0, 0, 0, 0, 0, 
0, 0, 0, 0, 0, 
0, 0, 0, 0, 0, 
0, 0, 0, 0, 0, 
0, 0, 0, 0, 0, 
0, 0, 0, 0, 0, 
0.247937, 0, 0, 0, 0, 
0, 0, 0, 0, 0, 
0, 0, 0, 0, 0, 
0, 0, 0, 0, 0, 
0, 0, 0, 0, 0, 
0, 0, 0, 0, 0, 
0, 0, 0, 0, 0, 
0, 0, 0, 0, 0, 
0, 0, 0, 0, 0, 
0, 0, 0, 0, 0, 
0.094148, 0, 0, 0, 0, 
0, 0, 0, 0, 0, 
0, 0, 0, 0, 0, 
0, 0, 0, 0, 0, 
0, 0, 0, 0, 0, 
0, 0, 0, 0, 0, 
0, 0, 0, 0, 0, 
0, 0, 0, 0, 0, 
0, 0, 0, 0, 0, 
0, 0, 0, 0, 0, 
0.157082, 0, 0, 0, 0, 
0, 0, 0, 0, 0, 
0, 0, 0, 0, 0, 
0, 0, 0, 0, 0, 
0, 0, 0, 0, 0, 
0, 0, 0, 0, 0, 
0, 0, 0, 0, 0, 
0, 0, 0, 0, 0, 
0, 0, 0, 0, 0, 
0, 0, 0, 0, 0, 
0.312228, 0, 0, 0, 0, 
0, 0, 0, 0, 0, 
0, 0, 0, 0, 0, 
0, 0, 0, 0, 0, 
0, 0, 0, 0, 0, 
0, 0, 0, 0, 0, 
0, 0, 0, 0, 0, 
0, 0, 0, 0, 0, 
0, 0, 0, 0, 0, 
0, 0, 0, 0, 0, 
0.037332, 0, 0, 0, 0, 
0, 0, 0, 0, 0, 
0, 0, 0, 0, 0, 
0, 0, 0, 0, 0, 
0, 0, 0, 0, 0, 
0, 0, 0, 0, 0, 
0, 0, 0, 0, 0, 
0, 0, 0, 0, 0, 
0, 0, 0, 0, 0, 
0, 0, 0, 0, 0, 
0, 0, 0, 0, 0, 
0.204749, 0, 0, 0, 0, 
0, 0, 0, 0, 0, 
0, 0, 0, 0, 0, 
0, 0, 0, 0, 0, 
0, 0, 0, 0, 0, 
0, 0, 0, 0, 0, 
0, 0, 0, 0, 0, 
0, 0, 0, 0, 0, 
0, 0, 0, 0, 0, 
0, 0, 0, 0, 0, 
0.083731, 0, 0, 0, 0, 
0, 0, 0, 0, 0, 
0, 0, 0, 0, 0, 
0, 0, 0, 0, 0, 
0, 0, 0, 0, 0, 
0, 0, 0, 0, 0, 
0, 0, 0, 0, 0, 
0, 0, 0, 0, 0, 
0, 0, 0, 0, 0, 
0, 0, 0, 0, 0, 
0.132932, 0, 0, 0, 0, 
0, 0, 0, 0, 0, 
0, 0, 0, 0, 0, 
0, 0, 0, 0, 0, 
0, 0, 0, 0, 0, 
0, 0, 0, 0, 0, 
0, 0, 0, 0, 0, 
0, 0, 0, 0, 0, 
0, 0, 0, 0, 0, 
0, 0, 0, 0, 0, 
0.278091, 0, 0, 0, 0, 
0, 0, 0, 0, 0, 
0, 0, 0, 0, 0, 
0, 0, 0, 0, 0, 
0, 0, 0, 0, 0, 
0, 0, 0, 0, 0, 
0, 0, 0, 0, 0, 
0, 0, 0, 0, 0, 
0, 0, 0, 0, 0, 
0.023607, 0, 0, 0, 0, 
0, 0, 0, 0, 0, 
0, 0, 0, 0, 0, 
0, 0, 0, 0, 0, 
0, 0, 0, 0, 0, 
0, 0, 0, 0, 0, 
0, 0, 0, 0, 0, 
0, 0, 0, 0, 0, 
0, 0, 0, 0, 0, 
0, 0, 0, 0, 0, 
0, 0, 0, 0, 0, 
0.266694, 0, 0, 0, 0, 
0, 0, 0, 0, 0, 
0, 0, 0, 0, 0, 
0, 0, 0, 0, 0, 
0, 0, 0, 0, 0, 
0, 0, 0, 0, 0, 
0, 0, 0, 0, 0, 
0, 0, 0, 0, 0, 
0, 0, 0, 0, 0, 
0, 0, 0, 0, 0, 
0.100987, 0, 0, 0, 0, 
0, 0, 0, 0, 0, 
0, 0, 0, 0, 0, 
0, 0, 0, 0, 0, 
0, 0, 0, 0, 0, 
0, 0, 0, 0, 0, 
0, 0, 0, 0, 0, 
0, 0, 0, 0, 0, 
0, 0, 0, 0, 0, 
0, 0, 0, 0, 0, 
0.115071, 0, 0, 0, 0, 
0, 0, 0, 0, 0, 
0, 0, 0, 0, 0, 
0, 0, 0, 0, 0, 
0, 0, 0, 0, 0, 
0, 0, 0, 0, 0, 
0, 0, 0, 0, 0, 
0, 0, 0, 0, 0, 
0, 0, 0, 0, 0, 
0, 0, 0, 0, 0, 
0.272534, 0, 0, 0, 0, 
0, 0, 0, 0, 0, 
0, 0, 0, 0, 0, 
0, 0, 0, 0, 0, 
0, 0, 0, 0, 0, 
0, 0, 0, 0, 0, 
0, 0, 0, 0, 0, 
0, 0, 0, 0, 0, 
0, 0, 0, 0, 0, 
0.041375, 0, 0, 0, 0, 
0, 0, 0, 0, 0, 
0, 0, 0, 0, 0, 
0, 0, 0, 0, 0, 
0, 0, 0, 0, 0, 
0, 0, 0, 0, 0, 
0, 0, 0, 0, 0, 
0, 0, 0, 0, 0, 
0, 0, 0, 0, 0, 
0, 0, 0, 0, 0, 
0, 0, 0, 0, 0, 
0, 0, 0, 0, 0, 
0.225834, 0, 0, 0, 0, 
0, 0, 0, 0, 0, 
0, 0, 0, 0, 0, 
0, 0, 0, 0, 0, 
0, 0, 0, 0, 0, 
0, 0, 0, 0, 0, 
0, 0, 0, 0, 0, 
0, 0, 0, 0, 0, 
0, 0, 0, 0, 0, 
0.087548, 0, 0, 0, 0, 
0, 0, 0, 0, 0, 
0, 0, 0, 0, 0, 
0, 0, 0, 0, 0, 
0, 0, 0, 0, 0, 
0, 0, 0, 0, 0, 
0, 0, 0, 0, 0, 
0, 0, 0, 0, 0, 
0, 0, 0, 0, 0, 
0, 0, 0, 0, 0, 
0.099384, 0, 0, 0, 0, 
0, 0, 0, 0, 0, 
0, 0, 0, 0, 0, 
0, 0, 0, 0, 0, 
0, 0, 0, 0, 0, 
0, 0, 0, 0, 0, 
0, 0, 0, 0, 0, 
0, 0, 0, 0, 0, 
0, 0, 0, 0, 0, 
0, 0, 0, 0, 0, 
0.427257, 0, 0, 0, 0, 
0, 0, 0, 0, 0, 
0, 0, 0, 0, 0, 
0, 0, 0, 0, 0, 
0, 0, 0, 0, 0, 
0, 0, 0, 0, 0, 
0, 0, 0, 0, 0, 
0, 0, 0, 0, 0, 
0, 0, 0, 0, 0, 
0.030934, 0, 0, 0, 0, 
0, 0, 0, 0, 0, 
0, 0, 0, 0, 0, 
0, 0, 0, 0, 0, 
0, 0, 0, 0, 0, 
0, 0, 0, 0, 0, 
0, 0, 0, 0, 0, 
0, 0, 0, 0, 0, 
0, 0, 0, 0, 0, 
0, 0, 0, 0, 0, 
0, 0, 0, 0, 0, 
0.335489, 0, 0, 0, 0, 
0, 0, 0, 0, 0, 
0, 0, 0, 0, 0, 
0, 0, 0, 0, 0, 
0, 0, 0, 0, 0, 
0, 0, 0, 0, 0, 
0, 0, 0, 0, 0, 
0, 0, 0, 0, 0, 
0, 0, 0, 0, 0, 
0.110354, 0, 0, 0, 0, 
0, 0, 0, 0, 0, 
0, 0, 0, 0, 0, 
0, 0, 0, 0, 0, 
0, 0, 0, 0, 0, 
0, 0, 0, 0, 0, 
0, 0, 0, 0, 0, 
0, 0, 0, 0, 0, 
0, 0, 0, 0, 0, 
0, 0, 0, 0, 0, 
0, 0, 0, 0, 0, 
0.095252, 0, 0, 0, 0, 
0, 0, 0, 0, 0, 
0, 0, 0, 0, 0, 
0, 0, 0, 0, 0, 
0, 0, 0, 0, 0, 
0, 0, 0, 0, 0, 
0, 0, 0, 0, 0, 
0, 0, 0, 0, 0, 
0, 0, 0, 0, 0, 
0, 0, 0, 0, 0, 
0.247451, 0, 0, 0, 0, 
0, 0, 0, 0, 0, 
0, 0, 0, 0, 0, 
0, 0, 0, 0, 0, 
0, 0, 0, 0, 0, 
0, 0, 0, 0, 0, 
0, 0, 0, 0, 0, 
0, 0, 0, 0, 0, 
0, 0, 0, 0, 0, 
0.035465, 0, 0, 0, 0, 
0, 0, 0, 0, 0, 
0, 0, 0, 0, 0, 
0, 0, 0, 0, 0, 
0, 0, 0, 0, 0, 
0, 0, 0, 0, 0, 
0, 0, 0, 0, 0, 
0, 0, 0, 0, 0, 
0, 0, 0, 0, 0, 
0, 0, 0, 0, 0, 
0, 0, 0, 0, 0, 
0.382045, 0, 0, 0, 0, 
0, 0, 0, 0, 0, 
0, 0, 0, 0, 0, 
0, 0, 0, 0, 0, 
0, 0, 0, 0, 0, 
0, 0, 0, 0, 0, 
0, 0, 0, 0, 0, 
0, 0, 0, 0, 0, 
0, 0, 0, 0, 0, 
0, 0, 0, 0, 0, 
0.071944, 0, 0, 0, 0, 
0, 0, 0, 0, 0, 
0, 0, 0, 0, 0, 
0, 0, 0, 0, 0, 
0, 0, 0, 0, 0, 
0, 0, 0, 0, 0, 
0, 0, 0, 0, 0, 
0, 0, 0, 0, 0, 
0, 0, 0, 0, 0, 
0, 0, 0, 0, 0, 
0.123457, 0, 0, 0, 0, 
0, 0, 0, 0, 0, 
0, 0, 0, 0, 0, 
0, 0, 0, 0, 0, 
0, 0, 0, 0, 0, 
0, 0, 0, 0, 0, 
0, 0, 0, 0, 0, 
0, 0, 0, 0, 0, 
0, 0, 0, 0, 0, 
0, 0, 0, 0, 0, 
0.430365, 0, 0, 0, 0, 
0, 0, 0, 0, 0, 
0, 0, 0, 0, 0, 
0, 0, 0, 0, 0, 
0, 0, 0, 0, 0, 
0, 0, 0, 0, 0, 
0, 0, 0, 0, 0, 
0, 0, 0, 0, 0, 
0, 0, 0, 0, 0, 
0.032445, 0, 0, 0, 0, 
0, 0, 0, 0, 0, 
0, 0, 0, 0, 0, 
0, 0, 0, 0, 0, 
0, 0, 0, 0, 0, 
0, 0, 0, 0, 0, 
0, 0, 0, 0, 0, 
0, 0, 0, 0, 0, 
0, 0, 0, 0, 0, 
0, 0, 0, 0, 0, 
0, 0, 0, 0, 0, 
0.20968, 0, 0, 0, 0, 
0, 0, 0, 0, 0, 
0, 0, 0, 0, 0, 
0, 0, 0, 0, 0, 
0, 0, 0, 0, 0, 
0, 0, 0, 0, 0, 
0, 0, 0, 0, 0, 
0, 0, 0, 0, 0, 
0, 0, 0, 0, 0, 
0.093189, 0, 0, 0, 0, 
0, 0, 0, 0, 0, 
0, 0, 0, 0, 0, 
0, 0, 0, 0, 0, 
0, 0, 0, 0, 0, 
0, 0, 0, 0, 0, 
0, 0, 0, 0, 0, 
0, 0, 0, 0, 0, 
0, 0, 0, 0, 0, 
0, 0, 0, 0, 0, 
0, 0, 0, 0, 0, 
0.101381, 0, 0, 0, 0, 
0, 0, 0, 0, 0, 
0, 0, 0, 0, 0, 
0, 0, 0, 0, 0, 
0, 0, 0, 0, 0, 
0, 0, 0, 0, 0, 
0, 0, 0, 0, 0, 
0, 0, 0, 0, 0, 
0, 0, 0, 0, 0, 
0, 0, 0, 0, 0, 
0.241077, 0, 0, 0, 0, 
0, 0, 0, 0, 0, 
0, 0, 0, 0, 0, 
0, 0, 0, 0, 0, 
0, 0, 0, 0, 0, 
0, 0, 0, 0, 0, 
0, 0, 0, 0, 0, 
0, 0, 0, 0, 0, 
0, 0, 0, 0, 0, 
0.020083, 0, 0, 0, 0, 
0, 0, 0, 0, 0, 
0, 0, 0, 0, 0, 
0, 0, 0, 0, 0, 
0, 0, 0, 0, 0, 
0, 0, 0, 0, 0, 
0, 0, 0, 0, 0, 
0, 0, 0, 0, 0, 
0, 0, 0, 0, 0, 
0, 0, 0, 0, 0, 
0, 0, 0, 0, 0, 
0.208832, 0, 0, 0, 0, 
0, 0, 0, 0, 0, 
0, 0, 0, 0, 0, 
0, 0, 0, 0, 0, 
0, 0, 0, 0, 0, 
0, 0, 0, 0, 0, 
0, 0, 0, 0, 0, 
0, 0, 0, 0, 0, 
0, 0, 0, 0, 0, 
0, 0, 0, 0, 0, 
0.080746, 0, 0, 0, 0, 
0, 0, 0, 0, 0, 
0, 0, 0, 0, 0, 
0, 0, 0, 0, 0, 
0, 0, 0, 0, 0, 
0, 0, 0, 0, 0, 
0, 0, 0, 0, 0, 
0, 0, 0, 0, 0, 
0, 0, 0, 0, 0, 
0, 0, 0, 0, 0, 
0.078004, 0, 0, 0, 0, 
0, 0, 0, 0, 0, 
0, 0, 0, 0, 0, 
0, 0, 0, 0, 0, 
0, 0, 0, 0, 0, 
0, 0, 0, 0, 0, 
0, 0, 0, 0, 0, 
0, 0, 0, 0, 0, 
0, 0, 0, 0, 0, 
0, 0, 0, 0, 0, 
0.397355, 0, 0, 0, 0, 
0, 0, 0, 0, 0, 
0, 0, 0, 0, 0, 
0, 0, 0, 0, 0, 
0, 0, 0, 0, 0, 
0, 0, 0, 0, 0, 
0, 0, 0, 0, 0, 
0, 0, 0, 0, 0, 
0, 0, 0, 0, 0, 
0.05117, 0, 0, 0, 0, 
0, 0, 0, 0, 0, 
0, 0, 0, 0, 0, 
0, 0, 0, 0, 0, 
0, 0, 0, 0, 0, 
0, 0, 0, 0, 0, 
0, 0, 0, 0, 0, 
0, 0, 0, 0, 0, 
0, 0, 0, 0, 0, 
0, 0, 0, 0, 0, 
0, 0, 0, 0, 0, 
0.223115, 0, 0, 0, 0, 
0, 0, 0, 0, 0, 
0, 0, 0, 0, 0, 
0, 0, 0, 0, 0, 
0, 0, 0, 0, 0, 
0, 0, 0, 0, 0, 
0, 0, 0, 0, 0, 
0, 0, 0, 0, 0, 
0, 0, 0, 0, 0, 
0.091253, 0, 0, 0, 0, 
0, 0, 0, 0, 0, 
0, 0, 0, 0, 0, 
0, 0, 0, 0, 0, 
0, 0, 0, 0, 0, 
0, 0, 0, 0, 0, 
0, 0, 0, 0, 0, 
0, 0, 0, 0, 0, 
0, 0, 0, 0, 0, 
0, 0, 0, 0, 0, 
0, 0, 0, 0, 0, 
0.092871, 0, 0, 0, 0, 
0, 0, 0, 0, 0, 
0, 0, 0, 0, 0, 
0, 0, 0, 0, 0, 
0, 0, 0, 0, 0, 
0, 0, 0, 0, 0, 
0, 0, 0, 0, 0, 
0, 0, 0, 0, 0, 
0, 0, 0, 0, 0, 
0, 0, 0, 0, 0, 
0.199366, 0, 0, 0, 0, 
0, 0, 0, 0, 0, 
0, 0, 0, 0, 0, 
0, 0, 0, 0, 0, 
0, 0, 0, 0, 0, 
0, 0, 0, 0, 0, 
0, 0, 0, 0, 0, 
0, 0, 0, 0, 0, 
0, 0, 0, 0, 0, 
0.032296, 0, 0, 0, 0, 
0, 0, 0, 0, 0, 
0, 0, 0, 0, 0, 
0, 0, 0, 0, 0, 
0, 0, 0, 0, 0, 
0, 0, 0, 0, 0, 
0, 0, 0, 0, 0, 
0, 0, 0, 0, 0, 
0, 0, 0, 0, 0, 
0, 0, 0, 0, 0, 
0, 0, 0, 0, 0, 
0.238428, 0, 0, 0, 0, 
0, 0, 0, 0, 0, 
0, 0, 0, 0, 0, 
0, 0, 0, 0, 0, 
0, 0, 0, 0, 0, 
0, 0, 0, 0, 0, 
0, 0, 0, 0, 0, 
0, 0, 0, 0, 0, 
0, 0, 0, 0, 0, 
0, 0, 0, 0, 0, 
0.080266, 0, 0, 0, 0, 
0, 0, 0, 0, 0, 
0, 0, 0, 0, 0, 
0, 0, 0, 0, 0, 
0, 0, 0, 0, 0, 
0, 0, 0, 0, 0, 
0, 0, 0, 0, 0, 
0, 0, 0, 0, 0, 
0, 0, 0, 0, 0, 
0, 0, 0, 0, 0, 
0.147965, 0, 0, 0, 0, 
0, 0, 0, 0, 0, 
0, 0, 0, 0, 0, 
0, 0, 0, 0, 0, 
0, 0, 0, 0, 0, 
0, 0, 0, 0, 0, 
0, 0, 0, 0, 0, 
0, 0, 0, 0, 0, 
0, 0, 0, 0, 0, 
0, 0, 0, 0, 0, 
0.352182, 0, 0, 0, 0, 
0, 0, 0, 0, 0, 
0, 0, 0, 0, 0, 
0, 0, 0, 0, 0, 
0, 0, 0, 0, 0, 
0, 0, 0, 0, 0, 
0, 0, 0, 0, 0, 
0, 0, 0, 0, 0, 
0, 0, 0, 0, 0, 
0.047184, 0, 0, 0, 0, 
0, 0, 0, 0, 0, 
0, 0, 0, 0, 0, 
0, 0, 0, 0, 0, 
0, 0, 0, 0, 0, 
0, 0, 0, 0, 0, 
0, 0, 0, 0, 0, 
0, 0, 0, 0, 0, 
0, 0, 0, 0, 0, 
0, 0, 0, 0, 0, 
0, 0, 0, 0, 0, 
0, 0, 0, 0, 0, 
0.435939, 0, 0, 0, 0, 
0, 0, 0, 0, 0, 
0, 0, 0, 0, 0, 
0, 0, 0, 0, 0, 
0, 0, 0, 0, 0, 
0, 0, 0, 0, 0, 
0, 0, 0, 0, 0, 
0, 0, 0, 0, 0, 
0, 0, 0, 0, 0, 
0.114868, 0, 0, 0, 0, 
0, 0, 0, 0, 0, 
0, 0, 0, 0, 0, 
0, 0, 0, 0, 0, 
0, 0, 0, 0, 0, 
0, 0, 0, 0, 0, 
0, 0, 0, 0, 0, 
0, 0, 0, 0, 0, 
0, 0, 0, 0, 0, 
0, 0, 0, 0, 0, 
0.150296, 0, 0, 0, 0, 
0, 0, 0, 0, 0, 
0, 0, 0, 0, 0, 
0, 0, 0, 0, 0, 
0, 0, 0, 0, 0, 
0.323166, 0, 0, 0.335651, 0.000957, 
0, 0, 0, 0.242771, 0.000395, 
0, 0, 0, 0.379842, 0.000742, 
0, 0, 0, 0.394004, 0.000869, 
0.020463, 0, 0, 0.258045, 0.000706, 
0, 0, 0, 0.279707, 0.000851, 
0, 0, 0, 0.290309, 0.000848, 
0, 0, 0, 0.347775, 0.001065, 
0, 0, 0, 0.523374, 0.002006, 
0, 0, 0, 0.268438, 0.000417, 
0, 0, 0, 0.26604, 0.000926, 
0, 0, 0, 0.308405, 0.001006, 
0, 0, 0, 0.271219, 0.001018, 
0, 0, 0, 0.269268, 0.000755, 
0, 0, 0, 0.430112, 0.00096, 
0.367904, 0, 0, 0.405886, 0.00112, 
0, 0, 0, 0.393875, 0.0009, 
0, 0, 0, 0.427172, 0.00102, 
0, 0, 0, 0.43215, 0.001027, 
0, 0, 0, 0.383026, 0.000702, 
0, 0, 0, 0.401191, 0.000546, 
0, 0, 0, 0.397002, 0.000943, 
0, 0, 0, 0.257895, 0.000628, 
0, 0, 0, 0.262251, 0.000612, 
0.122638, 0, 0, 0.403467, 0.001366, 
0, 0, 0, 0.418471, 0.00098, 
0, 0, 0, 0.252195, 0.000607, 
0, 0, 0, 0.283346, 0.000895, 
0, 0, 0, 0.428149, 0.001055, 
0, 0, 0, 0.404333, 0.00099, 
0, 0, 0, 0.383737, 0.000805, 
0, 0, 0, 0.256766, 0.000988, 
0, 0, 0, 0.26198, 0.000453, 
0, 0, 0, 0.445688, 0.001356, 
0.106385, 0, 0, 0.260551, 0.001095, 
0, 0, 0, 0.266901, 0.000706, 
0, 0, 0, 0.429172, 0.001066, 
0, 0, 0, 0.406886, 0.001001, 
0, 0, 0, 0.276014, 0.000836, 
0, 0, 0, 0.273216, 0.000644, 
0, 0, 0, 0.269607, 0.00058, 
0, 0, 0, 0.281238, 0.000653, 
0, 0, 0, 0.248857, 0.000842, 
0, 0, 0, 0.273382, 0.000683, 
0, 0, 0, 0.267673, 0.000792, 
0.258642, 0, 0, 0.268194, 0.00075, 
0, 0, 0, 0.277136, 0.000704, 
0, 0, 0, 0.312894, 0.000896, 
0, 0, 0, 0.29295, 0.000624, 
0, 0, 0, 0.271564, 0.000695, 
0, 0, 0, 0.260978, 0.00059, 
0, 0, 0, 0.431487, 0.000871, 
0, 0, 0, 0.409311, 0.000993, 
0, 0, 0, 0.264418, 0.000786, 
0.026074, 0, 0, 0.267042, 0.000567, 
0, 0, 0, 0.274866, 0.000672, 
0, 0, 0, 0.281347, 0.000807, 
0, 0, 0, 0.26939, 0.000755, 
0, 0, 0, 0.428622, 0.000963, 
0, 0, 0, 0.399525, 0.000575, 
0, 0, 0, 0.270064, 0.000964, 
0, 0, 0, 0.267846, 0.000572, 
0, 0, 0, 0.266467, 0.00072, 
0, 0, 0, 0.273121, 0.000793, 
0, 0, 0, 0.258149, 0.000907, 
0.46146, 0, 0, 0.26452, 0.000573, 
0, 0, 0, 0.447027, 0.001119, 
0, 0, 0, 0.446874, 0.001267, 
0, 0, 0, 0.443355, 0.001455, 
0, 0, 0, 0.406107, 0.000937, 
0, 0, 0, 0.403016, 0.001005, 
0, 0, 0, 0.388992, 0.000822, 
0, 0, 0, 0.39229, 0.001271, 
0, 0, 0, 0.270437, 0.00076, 
0, 0, 0, 0.259007, 0.000578, 
0.123896, 0, 0, 0.266957, 0.000995, 
0, 0, 0, 0.447931, 0.001069, 
0, 0, 0, 0.300498, 0.000892, 
0, 0, 0, 0.441935, 0.00092, 
0, 0, 0, 0.281373, 0.000782, 
0, 0, 0, 0.412492, 0.001033, 
0, 0, 0, 0.283346, 0.000624, 
0, 0, 0, 0.284627, 0.000541, 
0, 0, 0, 0.292379, 0.000893, 
0.108047, 0, 0, 0.27253, 0.00073, 
0, 0, 0, 0.294268, 0.000955, 
0, 0, 0, 0.258555, 0.000771, 
0, 0, 0, 0.298406, 0.0006, 
0, 0, 0, 0.277663, 0.001013, 
0, 0, 0, 0.330846, 0.000784, 
0, 0, 0, 0.250334, 0.000601, 
0, 0, 0, 0.264168, 0.000538, 
0, 0, 0, 0.2723, 0.000595, 
0, 0, 0, 0.270276, 0.000616, 
0, 0, 0, 0.25714, 0.000629, 
0.324465, 0, 0, 0.281392, 0.000859, 
0, 0, 0, 0.254477, 0.000467, 
0, 0, 0, 0.265857, 0.00073, 
0, 0, 0, 0.259896, 0.000617, 
0, 0, 0, 0.256546, 0.000576, 
0, 0, 0, 0.373689, 0.000875, 
0, 0, 0, 0.267362, 0.000766, 
0, 0, 0, 0.273539, 0.000724, 
0, 0, 0, 0.346184, 0.000611, 
0.023976, 0, 0, 0.255908, 0.000727, 
0, 0, 0, 0.258664, 0.000521, 
0, 0, 0, 0.267734, 0.000565, 
0, 0, 0, 0.277118, 0.000732, 
0, 0, 0, 0.27754, 0.000677, 
0, 0, 0, 0.227824, 0.000272, 
0, 0, 0, 0.289553, 0.000689, 
0, 0, 0, 0.270215, 0.000558, 
0, 0, 0, 0.258466, 0.000756, 
0, 0, 0, 0.281682, 0.000514, 
0, 0, 0, 0.342691, 0.000572, 
0.36519, 0, 0, 0.278342, 0.000809, 
0, 0, 0, 0.324429, 0.000874, 
0, 0, 0, 0.299221, 0.000833, 
0, 0, 0, 0.312612, 0.001642, 
0, 0, 0, 0.275786, 0.000722, 
0, 0, 0, 0.26143, 0.000901, 
0, 0, 0, 0.266865, 0.00057, 
0, 0, 0, 0.25643, 0.000623, 
0, 0, 0, 0.439465, 0.00097, 
0.148377, 0, 0, 0.410281, 0.001007, 
0, 0, 0, 0.258096, 0.001075, 
0, 0, 0, 0.410506, 0.001378, 
0, 0, 0, 0.445033, 0.001295, 
0, 0, 0, 0.272263, 0.000824, 
0, 0, 0, 0.287783, 0.000984, 
0, 0, 0, 0.420777, 0.001082, 
0, 0, 0, 0.281435, 0.000795, 
0, 0, 0, 0.258578, 0.000597, 
0, 0, 0, 0.404831, 0.000832, 
0, 0, 0, 0.408212, 0.000995, 
0.142267, 0, 0, 0.429434, 0.001347, 
0, 0, 0, 0.410518, 0.000962, 
0, 0, 0, 0.396841, 0.000815, 
0, 0, 0, 0.395568, 0.000969, 
0, 0, 0, 0.297597, 0.000694, 
0, 0, 0, 0.270597, 0.000735, 
0, 0, 0, 0.371729, 0.000625, 
0, 0, 0, 0.426414, 0.001113, 
0, 0, 0, 0.413962, 0.001001, 
0, 0, 0, 0.276537, 0.000747, 
0.385624, 0, 0, 0.26285, 0.000691, 
0, 0, 0, 0.418261, 0.000908, 
0, 0, 0, 0.402472, 0.000742, 
0, 0, 0, 0.418646, 0.001281, 
0, 0, 0, 0.410609, 0.000915, 
0, 0, 0, 0.273728, 0.000699, 
0, 0, 0, 0.423016, 0.000788, 
0, 0, 0, 0.394545, 0.00075, 
0, 0, 0, 0.395576, 0.000948, 
0.042149, 0, 0, 0.298416, 0.000719, 
0, 0, 0, 0.267744, 0.000611, 
0, 0, 0, 0.259531, 0.000901, 
0, 0, 0, 0.284905, 0.00089, 
0, 0, 0, 0.270623, 0.000725, 
0, 0, 0, 0.234613, 0.000522, 
0, 0, 0, 0.336923, 0.000564, 
0, 0, 0, 0.276063, 0.000997, 
0, 0, 0, 0.256789, 0.000742, 
0, 0, 0, 0.258612, 0.000467, 
0, 0, 0, 0.263871, 0.001053, 
0.363931, 0, 0, 0.261058, 0.000491, 
0, 0, 0, 0.255496, 0.000631, 
0, 0, 0, 0.278908, 0.000743, 
0, 0, 0, 0.429713, 0.00088, 
0, 0, 0, 0.259516, 0.000939, 
0, 0, 0, 0.243591, 0.000527, 
0, 0, 0, 0.406642, 0.000928, 
0, 0, 0, 0.274585, 0.000646, 
0, 0, 0, 0.406381, 0.001006, 
0.102318, 0, 0, 0.266227, 0.000627, 
0, 0, 0, 0.256577, 0.000461, 
0, 0, 0, 0.437223, 0.000746, 
0, 0, 0, 0.410484, 0.001026, 
0, 0, 0, 0.397024, 0.001108, 
0, 0, 0, 0.416064, 0.000864, 
0, 0, 0, 0.404395, 0.000842, 
0, 0, 0, 0.281368, 0.001202, 
0, 0, 0, 0.252266, 0.000578, 
0, 0, 0, 0.269828, 0.00061, 
0.116566, 0, 0, 0.26826, 0.000968, 
0, 0, 0, 0.299893, 0.000761, 
0, 0, 0, 0.261171, 0.000448, 
0, 0, 0, 0.274202, 0.000758, 
0, 0, 0, 0.268512, 0.000664, 
0, 0, 0, 0.273214, 0.000617, 
0, 0, 0, 0.426809, 0.000845, 
0, 0, 0, 0.391661, 0.000996, 
0, 0, 0, 0.377279, 0.00081, 
0, 0, 0, 0.393615, 0.000944, 
0, 0, 0, 0.256216, 0.000761, 
0.358384, 0, 0, 0.343386, 0.000469, 
0, 0, 0, 0.274289, 0.000624, 
0, 0, 0, 0.261255, 0.00053, 
0, 0, 0, 0.259036, 0.001018, 
0, 0, 0, 0.265766, 0.000658, 
0, 0, 0, 0.406861, 0.000808, 
0, 0, 0, 0.427831, 0.000964, 
0, 0, 0, 0.410793, 0.0009, 
0, 0, 0, 0.404042, 0.000868, 
0.032047, 0, 0, 0.443709, 0.000928, 
0, 0, 0, 0.286025, 0.000756, 
0, 0, 0, 0.271075, 0.000631, 
0, 0, 0, 0.421907, 0.000963, 
0, 0, 0, 0.261675, 0.001073, 
0, 0, 0, 0.250449, 0.000454, 
0, 0, 0, 0.422449, 0.001167, 
0, 0, 0, 0.275093, 0.000825, 
0, 0, 0, 0.266181, 0.000661, 
0, 0, 0, 0.287432, 0.001095, 
0, 0, 0, 0.262241, 0.000603, 
0.503221, 0, 0, 0.437271, 0.000999, 
0, 0, 0, 0.399574, 0.000825, 
0, 0, 0, 0.300241, 0.001078, 
0, 0, 0, 0.286897, 0.000804, 
0, 0, 0, 0.305108, 0.000665, 
0, 0, 0, 0.276813, 0.00062, 
0, 0, 0, 0.278456, 0.000757, 
0, 0, 0, 0.262037, 0.000672, 
0, 0, 0, 0.288513, 0.000913, 
0, 0, 0, 0.275229, 0.000791, 
0.091473, 0, 0, 0.272823, 0.000579, 
0, 0, 0, 0.280181, 0.000751, 
0, 0, 0, 0.337754, 0.000579, 
0, 0, 0, 0.266623, 0.000585, 
0, 0, 0, 0.269797, 0.000602, 
0, 0, 0, 0.267867, 0.000561, 
0, 0, 0, 0.26385, 0.000477, 
0, 0, 0, 0.279497, 0.000596, 
0, 0, 0, 0.271411, 0.000684, 
0.125474, 0, 0, 0.2625, 0.000605, 
0, 0, 0, 0.357339, 0.000929, 
0, 0, 0, 0.257875, 0.000786, 
0, 0, 0, 0.278478, 0.000528, 
0, 0, 0, 0.268305, 0.000598, 
0, 0, 0, 0.285086, 0.000634, 
0, 0, 0, 0.261301, 0.00046, 
0, 0, 0, 0.267826, 0.000586, 
0, 0, 0, 0.269397, 0.000694, 
0, 0, 0, 0.265014, 0.000538, 
0, 0, 0, 0.378403, 0.000962, 
0.400556, 0, 0, 0.28186, 0.000844, 
0, 0, 0, 0.260811, 0.000679, 
0, 0, 0, 0.274314, 0.000701, 
0, 0, 0, 0.273751, 0.000839, 
0, 0, 0, 0.270972, 0.000788, 
0, 0, 0, 0.290635, 0.000512, 
0, 0, 0, 0.265209, 0.000852, 
0, 0, 0, 0.266552, 0.000459, 
0, 0, 0, 0.271449, 0.000625, 
0.03864, 0, 0, 0.281045, 0.000719, 
0, 0, 0, 0.257909, 0.000975, 
0, 0, 0, 0.258767, 0.000511, 
0, 0, 0, 0.300266, 0.000727, 
0, 0, 0, 0.280148, 0.001159, 
0, 0, 0, 0.237996, 0.000319, 
0, 0, 0, 0.260741, 0.001037, 
0, 0, 0, 0.277459, 0.000788, 
0, 0, 0, 0.265168, 0.000724, 
0, 0, 0, 0.276963, 0.000541, 
0, 0, 0, 0.275449, 0.000712, 
0.403162, 0, 0, 0.264902, 0.000626, 
0, 0, 0, 0.256382, 0.000549, 
0, 0, 0, 0.299153, 0.000929, 
0, 0, 0, 0.261754, 0.000839, 
0, 0, 0, 0.268911, 0.00053, 
0, 0, 0, 0.422754, 0.000915, 
0, 0, 0, 0.290089, 0.002226, 
0, 0, 0, 0.275749, 0.000518, 
0, 0, 0, 0.257259, 0.000611, 
0.150664, 0, 0, 0.264505, 0.000505, 
0, 0, 0, 0.408286, 0.00116, 
0, 0, 0, 0.403578, 0.000879, 
0, 0, 0, 0.396044, 0.001047, 
0, 0, 0, 0.267675, 0.001111, 
0, 0, 0, 0.259605, 0.000577, 
0, 0, 0, 0.274867, 0.000941, 
0, 0, 0, 0.272967, 0.000625, 
0, 0, 0, 0.266058, 0.000546, 
0, 0, 0, 0.419022, 0.000702, 
0.137415, 0, 0, 0.375189, 0.001324, 
0, 0, 0, 0.381575, 0.000609, 
0, 0, 0, 0.284266, 0.000517, 
0, 0, 0, 0.227628, 0.000714, 
0, 0, 0, 0.214154, 0.000688, 
0, 0, 0, 0.255633, 0.001103, 
0, 0, 0, 0.4294, 0.000867, 
0, 0, 0, 0.26818, 0.000717, 
0, 0, 0, 0.291522, 0.000838, 
0, 0, 0, 0.268522, 0.000698, 
0, 0, 0, 0.278784, 0.000657, 
0.32596, 0, 0, 0.275964, 0.000685, 
0, 0, 0, 0.27382, 0.00064, 
0, 0, 0, 0.25753, 0.000511, 
0, 0, 0, 0.430908, 0.001048, 
0, 0, 0, 0.405846, 0.000804, 
0, 0, 0, 0.359509, 0.000489, 
0, 0, 0, 0.272157, 0.00045, 
0, 0, 0, 0.268015, 0.001755, 
0, 0, 0, 0.363228, 0.000767, 
0.044011, 0, 0, 0.257463, 0.000457, 
0, 0, 0, 0.374037, 0.000779, 
0, 0, 0, 0.280428, 0.000777, 
0, 0, 0, 0.278774, 0.000564, 
0, 0, 0, 0.520511, 0.001023, 
0, 0, 0, 0.28205, 0.000447, 
0, 0, 0, 0.268667, 0.001362, 
0, 0, 0, 0.270997, 0.000974, 
0, 0, 0, 0.268012, 0.000596, 
0, 0, 0, 0.291356, 0.000548, 
0, 0, 0, 0.269063, 0.000557, 
0.367656, 0, 0, 0.292643, 0.000589, 
0, 0, 0, 0.263778, 0.000528, 
0, 0, 0, 0.317827, 0.000498, 
0, 0, 0, 0.277517, 0.001083, 
0, 0, 0, 0.269199, 0.000558, 
0, 0, 0, 0.263791, 0.000478, 
0, 0, 0, 0.249188, 0.000443, 
0, 0, 0, 0.25044, 0.000389, 
0, 0, 0, 0.221695, 0.000568, 
0.103761, 0, 0, 0.203126, 0.000842, 
0, 0, 0, 0.211932, 0.00107, 
0, 0, 0, 0.201333, 0.000548, 
0, 0, 0, 0.21385, 0.000664, 
0, 0, 0, 0.204399, 0.000724, 
0, 0, 0, 0.20615, 0.000621, 
0, 0, 0, 0.322327, 0.000706, 
0, 0, 0, 0.326616, 0.000865, 
0, 0, 0, 0.320388, 0.000932, 
0, 0, 0, 0.299876, 0.001049, 
0.088045, 0, 0, 0.213258, 0.000657, 
0, 0, 0, 0.217627, 0.000651, 
0, 0, 0, 0.193011, 0.000835, 
0, 0, 0, 0.27489, 0.001186, 
0, 0, 0, 0.21664, 0.000796, 
0, 0, 0, 0.215489, 0.000727, 
0, 0, 0, 0.203704, 0.000595, 
0, 0, 0, 0.317007, 0.000781, 
0, 0, 0, 0.322635, 0.00118, 
0, 0, 0, 0.305506, 0.000798, 
0, 0, 0, 0.291734, 0.001111, 
0.545255, 0, 0, 0.32077, 0.000886, 
0, 0, 0, 0.267464, 0.001045, 
0, 0, 0, 0.216936, 0.001094, 
0, 0, 0, 0.212428, 0.000819, 
0, 0, 0, 0.202541, 0.000519, 
0, 0, 0, 0.196975, 0.000851, 
0, 0, 0, 0.320244, 0.001092, 
0, 0, 0, 0.201731, 0.000606, 
0, 0, 0, 0.333317, 0.000811, 
0.02387, 0, 0, 0.211239, 0.000756, 
0, 0, 0, 0.197642, 0.000509, 
0, 0, 0, 0.209907, 0.000629, 
0, 0, 0, 0.212924, 0.001114, 
0, 0, 0, 0.21803, 0.000876, 
0, 0, 0, 0.185262, 0.000649, 
0, 0, 0, 0.20834, 0.000742, 
0, 0, 0, 0.205495, 0.000635, 
0, 0, 0, 0.205091, 0.000553, 
0, 0, 0, 0.211801, 0.000753, 
0, 0, 0, 0.208103, 0.000783, 
0.358867, 0, 0, 0.223898, 0.001643, 
0, 0, 0, 0.215646, 0.001031, 
0, 0, 0, 0.230974, 0.000978, 
0, 0, 0, 0.316632, 0.001569, 
0, 0, 0, 0.344687, 0.001188, 
0, 0, 0, 0.301017, 0.001387, 
0, 0, 0, 0.23924, 0.000719, 
0, 0, 0, 0.257898, 0.001061, 
0, 0, 0, 0.219321, 0.000607, 
0, 0, 0, 0.209545, 0.000926, 
0.095547, 0, 0, 0.20779, 0.000569, 
0, 0, 0, 0.231378, 0.000907, 
0, 0, 0, 0.229747, 0.001601, 
0, 0, 0, 0.288611, 0.000958, 
0, 0, 0, 0.204926, 0.0006, 
0, 0, 0, 0.204591, 0.000569, 
0, 0, 0, 0.264835, 0.000511, 
0, 0, 0, 0.324906, 0.000839, 
0, 0, 0, 0.290875, 0.001057, 
0, 0, 0, 0.256224, 0.001003, 
0.094124, 0, 0, 0.272797, 0.000572, 
0, 0, 0, 0.201163, 0.000827, 
0, 0, 0, 0.400527, 0.00084, 
0, 0, 0, 0.214666, 0.000784, 
0, 0, 0, 0.269426, 0.000547, 
0, 0, 0, 0.276457, 0.000844, 
0, 0, 0, 0.26554, 0.000432, 
0, 0, 0, 0.289624, 0.000643, 
0, 0, 0, 0.37513, 0.001843, 
0, 0, 0, 0.424836, 0.000952, 
0.440871, 0, 0, 0.410408, 0.001501, 
0, 0, 0, 0.379803, 0.000916, 
0, 0, 0, 0.429309, 0.001018, 
0, 0, 0, 0.440057, 0.001084, 
0, 0, 0, 0.402912, 0.001252, 
0, 0, 0, 0.439326, 0.002284, 
0, 0, 0, 0.386717, 0.00084, 
0, 0, 0, 0.257691, 0.001289, 
0, 0, 0, 0.291613, 0.000452, 
0.046235, 0, 0, 0.26193, 0.00056, 
0, 0, 0, 0.262309, 0.000468, 
0, 0, 0, 0.434848, 0.001094, 
0, 0, 0, 0.290045, 0.000761, 
0, 0, 0, 0.28689, 0.001751, 
0, 0, 0, 0.259419, 0.000527, 
0, 0, 0, 0.289297, 0.000692, 
0, 0, 0, 0.274455, 0.000871, 
0, 0, 0, 0.27601, 0.000692, 
0, 0, 0, 0.432145, 0.001005, 
0, 0, 0, 0.263924, 0.000784, 
0.28186, 0, 0, 0.280868, 0.001452, 
0, 0, 0, 0.407702, 0.000784, 
0, 0, 0, 0.401827, 0.000649, 
0, 0, 0, 0.25798, 0.000483, 
0, 0, 0, 0.251756, 0.000649, 
0, 0, 0, 0.248466, 0.000427, 
0, 0, 0, 0.417207, 0.000926, 
0, 0, 0, 0.266197, 0.000828, 
0, 0, 0, 0.399437, 0.000901, 
0.153139, 0, 0, 0.388739, 0.000808, 
0, 0, 0, 0.307623, 0.000576, 
0, 0, 0, 0.268491, 0.000577, 
0, 0, 0, 0.307418, 0.00062, 
0, 0, 0, 0.269944, 0.000549, 
0, 0, 0, 0.27959, 0.000485, 
0, 0, 0, 0.26905, 0.000509, 
0, 0, 0, 0.267589, 0.000577, 
0, 0, 0, 0.262364, 0.000595, 
0, 0, 0, 0.274253, 0.000988, 
0.07814, 0, 0, 0.263903, 0.000729, 
0, 0, 0, 0.257745, 0.000664, 
0, 0, 0, 0.24246, 0.000436, 
0, 0, 0, 0.369173, 0.000975, 
0, 0, 0, 0.271314, 0.000654, 
0, 0, 0, 0.271217, 0.000554, 
0, 0, 0, 0.281, 0.000646, 
0, 0, 0, 0.273163, 0.000518, 
0, 0, 0, 0.249894, 0.000377, 
0, 0, 0, 0.435242, 0.000953, 
0, 0, 0, 0.415077, 0.001048, 
0.504853, 0, 0, 0.404449, 0.000928, 
0, 0, 0, 0.292226, 0.000791, 
0, 0, 0, 0.438368, 0.000988, 
0, 0, 0, 0.430099, 0.000916, 
0, 0, 0, 0.271313, 0.001095, 
0, 0, 0, 0.260994, 0.000608, 
0, 0, 0, 0.291395, 0.000747, 
0, 0, 0, 0.268893, 0.000649, 
0, 0, 0, 0.270603, 0.000799, 
0.017894, 0, 0, 0.256728, 0.000424, 
0, 0, 0, 0.274553, 0.000587, 
0, 0, 0, 0.262688, 0.000856, 
0, 0, 0, 0.294825, 0.000817, 
0, 0, 0, 0.271826, 0.0009, 
0, 0, 0, 0.236085, 0.000304, 
0, 0, 0, 0.285191, 0.001043, 
0, 0, 0, 0.278436, 0.000506, 
0, 0, 0, 0.380684, 0.00052, 
0, 0, 0, 0.430318, 0.00091, 
0, 0, 0, 0.412088, 0.001027, 
0.459975, 0, 0, 0.40725, 0.000906, 
0, 0, 0, 0.264659, 0.000554, 
0, 0, 0, 0.275664, 0.000873, 
0, 0, 0, 0.400209, 0.000924, 
0, 0, 0, 0.407683, 0.000754, 
0, 0, 0, 0.422356, 0.001004, 
0, 0, 0, 0.390696, 0.000583, 
0, 0, 0, 0.413108, 0.00085, 
0, 0, 0, 0.421216, 0.001437, 
0.144354, 0, 0, 0.410424, 0.001291, 
0, 0, 0, 0.417215, 0.000985, 
0, 0, 0, 0.388467, 0.000933, 
0, 0, 0, 0.422691, 0.001179, 
0, 0, 0, 0.315954, 0.000777, 
0, 0, 0, 0.257537, 0.000706, 
0, 0, 0, 0.251704, 0.000463, 
0, 0, 0, 0.273061, 0.000651, 
0, 0, 0, 0.427635, 0.001255, 
0, 0, 0, 0.408019, 0.000958, 
0.130986, 0, 0, 0.389823, 0.000926, 
0, 0, 0, 0.394351, 0.001129, 
0, 0, 0, 0.388505, 0.001092, 
0, 0, 0, 0.403525, 0.000862, 
0, 0, 0, 0.276701, 0.000695, 
0, 0, 0, 0.271897, 0.00051, 
0, 0, 0, 0.259297, 0.00046, 
0, 0, 0, 0.422834, 0.000792, 
0, 0, 0, 0.382034, 0.000621, 
0, 0, 0, 0.396033, 0.000795, 
0, 0, 0, 0.281173, 0.00061, 
0.280543, 0, 0, 0.275006, 0.000854, 
0, 0, 0, 0.397827, 0.000775, 
0, 0, 0, 0.27368, 0.00059, 
0, 0, 0, 0.277324, 0.000989, 
0, 0, 0, 0.268723, 0.000606, 
0, 0, 0, 0.275784, 0.00045, 
0, 0, 0, 0.270256, 0.000553, 
0, 0, 0, 0.297619, 0.000772, 
0, 0, 0, 0.421165, 0.001043, 
0.031368, 0, 0, 0.399735, 0.001029, 
0, 0, 0, 0.400929, 0.001388, 
0, 0, 0, 0.392078, 0.001388, 
0, 0, 0, 0.385902, 0.001207, 
0, 0, 0, 0.320873, 0.000827, 
0, 0, 0, 0.23471, 0.000251, 
0, 0, 0, 0.282847, 0.001035, 
0, 0, 0, 0.26414, 0.000709, 
0, 0, 0, 0.265829, 0.000598, 
0, 0, 0, 0.383444, 0.000814, 
0, 0, 0, 0.254793, 0.000561, 
0.309472, 0, 0, 0.282334, 0.000673, 
0, 0, 0, 0.339025, 0.001365, 
0, 0, 0, 0.27914, 0.000742, 
0, 0, 0, 0.261866, 0.001214, 
0, 0, 0, 0.26907, 0.000549, 
0, 0, 0, 0.250604, 0.000533, 
0, 0, 0, 0.263347, 0.000506, 
0, 0, 0, 0.280284, 0.000408, 
0, 0, 0, 0.437491, 0.001077, 
0.11982, 0, 0, 0.400848, 0.000886, 
0, 0, 0, 0.295521, 0.000763, 
0, 0, 0, 0.390635, 0.000992, 
0, 0, 0, 0.279706, 0.000666, 
0, 0, 0, 0.276277, 0.000737, 
0, 0, 0, 0.38446, 0.000633, 
0, 0, 0, 0.26345, 0.000495, 
0, 0, 0, 0.279047, 0.000464, 
0, 0, 0, 0.272105, 0.000402, 
0, 0, 0, 0.254555, 0.000608, 
0, 0, 0, 0.270604, 0.000582, 
0.094732, 0, 0, 0.260662, 0.00098, 
0, 0, 0, 0.378998, 0.000928, 
0, 0, 0, 0.281045, 0.000575, 
0, 0, 0, 0.273526, 0.000578, 
0, 0, 0, 0.278258, 0.001139, 
0, 0, 0, 0.326746, 0.00047, 
0, 0, 0, 0.271259, 0.00054, 
0, 0, 0, 0.434316, 0.001018, 
0, 0, 0, 0.412612, 0.001262, 
0, 0, 0, 0.37758, 0.001657, 
0.377145, 0, 0, 0.256496, 0.00086, 
0, 0, 0, 0.252042, 0.000452, 
0, 0, 0, 0.284427, 0.000533, 
0, 0, 0, 0.27823, 0.000733, 
0, 0, 0, 0.290306, 0.000907, 
0, 0, 0, 0.263984, 0.000407, 
0, 0, 0, 0.269275, 0.000618, 
0, 0, 0, 0.215003, 0.000548, 
0, 0, 0, 0.26291, 0.00107, 
0.019769, 0, 0, 0.261138, 0.000527, 
0, 0, 0, 0.260378, 0.000652, 
0, 0, 0, 0.208549, 0.000534, 
0, 0, 0, 0.439997, 0.000882, 
0, 0, 0, 0.409841, 0.001607, 
0, 0, 0, 0.369817, 0.000631, 
0, 0, 0, 0.264786, 0.000766, 
0, 0, 0, 0.284756, 0.000619, 
0, 0, 0, 0.416513, 0.001018, 
0, 0, 0, 0.361708, 0.001079, 
0, 0, 0, 0.25659, 0.000699, 
0.660048, 0, 0, 0.429189, 0.001021, 
0, 0, 0, 0.397268, 0.000915, 
0, 0, 0, 0.243018, 0.001175, 
0, 0, 0, 0.202044, 0.000601, 
0, 0, 0, 0.436462, 0.00087, 
0, 0, 0, 0.292785, 0.000786, 
0, 0, 0, 0.324206, 0.000805, 
0, 0, 0, 0.296645, 0.000879, 
0, 0, 0, 0.272724, 0.000584, 
0, 0, 0, 0.22204, 0.00056, 
0.118808, 0, 0, 0.307916, 0.000954, 
0, 0, 0, 0.219552, 0.000641, 
0, 0, 0, 0.302624, 0.000883, 
0, 0, 0, 0.208797, 0.000692, 
0, 0, 0, 0.330103, 0.001181, 
0, 0, 0, 0.194753, 0.000687, 
0, 0, 0, 0.251296, 0.000417, 
0, 0, 0, 0.18897, 0.000495, 
0, 0, 0, 0.196894, 0.000457, 
0, 0, 0, 0.220541, 0.00107, 
0.078896, 0, 0, 0.273392, 0.00082, 
0, 0, 0, 0.190833, 0.000449, 
0, 0, 0, 0.274085, 0.000599, 
0, 0, 0, 0.238272, 0.000899, 
0, 0, 0, 0.263492, 0.000531, 
0, 0, 0, 0.204933, 0.000494, 
0, 0, 0, 0.205216, 0.000598, 
0, 0, 0, 0.197367, 0.000668, 
0, 0, 0, 0.307722, 0.000709, 
0, 0, 0, 0.198697, 0.000626, 
0.401468, 0, 0, 0.265453, 0.001155, 
0, 0, 0, 0.274447, 0.001082, 
0, 0, 0, 0.280187, 0.00091, 
0, 0, 0, 0.226794, 0.000635, 
0, 0, 0, 0.201656, 0.000532, 
0, 0, 0, 0.275482, 0.000624, 
0, 0, 0, 0.252585, 0.000476, 
0, 0, 0, 0.190806, 0.001451, 
0, 0, 0, 0.220691, 0.000621, 
0.024673, 0, 0, 0.223159, 0.00059, 
0, 0, 0, 0.430545, 0.000815, 
0, 0, 0, 0.311509, 0.000839, 
0, 0, 0, 0.406783, 0.001382, 
0, 0, 0, 0.211053, 0.000673, 
0, 0, 0, 0.246123, 0.000391, 
0, 0, 0, 0.26776, 0.000902, 
0, 0, 0, 0.423943, 0.000868, 
0, 0, 0, 0.434933, 0.00127, 
0, 0, 0, 0.271657, 0.000848, 
0, 0, 0, 0.267135, 0.000628, 
0.435258, 0, 0, 0.404345, 0.000966, 
0, 0, 0, 0.448902, 0.000885, 
0, 0, 0, 0.278721, 0.001061, 
0, 0, 0, 0.420201, 0.000892, 
0, 0, 0, 0.262287, 0.000978, 
0, 0, 0, 0.258046, 0.000591, 
0, 0, 0, 0.276784, 0.000831, 
0, 0, 0, 0.374755, 0.000798, 
0, 0, 0, 0.255027, 0.000584, 
0.106955, 0, 0, 0.431434, 0.00092, 
0, 0, 0, 0.281563, 0.001118, 
0, 0, 0, 0.383279, 0.000942, 
0, 0, 0, 0.286486, 0.000761, 
0, 0, 0, 0.200945, 0.001207, 
0, 0, 0, 0.267847, 0.000785, 
0, 0, 0, 0.264692, 0.000922, 
0, 0, 0, 0.252255, 0.00073, 
0, 0, 0, 0.263188, 0.00049, 
0, 0, 0, 0.282925, 0.000492, 
0.107979, 0, 0, 0.257971, 0.000828, 
0, 0, 0, 0.442475, 0.00121, 
0, 0, 0, 0.33442, 0.001013, 
0, 0, 0, 0.286729, 0.000663, 
0, 0, 0, 0.259366, 0.000611, 
0, 0, 0, 0.272212, 0.000738, 
0, 0, 0, 0.420589, 0.00094, 
0, 0, 0, 0.270735, 0.000689, 
0, 0, 0, 0.354921, 0.000611, 
0, 0, 0, 0.269893, 0.000574, 
0, 0, 0, 0.411862, 0.000951, 
0.432323, 0, 0, 0.388827, 0.000942, 
0, 0, 0, 0.395988, 0.000862, 
0, 0, 0, 0.390585, 0.000815, 
0, 0, 0, 0.443449, 0.00149, 
0, 0, 0, 0.393976, 0.00085, 
0, 0, 0, 0.41991, 0.00095, 
0, 0, 0, 0.386947, 0.001093, 
0, 0, 0, 0.387397, 0.000952, 
0, 0, 0, 0.399266, 0.001008, 
0.023505, 0, 0, 0.384415, 0.001095, 
0, 0, 0, 0.275115, 0.001182, 
0, 0, 0, 0.403103, 0.000739, 
0, 0, 0, 0.416675, 0.001016, 
0, 0, 0, 0.42288, 0.001306, 
0, 0, 0, 0.362685, 0.000417, 
0, 0, 0, 0.268341, 0.000601, 
0, 0, 0, 0.460584, 0.000592, 
0, 0, 0, 0.443367, 0.001066, 
0.273795, 0, 0, 0.278653, 0.001122, 
0, 0, 0, 0.255816, 0.000701, 
0, 0, 0, 0.370362, 0.001209, 
0, 0, 0, 0.39583, 0.001337, 
0, 0, 0, 0.433459, 0.00142, 
0, 0, 0, 0.297953, 0.000882, 
0, 0, 0, 0.2141, 0.000906, 
0, 0, 0, 0.194102, 0.00059, 
0, 0, 0, 0.197645, 0.001269, 
0.078971, 0, 0, 0.214142, 0.000772, 
0, 0, 0, 0.200237, 0.000651, 
0, 0, 0, 0.201846, 0.000538, 
0, 0, 0, 0.209195, 0.000688, 
0, 0, 0, 0.348613, 0.001229, 
0, 0, 0, 0.313198, 0.000798, 
0, 0, 0, 0.197764, 0.000649, 
0, 0, 0, 0.221066, 0.000609, 
0, 0, 0, 0.202932, 0.000539, 
0, 0, 0, 0.215503, 0.000948, 
0, 0, 0, 0.210446, 0.000657, 
0.100207, 0, 0, 0.206817, 0.000809, 
0, 0, 0, 0.228002, 0.000611, 
0, 0, 0, 0.316376, 0.001568, 
0, 0, 0, 0.220481, 0.000576, 
0, 0, 0, 0.204124, 0.000873, 
0, 0, 0, 0.324769, 0.000935, 
0, 0, 0, 0.295288, 0.000869, 
0, 0, 0, 0.290524, 0.000827, 
0, 0, 0, 0.22463, 0.00055, 
0, 0, 0, 0.319861, 0.000877, 
0.392464, 0, 0, 0.328327, 0.000837, 
0, 0, 0, 0.19761, 0.001021, 
0, 0, 0, 0.316931, 0.000774, 
0, 0, 0, 0.234182, 0.000663, 
0, 0, 0, 0.204439, 0.000629, 
0, 0, 0, 0.205419, 0.000792, 
0, 0, 0, 0.210861, 0.000822, 
0, 0, 0, 0.201253, 0.000982, 
0, 0, 0, 0.214668, 0.000777, 
0.023837, 0, 0, 0.317716, 0.000664, 
0, 0, 0, 0.194948, 0.000519, 
0, 0, 0, 0.202186, 0.000581, 
0, 0, 0, 0.322713, 0.00064, 
0, 0, 0, 0.213554, 0.000621, 
0, 0, 0, 0.18897, 0.000274, 
0, 0, 0, 0.340992, 0.000978, 
0, 0, 0, 0.305674, 0.000916, 
0, 0, 0, 0.334795, 0.000889, 
0, 0, 0, 0.310708, 0.000949, 
0, 0, 0, 0.299028, 0.000895, 
0.256472, 0, 0, 0.212828, 0.000864, 
0, 0, 0, 0.302407, 0.001003, 
0, 0, 0, 0.208573, 0.000719, 
0, 0, 0, 0.334077, 0.00109, 
0, 0, 0, 0.303285, 0.000801, 
0, 0, 0, 0.209938, 0.000745, 
0, 0, 0, 0.218182, 0.000607, 
0, 0, 0, 0.300364, 0.000789, 
0, 0, 0, 0.201651, 0.000645, 
0, 0, 0, 0.27874, 0.000711, 
0.090943, 0, 0, 0.208349, 0.000598, 
0, 0, 0, 0.265069, 0.000576, 
0, 0, 0, 0.421191, 0.001005, 
0, 0, 0, 0.425801, 0.000897, 
0, 0, 0, 0.41468, 0.000873, 
0, 0, 0, 0.261296, 0.000607, 
0, 0, 0, 0.30476, 0.000687, 
0, 0, 0, 0.30347, 0.000955, 
0, 0, 0, 0.2753, 0.000559, 
0, 0, 0, 0.289656, 0.000841, 
0.119107, 0, 0, 0.433635, 0.000988, 
0, 0, 0, 0.421025, 0.000864, 
0, 0, 0, 0.420647, 0.001224, 
0, 0, 0, 0.282704, 0.000709, 
0, 0, 0, 0.426229, 0.00098, 
0, 0, 0, 0.429139, 0.000869, 
0, 0, 0, 0.269981, 0.000731, 
0, 0, 0, 0.260944, 0.000548, 
0, 0, 0, 0.281205, 0.001055, 
0, 0, 0, 0.279166, 0.000721, 
0.26479, 0, 0, 0.265158, 0.000798, 
0, 0, 0, 0.424347, 0.000843, 
0, 0, 0, 0.397556, 0.000874, 
0, 0, 0, 0.296922, 0.001094, 
0, 0, 0, 0.279292, 0.000648, 
0, 0, 0, 0.259583, 0.000481, 
0, 0, 0, 0.409873, 0.000786, 
0, 0, 0, 0.384394, 0.000832, 
0, 0, 0, 0.38244, 0.000879, 
0.011725, 0, 0, 0.267552, 0.001004, 
0, 0, 0, 0.265628, 0.000674, 
0, 0, 0, 0.278552, 0.000521, 
0, 0, 0, 0.294162, 0.000722, 
0, 0, 0, 0.266694, 0.001487, 
0, 0, 0, 0.241312, 0.00033, 
0, 0, 0, 0.28251, 0.001086, 
0, 0, 0, 0.441292, 0.000944, 
0, 0, 0, 0.39559, 0.000779, 
0, 0, 0, 0.443574, 0.001047, 
0, 0, 0, 0.427128, 0.000891, 
0.270369, 0, 0, 0.402967, 0.000952, 
0, 0, 0, 0.329126, 0.00087, 
0, 0, 0, 0.265168, 0.000577, 
0, 0, 0, 0.365908, 0.00092, 
0, 0, 0, 0.286446, 0.001087, 
0, 0, 0, 0.271385, 0.000583, 
0, 0, 0, 0.273745, 0.000724, 
0, 0, 0, 0.280538, 0.000551, 
0, 0, 0, 0.30077, 0.000758, 
0.08414, 0, 0, 0.279139, 0.00061, 
0, 0, 0, 0.267792, 0.000483, 
0, 0, 0, 0.283765, 0.000623, 
0, 0, 0, 0.265273, 0.000514, 
0, 0, 0, 0.293169, 0.000898, 
0, 0, 0, 0.430836, 0.000952, 
0, 0, 0, 0.402991, 0.001311, 
0, 0, 0, 0.271544, 0.000924, 
0, 0, 0, 0.264411, 0.000681, 
0, 0, 0, 0.281575, 0.000596, 
0, 0, 0, 0.288978, 0.000771, 
0.077637, 0, 0, 0.280164, 0.000941, 
0, 0, 0, 0.432072, 0.000913, 
0, 0, 0, 0.288327, 0.001064, 
0, 0, 0, 0.288281, 0.000854, 
0, 0, 0, 0.270274, 0.000828, 
0, 0, 0, 0.278876, 0.000507, 
0, 0, 0, 0.270318, 0.000468, 
0, 0, 0, 0.295047, 0.000892, 
0, 0, 0, 0.42581, 0.001008, 
0, 0, 0, 0.396896, 0.000919, 
0.20663, 0, 0, 0.268315, 0.000606, 
0, 0, 0, 0.429506, 0.000739, 
0, 0, 0, 0.415056, 0.000855, 
0, 0, 0, 0.300977, 0.000973, 
0, 0, 0, 0.298934, 0.000668, 
0, 0, 0, 0.423304, 0.000726, 
0, 0, 0, 0.426621, 0.001151, 
0, 0, 0, 0.399134, 0.000953, 
0, 0, 0, 0.270262, 0.000997, 
0, 0, 0, 0.441116, 0.00089, 
0.012502, 0, 0, 0.273743, 0.000717, 
0, 0, 0, 0.268318, 0.000611, 
0, 0, 0, 0.277637, 0.000598, 
0, 0, 0, 0.272356, 0.00105, 
0, 0, 0, 0.233437, 0.000252, 
0, 0, 0, 0.265732, 0.000888, 
0, 0, 0, 0.330342, 0.001317, 
0, 0, 0, 0.265438, 0.000595, 
0, 0, 0, 0.295447, 0.0005, 
0, 0, 0, 0.29242, 0.000737, 
0.254368, 0, 0, 0.29989, 0.000577, 
0, 0, 0, 0.276506, 0.000789, 
0, 0, 0, 0.275723, 0.000643, 
0, 0, 0, 0.292766, 0.000627, 
0, 0, 0, 0.277192, 0.000563, 
0, 0, 0, 0.348047, 0.000503, 
0, 0, 0, 0.293574, 0.000791, 
0, 0, 0, 0.26855, 0.000535, 
0, 0, 0, 0.266755, 0.000591, 
0, 0, 0, 0.367459, 0.000923, 
0.066739, 0, 0, 0.277975, 0.000502, 
0, 0, 0, 0.424025, 0.000757, 
0, 0, 0, 0.400431, 0.000879, 
0, 0, 0, 0.277864, 0.000704, 
0, 0, 0, 0.276149, 0.000582, 
0, 0, 0, 0.266367, 0.000903, 
0, 0, 0, 0.267071, 0.000553, 
0, 0, 0, 0.258679, 0.000389, 
0, 0, 0, 0.300172, 0.001053, 
0, 0, 0, 0.282346, 0.000582, 
0.101117, 0, 0, 0.383502, 0.000942, 
0, 0, 0, 0.253396, 0.000377, 
0, 0, 0, 0.262883, 0.000548, 
0, 0, 0, 0.452804, 0.001041, 
0, 0, 0, 0.287648, 0.000786, 
0, 0, 0, 0.258459, 0.000571, 
0, 0, 0, 0.40341, 0.000786, 
0, 0, 0, 0.265603, 0.000509, 
0, 0, 0, 0.293734, 0.000579, 
0, 0, 0, 0.288427, 0.000644, 
0.248233, 0, 0, 0.307637, 0.000575, 
0, 0, 0, 0.290532, 0.000926, 
0, 0, 0, 0.266229, 0.000561, 
0, 0, 0, 0.289862, 0.00068, 
0, 0, 0, 0.267575, 0.000466, 
0, 0, 0, 0.417259, 0.000794, 
0, 0, 0, 0.402278, 0.000875, 
0, 0, 0, 0.389274, 0.000788, 
0, 0, 0, 0.266378, 0.001012, 
0.024647, 0, 0, 0.434671, 0.000944, 
0, 0, 0, 0.398899, 0.000861, 
0, 0, 0, 0.285146, 0.00115, 
0, 0, 0, 0.268397, 0.000553, 
0, 0, 0, 0.271036, 0.000971, 
0, 0, 0, 0.245888, 0.000484, 
0, 0, 0, 0.275167, 0.000494, 
0, 0, 0, 0.264109, 0.00058, 
0, 0, 0, 0.417392, 0.000671, 
0, 0, 0, 0.269486, 0.000598, 
0, 0, 0, 0.415264, 0.001052, 
0, 0, 0, 0.398536, 0.001104, 
0.216346, 0, 0, 0.288202, 0.000583, 
0, 0, 0, 0.403781, 0.000902, 
0, 0, 0, 0.301503, 0.001084, 
0, 0, 0, 0.314071, 0.000514, 
0, 0, 0, 0.262885, 0.000707, 
0, 0, 0, 0.24629, 0.000397, 
0, 0, 0, 0.255268, 0.000587, 
0, 0, 0, 0.266692, 0.00058, 
0, 0, 0, 0.254154, 0.001247, 
0.134793, 0, 0, 0.438303, 0.000856, 
0, 0, 0, 0.422834, 0.000876, 
0, 0, 0, 0.271031, 0.000657, 
0, 0, 0, 0.412209, 0.001274, 
0, 0, 0, 0.429481, 0.000951, 
0, 0, 0, 0.271362, 0.001025, 
0, 0, 0, 0.40571, 0.0007, 
0, 0, 0, 0.277696, 0.000687, 
0, 0, 0, 0.404013, 0.000853, 
0, 0, 0, 0.389879, 0.000854, 
0.066483, 0, 0, 0.26688, 0.000673, 
0, 0, 0, 0.25936, 0.000429, 
0, 0, 0, 0.28471, 0.000538, 
0, 0, 0, 0.406068, 0.000922, 
0, 0, 0, 0.430092, 0.000834, 
0, 0, 0, 0.392598, 0.0009, 
0, 0, 0, 0.286376, 0.000739, 
0, 0, 0, 0.262665, 0.000449, 
0, 0, 0, 0.289902, 0.000573, 
0, 0, 0, 0.275117, 0.0008, 
0.224798, 0, 0, 0.269752, 0.000903, 
0, 0, 0, 0.283783, 0.00037, 
0, 0, 0, 0.429102, 0.001182, 
0, 0, 0, 0.291461, 0.000966, 
0, 0, 0, 0.275232, 0.000566, 
0, 0, 0, 0.265906, 0.000408, 
0, 0, 0, 0.283161, 0.000804, 
0, 0, 0, 0.262099, 0.000666, 
0, 0, 0, 0.268308, 0.000854, 
0.013483, 0, 0, 0.345361, 0.002285, 
0, 0, 0, 0.274266, 0.000583, 
0, 0, 0, 0.301459, 0.000662, 
0, 0, 0, 0.448891, 0.000997, 
0, 0, 0, 0.285548, 0.000949, 
0, 0, 0, 0.236895, 0.000271, 
0, 0, 0, 0.285105, 0.000679, 
0, 0, 0, 0.432965, 0.001082, 
0, 0, 0, 0.404215, 0.001201, 
0, 0, 0, 0.389084, 0.00142, 
0, 0, 0, 0.261096, 0.000528, 
0.194972, 0, 0, 0.270847, 0.000459, 
0, 0, 0, 0.436962, 0.000965, 
0, 0, 0, 0.416704, 0.000868, 
0, 0, 0, 0.425851, 0.001278, 
0, 0, 0, 0.255129, 0.000649, 
0, 0, 0, 0.403816, 0.001057, 
0, 0, 0, 0.379313, 0.001122, 
0, 0, 0, 0.375508, 0.000814, 
0, 0, 0, 0.389374, 0.000951, 
0, 0, 0, 0.387446, 0.000908, 
0.09369, 0, 0, 0.374889, 0.000809, 
0, 0, 0, 0.32535, 0.00106, 
0, 0, 0, 0.435412, 0.00109, 
0, 0, 0, 0.291333, 0.000913, 
0, 0, 0, 0.41392, 0.001522, 
0, 0, 0, 0.410286, 0.000975, 
0, 0, 0, 0.38575, 0.000898, 
0, 0, 0, 0.273424, 0.00082, 
0, 0, 0, 0.429664, 0.000833, 
0, 0, 0, 0.413294, 0.001067, 
0.093494, 0, 0, 0.405426, 0.001109, 
0, 0, 0, 0.271788, 0.001022, 
0, 0, 0, 0.290845, 0.000708, 
0, 0, 0, 0.281353, 0.000646, 
0, 0, 0, 0.275236, 0.000756, 
0, 0, 0, 0.423145, 0.000782, 
0, 0, 0, 0.401106, 0.00089, 
0, 0, 0, 0.395359, 0.000896, 
0, 0, 0, 0.301099, 0.000781, 
0, 0, 0, 0.396534, 0.001052, 
0.248189, 0, 0, 0.264455, 0.000678, 
0, 0, 0, 0.282383, 0.000503, 
0, 0, 0, 0.264195, 0.000424, 
0, 0, 0, 0.436198, 0.001015, 
0, 0, 0, 0.410223, 0.000962, 
0, 0, 0, 0.273192, 0.000661, 
0, 0, 0, 0.401883, 0.000884, 
0, 0, 0, 0.292842, 0.000798, 
0, 0, 0, 0.402021, 0.000829, 
0, 0, 0, 0.395796, 0.000858, 
0.031404, 0, 0, 0.267375, 0.000642, 
0, 0, 0, 0.39878, 0.000824, 
0, 0, 0, 0.388552, 0.000788, 
0, 0, 0, 0.267126, 0.000877, 
0, 0, 0, 0.23944, 0.000264, 
0, 0, 0, 0.281426, 0.000663, 
0, 0, 0, 0.264431, 0.000991, 
0, 0, 0, 0.271167, 0.000639, 
0, 0, 0, 0.271534, 0.000719, 
0, 0, 0, 0.292291, 0.00093, 
0.302174, 0, 0, 0.440353, 0.001077, 
0, 0, 0, 0.434254, 0.001011, 
0, 0, 0, 0.333519, 0.00082, 
0, 0, 0, 0.276068, 0.00087, 
0, 0, 0, 0.262679, 0.000638, 
0, 0, 0, 0.271371, 0.001115, 
0, 0, 0, 0.274826, 0.000639, 
0, 0, 0, 0.269849, 0.000673, 
0, 0, 0, 0.273386, 0.000544, 
0, 0, 0, 0.268536, 0.000627, 
0.075386, 0, 0, 0.272064, 0.000608, 
0, 0, 0, 0.272122, 0.000636, 
0, 0, 0, 0.453185, 0.00093, 
0, 0, 0, 0.290136, 0.00082, 
0, 0, 0, 0.42159, 0.000908, 
0, 0, 0, 0.377241, 0.001117, 
0, 0, 0, 0.2913, 0.000763, 
0, 0, 0, 0.274892, 0.000771, 
0, 0, 0, 0.27997, 0.00055, 
0, 0, 0, 0.276716, 0.000642, 
0.089597, 0, 0, 0.261517, 0.000587, 
0, 0, 0, 0.264333, 0.000588, 
0, 0, 0, 0.266136, 0.000803, 
0, 0, 0, 0.436943, 0.000992, 
0, 0, 0, 0.417133, 0.000888, 
0, 0, 0, 0.407022, 0.00103, 
0, 0, 0, 0.400034, 0.000914, 
0, 0, 0, 0.378935, 0.000808, 
0, 0, 0, 0.416396, 0.001375, 
0, 0, 0, 0.382818, 0.000741, 
0.282324, 0, 0, 0.375006, 0.000621, 
0, 0, 0, 0.436293, 0.00076, 
0, 0, 0, 0.414857, 0.001104, 
0, 0, 0, 0.407348, 0.001648, 
0, 0, 0, 0.418997, 0.001039, 
0, 0, 0, 0.368912, 0.001105, 
0, 0, 0, 0.393539, 0.000734, 
0, 0, 0, 0.386236, 0.00072, 
0, 0, 0, 0.422414, 0.000974, 
0.019483, 0, 0, 0.4148, 0.001007, 
0, 0, 0, 0.290867, 0.001069, 
0, 0, 0, 0.294808, 0.000483, 
0, 0, 0, 0.284928, 0.000793, 
0, 0, 0, 0.415914, 0.001002, 
0, 0, 0, 0.44353, 0.001384, 
0, 0, 0, 0.282404, 0.000959, 
0, 0, 0, 0.271091, 0.000572, 
0, 0, 0, 0.273112, 0.000734, 
0, 0, 0, 0.291381, 0.000665, 
0, 0, 0, 0.436027, 0.000943, 
0.301023, 0, 0, 0.426592, 0.000756, 
0, 0, 0, 0.427532, 0.000968, 
0, 0, 0, 0.396284, 0.000871, 
0, 0, 0, 0.440304, 0.001006, 
0, 0, 0, 0.400883, 0.000916, 
0, 0, 0, 0.259047, 0.00069, 
0, 0, 0, 0.266164, 0.0005, 
0, 0, 0, 0.267906, 0.000496, 
0, 0, 0, 0.265647, 0.000611, 
0, 0, 0, 0.273115, 0.000563, 
0, 0, 0, 0.28299, 0.00103, 
0.054147, 0, 0, 0.271964, 0.000656, 
0, 0, 0, 0.272145, 0.000511, 
0, 0, 0, 0.276856, 0.000769, 
0, 0, 0, 0.274148, 0.000626, 
0, 0, 0, 0.258768, 0.000479, 
0, 0, 0, 0.270409, 0.000582, 
0, 0, 0, 0.279106, 0.001363, 
0, 0, 0, 0.263339, 0.000613, 
0, 0, 0, 0.440755, 0.001024, 
0.092724, 0, 0, 0.408639, 0.000923, 
0, 0, 0, 0.310386, 0.000859, 
0, 0, 0, 0.265093, 0.000568, 
0, 0, 0, 0.286074, 0.000694, 
0, 0, 0, 0.278963, 0.000451, 
0, 0, 0, 0.44103, 0.001044, 
0, 0, 0, 0.409704, 0.001198, 
0, 0, 0, 0.406253, 0.000935, 
0, 0, 0, 0.399787, 0.000888, 
0, 0, 0, 0.418079, 0.000997, 
0.303775, 0, 0, 0.387968, 0.000967, 
0, 0, 0, 0.37852, 0.000882, 
0, 0, 0, 0.380224, 0.000801, 
0, 0, 0, 0.290362, 0.000757, 
0, 0, 0, 0.271309, 0.000484, 
0, 0, 0, 0.281241, 0.000901, 
0, 0, 0, 0.34531, 0.000594, 
0, 0, 0, 0.279205, 0.000752, 
0, 0, 0, 0.266658, 0.000672, 
0.029355, 0, 0, 0.284456, 0.000494, 
0, 0, 0, 0.28332, 0.00096, 
0, 0, 0, 0.291402, 0.001009, 
0, 0, 0, 0.328796, 0.001134, 
0, 0, 0, 0.268448, 0.001372, 
0, 0, 0, 0.289646, 0.001367, 
0, 0, 0, 0.286409, 0.000525, 
0, 0, 0, 0.273442, 0.000936, 
0, 0, 0, 0.279091, 0.000869, 
0, 0, 0, 0.382054, 0.000826, 
0, 0, 0, 0.261099, 0.000619, 
0.29615, 0, 0, 0.430719, 0.000947, 
0, 0, 0, 0.270582, 0.000656, 
0, 0, 0, 0.425255, 0.00114, 
0, 0, 0, 0.42598, 0.001007, 
0, 0, 0, 0.382717, 0.000829, 
0, 0, 0, 0.410632, 0.001143, 
0, 0, 0, 0.400293, 0.000789, 
0, 0, 0, 0.336773, 0.001325, 
0, 0, 0, 0.264969, 0.000858, 
0.100387, 0, 0, 0.264581, 0.000604, 
0, 0, 0, 0.423882, 0.000798, 
0, 0, 0, 0.281527, 0.000757, 
0, 0, 0, 0.266964, 0.000577, 
0, 0, 0, 0.274097, 0.000586, 
0, 0, 0, 0.386521, 0.000982, 
0, 0, 0, 0.269637, 0.00064, 
0, 0, 0, 0.273441, 0.000615, 
0, 0, 0, 0.259701, 0.000602, 
0, 0, 0, 0.425605, 0.000832, 
0, 0, 0, 0.265362, 0.000988, 
0.060734, 0, 0, 0.257688, 0.000594, 
0, 0, 0, 0.26488, 0.000684, 
0, 0, 0, 0.269068, 0.000537, 
0, 0, 0, 0.286898, 0.000552, 
0, 0, 0, 0.382905, 0.001042, 
0, 0, 0, 0.260368, 0.000454, 
0, 0, 0, 0.262509, 0.000713, 
0, 0, 0, 0.406962, 0.000801, 
0, 0, 0, 0.427637, 0.000808, 
0, 0, 0, 0.418823, 0.000869, 
0.292952, 0, 0, 0.419964, 0.000883, 
0, 0, 0, 0.40588, 0.000895, 
0, 0, 0, 0.386267, 0.000845, 
0, 0, 0, 0.40542, 0.000884, 
0, 0, 0, 0.379521, 0.000824, 
0, 0, 0, 0.265802, 0.000674, 
0, 0, 0, 0.264076, 0.000547, 
0, 0, 0, 0.318492, 0.000536, 
0, 0, 0, 0.391239, 0.000995, 
0.022628, 0, 0, 0.261206, 0.001231, 
0, 0, 0, 0.291713, 0.000556, 
0, 0, 0, 0.389576, 0.000846, 
0, 0, 0, 0.26583, 0.000856, 
0, 0, 0, 0.470038, 0.001147, 
0, 0, 0, 0.41789, 0.001038, 
0, 0, 0, 0.537423, 0.001597, 
0, 0, 0, 0.402745, 0.000976, 
0, 0, 0, 0.257095, 0.000661, 
0, 0, 0, 0.268588, 0.000607, 
0.199663, 0, 0, 0.256059, 0.000852, 
0, 0, 0, 0.280487, 0.000865, 
0, 0, 0, 0.312618, 0.001048, 
0, 0, 0, 0.295301, 0.000929, 
0, 0, 0, 0.282143, 0.000917, 
0, 0, 0, 0.263772, 0.000529, 
0, 0, 0, 0.260644, 0.000769, 
0, 0, 0, 0.27222, 0.000784, 
0, 0, 0, 0.257767, 0.00057, 
0.090551, 0, 0, 0.267448, 0.000827, 
0, 0, 0, 0.266262, 0.000613, 
0, 0, 0, 0.437192, 0.001058, 
0, 0, 0, 0.437066, 0.000956, 
0, 0, 0, 0.430199, 0.000892, 
0, 0, 0, 0.391909, 0.000772, 
0, 0, 0, 0.275786, 0.000687, 
0, 0, 0, 0.405305, 0.001333, 
0, 0, 0, 0.398723, 0.000844, 
0, 0, 0, 0.253113, 0.001175, 
0.108068, 0, 0, 0.413882, 0.000849, 
0, 0, 0, 0.281144, 0.000678, 
0, 0, 0, 0.28229, 0.000443, 
0, 0, 0, 0.40207, 0.000798, 
0, 0, 0, 0.412891, 0.000789, 
0, 0, 0, 0.436027, 0.000826, 
0, 0, 0, 0.27878, 0.000874, 
0, 0, 0, 0.293192, 0.000572, 
0, 0, 0, 0.266383, 0.000488, 
0, 0, 0, 0.266246, 0.000545, 
0, 0, 0, 0.423988, 0.000944, 
0.305384, 0, 0, 0.443864, 0.000871, 
0, 0, 0, 0.394246, 0.001175, 
0, 0, 0, 0.387829, 0.001012, 
0, 0, 0, 0.277806, 0.000693, 
0, 0, 0, 0.259519, 0.000604, 
0, 0, 0, 0.255223, 0.000481, 
0, 0, 0, 0.276938, 0.000763, 
0, 0, 0, 0.279542, 0.000456, 
0, 0, 0, 0.261902, 0.000709, 
0.031879, 0, 0, 0.245967, 0.000804, 
0, 0, 0, 0.323542, 0.001043, 
0, 0, 0, 0.427993, 0.000729, 
0, 0, 0, 0.277123, 0.000759, 
0, 0, 0, 0.276492, 0.002025, 
0, 0, 0, 0.243895, 0.000377, 
0, 0, 0, 0.267891, 0.000882, 
0, 0, 0, 0.301861, 0.000649, 
0, 0, 0, 0.271086, 0.000639, 
0, 0, 0, 0.337931, 0.000723, 
0, 0, 0, 0.283048, 0.000664, 
0.214592, 0, 0, 0.272085, 0.00046, 
0, 0, 0, 0.312298, 0.000729, 
0, 0, 0, 0.436813, 0.000919, 
0, 0, 0, 0.43764, 0.001019, 
0, 0, 0, 0.411281, 0.001301, 
0, 0, 0, 0.412101, 0.000827, 
0, 0, 0, 0.377457, 0.00071, 
0, 0, 0, 0.291397, 0.000732, 
0, 0, 0, 0.264938, 0.000619, 
0.091981, 0, 0, 0.393469, 0.000663, 
0, 0, 0, 0.400024, 0.001054, 
0, 0, 0, 0.391693, 0.000708, 
0, 0, 0, 0.406759, 0.000965, 
0, 0, 0, 0.410822, 0.001095, 
0, 0, 0, 0.297494, 0.000526, 
0, 0, 0, 0.42739, 0.000765, 
0, 0, 0, 0.403022, 0.000816, 
0, 0, 0, 0.413142, 0.000961, 
0, 0, 0, 0.386462, 0.001466, 
0.064016, 0, 0, 0.27541, 0.000607, 
0, 0, 0, 0.287742, 0.001031, 
0, 0, 0, 0.285947, 0.001235, 
0, 0, 0, 0.4275, 0.001131, 
0, 0, 0, 0.298716, 0.000508, 
0, 0, 0, 0.253469, 0.000711, 
0, 0, 0, 0.278463, 0.000651, 
0, 0, 0, 0.256985, 0.000507, 
0, 0, 0, 0.266021, 0.000714, 
0, 0, 0, 0.465193, 0.000949, 
0, 0, 0, 0.405182, 0.000888, 
0.189364, 0, 0, 0.268146, 0.000765, 
0, 0, 0, 0.422445, 0.000719, 
0, 0, 0, 0.396599, 0.000773, 
0, 0, 0, 0.417055, 0.001033, 
0, 0, 0, 0.390776, 0.000866, 
0, 0, 0, 0.385458, 0.000807, 
0, 0, 0, 0.428012, 0.001017, 
0, 0, 0, 0.385624, 0.000837, 
0, 0, 0, 0.386332, 0.000915, 
0.010029, 0, 0, 0.278438, 0.000674, 
0, 0, 0, 0.282499, 0.000574, 
0, 0, 0, 0.273374, 0.000591, 
0, 0, 0, 0.344044, 0.000491, 
0, 0, 0, 0.278624, 0.00081, 
0, 0, 0, 0.233671, 0.000435, 
0, 0, 0, 0.2784, 0.000587, 
0, 0, 0, 0.427123, 0.000783, 
0, 0, 0, 0.410863, 0.000886, 
0, 0, 0, 0.42182, 0.000969, 
0, 0, 0, 0.269702, 0.000803, 
0.201932, 0, 0, 0.309452, 0.00071, 
0, 0, 0, 0.294724, 0.000739, 
0, 0, 0, 0.296071, 0.000861, 
0, 0, 0, 0.304397, 0.000976, 
0, 0, 0, 0.297678, 0.0006, 
0, 0, 0, 0.266906, 0.000828, 
0, 0, 0, 0.268282, 0.00066, 
0, 0, 0, 0.269985, 0.000731, 
0, 0, 0, 0.271486, 0.000776, 
0.099879, 0, 0, 0.296441, 0.000756, 
0, 0, 0, 0.306633, 0.000823, 
0, 0, 0, 0.287156, 0.000608, 
0, 0, 0, 0.292968, 0.000789, 
0, 0, 0, 0.279249, 0.001054, 
0, 0, 0, 0.273811, 0.000567, 
0, 0, 0, 0.269076, 0.000508, 
0, 0, 0, 0.309467, 0.000658, 
0, 0, 0, 0.277239, 0.000544, 
0, 0, 0, 0.269322, 0.000474, 
0, 0, 0, 0.456365, 0.000954, 
0.072165, 0, 0, 0.290951, 0.000658, 
0, 0, 0, 0.253841, 0.000408, 
0, 0, 0, 0.292072, 0.00081, 
0, 0, 0, 0.279719, 0.000605, 
0, 0, 0, 0.351121, 0.000838, 
0, 0, 0, 0.418784, 0.000891, 
0, 0, 0, 0.291012, 0.000574, 
0, 0, 0, 0.406078, 0.000773, 
0, 0, 0, 0.399067, 0.000857, 
0, 0, 0, 0.395282, 0.001135, 
0.205317, 0, 0, 0.25143, 0.000615, 
0, 0, 0, 0.273153, 0.000643, 
0, 0, 0, 0.422048, 0.001053, 
0, 0, 0, 0.266177, 0.000648, 
0, 0, 0, 0.2672, 0.000408, 
0, 0, 0, 0.27863, 0.001004, 
0, 0, 0, 0.263149, 0.000593, 
0, 0, 0, 0.264342, 0.000644, 
0, 0, 0, 0.286869, 0.000582, 
0.014131, 0, 0, 0.281627, 0.000803, 
0, 0, 0, 0.288266, 0.000614, 
0, 0, 0, 0.282342, 0.000594, 
0, 0, 0, 0.258253, 0.00069, 
0, 0, 0, 0.573934, 0.002264, 
0, 0, 0, 0.260808, 0.000378, 
0, 0, 0, 0.444942, 0.001189, 
0, 0, 0, 0.424967, 0.000945, 
0, 0, 0, 0.416857, 0.001255, 
0, 0, 0, 0.442912, 0.000977, 
0, 0, 0, 0.283974, 0.000651, 
0.209542, 0, 0, 0.282808, 0.000894, 
0, 0, 0, 0.282454, 0.000651, 
0, 0, 0, 0.382425, 0.000768, 
0, 0, 0, 0.29066, 0.001056, 
0, 0, 0, 0.294925, 0.000673, 
0, 0, 0, 0.276057, 0.000978, 
0, 0, 0, 0.277481, 0.000566, 
0, 0, 0, 0.268879, 0.000558, 
0, 0, 0, 0.266584, 0.000845, 
0.059386, 0, 0, 0.277953, 0.000799, 
0, 0, 0, 0.305888, 0.001085, 
0, 0, 0, 0.284095, 0.000481, 
0, 0, 0, 0.285697, 0.000865, 
0, 0, 0, 0.298338, 0.000796, 
0, 0, 0, 0.431755, 0.001157, 
0, 0, 0, 0.418935, 0.00085, 
0, 0, 0, 0.392245, 0.00086, 
0, 0, 0, 0.39282, 0.00149, 
0, 0, 0, 0.385184, 0.00106, 
0, 0, 0, 0.402286, 0.001063, 
0.113717, 0, 0, 0.408135, 0.001102, 
0, 0, 0, 0.273297, 0.000555, 
0, 0, 0, 0.26212, 0.000648, 
0, 0.086373, 2.76535, 4.96661, 0.001407, 
0, 0, 2.72325, 2.11232, 0.000605, 
0, 0, 1.71062, 2.71426, 0.000869, 
0, 0, 1.78226, 2.77022, 0.000788, 
0, 0, 3.13993, 3.06478, 0.000624, 
0, 0, 1.69465, 2.80697, 0.000809, 
0, 0, 1.80056, 2.84428, 0.000807, 
0.163503, 0, 2.08705, 2.47443, 0.000774, 
0, 0, 2.77571, 4.34214, 0.001451, 
0, 0, 2.81606, 2.43656, 0.000699, 
0, 0, 1.8528, 2.45441, 0.000706, 
0, 0, 1.83445, 2.19103, 0.001062, 
0, 0, 1.82721, 1.86671, 0.000816, 
0, 0, 1.74131, 2.13904, 0.000486, 
0, 0, 2.57867, 2.25099, 0.000558, 
0, 0, 1.78229, 2.95763, 0.001276, 
0.039551, 0, 3.09656, 2.59592, 0.002229, 
0, 0, 1.96564, 2.30744, 0.000633, 
0, 0, 1.77972, 2.21339, 0.000575, 
0, 0, 2.67311, 2.27246, 0.001233, 
0, 0, 1.9758, 2.61546, 0.001162, 
0, 0, 1.90236, 1.87958, 0.001524, 
0, 0, 1.86793, 2.09054, 0.000802, 
0, 0, 2.98142, 2.09242, 0.000711, 
0, 0, 1.81604, 1.97824, 0.000758, 
0, 0, 2.43662, 1.31176, 0.000616, 
0, 0, 1.86601, 1.38096, 0.000734, 
0.219653, 0, 1.92433, 1.90636, 0.00122, 
0, 0, 3.23165, 2.35792, 0.000905, 
0, 0, 3.5334, 2.03255, 0.000713, 
0, 0, 3.34917, 3.07824, 0.000637, 
0, 0, 1.94666, 2.09342, 0.000892, 
0, 0, 2.02654, 2.09544, 0.00055, 
0, 0, 2.01095, 2.62118, 0.000555, 
0, 0, 2.5667, 2.87466, 0.000733, 
0, 0, 2.02733, 2.10086, 0.000649, 
0.26758, 0, 2.67409, 2.23755, 0.000549, 
0, 0, 2.00025, 2.28869, 0.000547, 
0, 0, 2.08602, 2.11588, 0.000597, 
0, 0, 3.68158, 2.13986, 0.000946, 
0, 0.059011, 2.02855, 2.01839, 0.000705, 
0, 0, 3.1266, 2.3752, 0.000824, 
0, 0, 2.04213, 2.18556, 0.000724, 
0, 0, 2.00282, 2.12281, 0.000472, 
0, 0, 2.07878, 2.14991, 0.00062, 
0, 0, 2.02812, 2.02647, 0.000586, 
0.137141, 0, 1.98056, 1.99234, 0.000572, 
0, 0, 2.00527, 2.21075, 0.000547, 
0, 0, 1.96412, 2.24884, 0.000569, 
0, 0, 2.10094, 1.91362, 0.001078, 
0, 0, 1.94942, 2.02275, 0.000618, 
0, 0, 1.89498, 1.94243, 0.000524, 
0, 0, 2.00398, 1.9876, 0.000529, 
0, 0, 1.98547, 1.85033, 0.000675, 
0, 0, 2.87053, 1.88112, 0.000692, 
0, 0, 1.96113, 2.02511, 0.000536, 
0, 0, 1.97018, 2.01357, 0.000569, 
0.137276, 0, 6.98499, 1.9987, 0.000785, 
0, 0, 2.17752, 1.9018, 0.000755, 
0, 0, 1.99622, 2.00228, 0.000671, 
0, 0, 1.99195, 2.95469, 0.00059, 
0, 0, 1.99095, 1.9213, 0.000546, 
0, 0, 2.01185, 1.91334, 0.000836, 
0, 0, 2.05717, 2.08796, 0.000623, 
0, 0, 1.96552, 1.93868, 0.000515, 
0, 0, 1.95742, 3.01752, 0.000753, 
0.091404, 0, 1.99054, 2.43782, 0.000519, 
0, 0, 2.02565, 2.55959, 0.00051, 
0, 0, 2.11031, 3.18479, 0.000482, 
0, 0, 2.11629, 2.39373, 0.001389, 
0, 0, 2.11357, 2.4343, 0.000753, 
0, 0, 2.08718, 2.80066, 0.000762, 
0, 0, 2.03422, 2.76194, 0.00143, 
0, 0, 4.18772, 1.96595, 0.001221, 
0, 0, 4.0877, 1.9591, 0.000741, 
0, 0, 4.02243, 1.99974, 0.00071, 
0, 0, 3.7826, 2.13589, 0.000675, 
0.214996, 0, 3.54242, 2.15956, 0.000447, 
0, 0, 3.04914, 1.87507, 0.000997, 
0, 0, 5.0263, 1.7789, 0.001019, 
0, 0.058036, 4.21259, 2.22011, 0.000736, 
0, 0, 4.12834, 4.86437, 0.000701, 
0, 0, 3.98181, 4.32933, 0.000595, 
0, 0, 7.19592, 1.64053, 0.000484, 
0, 0, 3.72652, 1.60655, 0.000712, 
0, 0, 4.86039, 1.98725, 0.000771, 
0.152895, 0, 2.91951, 2.17598, 0.000702, 
0, 0, 5.61789, 1.99755, 0.001033, 
0, 0, 5.52808, 1.36572, 0.000777, 
0, 0, 11.8064, 2.80144, 0.000877, 
0, 0, 4.8098, 2.67952, 0.001033, 
0, 0, 5.687, 1.86576, 0.000898, 
0, 0, 5.718, 1.97345, 0.000675, 
0, 0, 5.8936, 2.0195, 0.000737, 
0, 0, 5.6337, 1.95292, 0.000689, 
0, 0, 5.62331, 1.83696, 0.000701, 
0.153715, 0, 5.74884, 2.75322, 0.001029, 
0, 0, 7.35185, 1.54541, 0.00061, 
0, 0, 5.48959, 2.1867, 0.000813, 
0, 0, 7.52811, 1.46957, 0.001289, 
0, 0, 6.39911, 1.62483, 0.001004, 
0, 0, 6.97487, 2.42746, 0.000498, 
0, 0, 6.81483, 2.01915, 0.001332, 
0, 0, 6.8408, 2.28892, 0.000533, 
0, 0, 7.53087, 1.63022, 0.000618, 
0, 0, 7.53413, 1.85138, 0.000751, 
0, 0, 6.68363, 2.2197, 0.000623, 
0.205813, 0, 9.06912, 2.71956, 0.000767, 
0, 0, 6.8158, 2.35185, 0.000991, 
0, 0, 7.89863, 1.87814, 0.000842, 
0, 0, 7.99606, 1.96452, 0.000693, 
0, 0, 8.99575, 2.30235, 0.000664, 
0, 0, 9.43783, 2.70064, 0.001302, 
0, 0, 25.8099, 3.48209, 0.001258, 
0, 0, 10.1306, 3.73787, 0.000907, 
0.02291, 0, 10.0117, 2.26238, 0.000853, 
0, 0, 9.81751, 1.94521, 0.001184, 
0, 0.066349, 1.80647, 1.98753, 0.001528, 
0, 0.055466, 1.75618, 2.5425, 0.000591, 
0, 0.05645, 1.69406, 2.16478, 0.000559, 
0, 0.090846, 2.55925, 2.34828, 0.000539, 
0, 0.046464, 1.62923, 2.29973, 0.000424, 
0, 0.065537, 1.79896, 2.1808, 0.000758, 
0, 0.055235, 1.7443, 2.25154, 0.00056, 
0.347848, 0.050896, 1.72805, 2.5246, 0.000468, 
0, 0.085395, 2.00794, 1.90569, 0.000543, 
0, 0.270855, 3.14414, 6.14464, 0.000879, 
0, 0.277206, 1.76698, 3.30368, 0.000683, 
0, 0.265058, 1.86299, 2.82376, 0.000558, 
0, 0.424635, 1.964, 3.27365, 0.001222, 
0, 0.479646, 2.12622, 1.93122, 0.000652, 
0, 0.251954, 1.75005, 2.3841, 0.000815, 
0, 0.468733, 1.81127, 2.29114, 0.000562, 
0.171487, 0.247658, 1.86486, 2.34235, 0.000562, 
0, 0.474245, 3.21121, 2.60649, 0.001146, 
0, 0.261964, 1.77626, 2.19952, 0.00048, 
0, 0.277171, 1.72024, 2.7136, 0.000897, 
0, 0.281623, 1.81817, 1.57207, 0.00067, 
0, 0.487106, 3.10285, 4.8264, 0.00098, 
0, 0.478631, 3.22868, 2.97747, 0.000963, 
0, 0.259267, 1.84625, 2.20981, 0.000595, 
0, 0.319119, 2.02368, 3.55947, 0.000408, 
0, 0.319947, 1.98586, 3.74523, 0.000803, 
0, 0.335468, 2.1137, 2.77251, 0.000781, 
0, 0.366488, 1.92222, 3.53956, 0.000579, 
0.209764, 0.319241, 1.9178, 2.62584, 0.000546, 
0, 0.9381, 2.12408, 3.15945, 0.000613, 
0, 0, 1.99938, 2.37378, 0.000843, 
0, 0, 3.24284, 3.44606, 0.001155, 
0, 0, 2.86774, 2.20281, 0.000735, 
0, 0, 1.90311, 2.31328, 0.00049, 
0, 0, 2.28823, 4.59903, 0.000615, 
0, 0, 2.24555, 4.50237, 0.000661, 
0, 0, 2.18124, 1.90699, 0.000552, 
0.345948, 1.57519, 2.41001, 3.40531, 0.001011, 
0, 0, 1.88724, 2.52831, 0.000517, 
0, 0, 1.98897, 2.00698, 0.000538, 
0, 0, 1.99367, 1.96132, 0.000648, 
0, 0, 2.51624, 11.0638, 0.000578, 
0, 0, 2.47484, 3.64943, 0.000718, 
0, 0, 2.54369, 7.59653, 0.000939, 
0, 0, 2.53526, 14.9689, 0.000939, 
0, 0, 2.3813, 4.22156, 0.000951, 
0.017419, 0, 2.3655, 3.63744, 0.00052, 
0, 0, 2.04152, 2.59144, 0.000554, 
0, 0, 2.17317, 3.06886, 0.000982, 
0, 0, 2.11153, 2.85408, 0.000639, 
0, 0, 2.01136, 1.74632, 0.00077, 
0, 0, 1.94994, 1.75113, 0.000671, 
0, 0, 1.92023, 2.00606, 0.000893, 
0, 0, 1.73647, 1.3477, 0.000703, 
0, 0, 1.96486, 1.38592, 0.000958, 
0, 0, 1.78803, 1.49869, 0.000695, 
0, 0, 3.02681, 2.48014, 0.000726, 
0.367915, 0, 1.87584, 1.95725, 0.000549, 
0, 0, 1.85723, 1.97357, 0.000493, 
0, 0, 1.75057, 1.91416, 0.000569, 
0, 0, 1.95091, 1.4545, 0.000902, 
0, 0, 1.81108, 1.82157, 0.000634, 
0, 0, 1.74107, 1.71507, 0.000462, 
0, 0, 1.72547, 1.59178, 0.000457, 
0, 0, 2.08665, 1.56459, 0.000864, 
0, 0, 1.74759, 1.486, 0.000574, 
0.245722, 0, 1.84927, 3.29806, 0.000574, 
0, 0, 2.18655, 3.19213, 0.000841, 
0, 0, 1.79301, 1.34251, 0.000504, 
0, 0, 1.90796, 3.51916, 0.000889, 
0, 0, 1.76715, 2.18183, 0.000819, 
0, 0, 1.78778, 1.66347, 0.000552, 
0, 0, 1.84405, 1.99687, 0.000556, 
0, 0, 1.69272, 2.6727, 0.000469, 
0, 1.3994, 1.6863, 1.73369, 0.000546, 
0, 0, 1.64298, 2.23379, 0.000604, 
0.221393, 0, 1.71566, 2.16443, 0.000567, 
0, 0, 1.71579, 1.75066, 0.001134, 
0, 0, 1.73859, 2.64864, 0.0006, 
0, 0, 1.73031, 2.19747, 0.001159, 
0, 0, 2.85966, 2.72486, 0.000616, 
0, 0, 1.61908, 2.56372, 0.000543, 
0, 0, 1.59058, 2.35248, 0.000541, 
0, 0, 1.57266, 2.15516, 0.000954, 
0, 0, 1.5673, 1.90852, 0.000563, 
0, 0, 1.60246, 2.40392, 0.000631, 
0, 0, 2.94538, 2.42339, 0.001266, 
0.316668, 0, 1.88161, 1.45464, 0.000914, 
0, 0, 1.87735, 1.36712, 0.000716, 
0, 0, 1.8429, 1.28105, 0.000503, 
0, 0, 1.77992, 1.27898, 0.000532, 
0, 0, 3.06577, 2.26086, 0.000942, 
0, 0, 3.18293, 1.32765, 0.000805, 
0, 0, 2.04025, 1.28873, 0.000731, 
0, 0, 1.87377, 2.52902, 0.000537, 
0, 0, 1.8734, 1.48718, 0.000794, 
0.016468, 0, 1.67297, 3.73453, 0.000835, 
0, 0, 1.59256, 1.24214, 0.000413, 
0, 0, 1.64343, 1.19972, 0.000573, 
0, 0, 1.78903, 1.7435, 0.00095, 
0, 0, 1.6094, 1.73363, 0.001185, 
0, 0, 2.01593, 1.2839, 0.00086, 
0, 0, 1.59471, 2.51879, 0.000708, 
0, 0, 2.0006, 1.16811, 0.000626, 
0, 0, 2.10526, 1.72513, 0.000591, 
0, 0, 1.98628, 1.19131, 0.000534, 
0, 0, 2.27805, 1.71378, 0.000705, 
0.355614, 0, 1.85411, 2.15288, 0.000629, 
0, 0, 2.14193, 1.63352, 0.000483, 
0, 0, 1.92335, 2.26736, 0.00089, 
0, 0, 2.09546, 2.52512, 0.000723, 
0, 0.460134, 2.37755, 1.42753, 0.000822, 
0, 0, 1.78111, 1.62499, 0.000384, 
0, 0, 1.77805, 1.40308, 0.000601, 
0, 0, 2.85748, 1.97793, 0.000515, 
0, 0, 2.35844, 1.89782, 0.000626, 
0.255209, 0, 1.80671, 1.98866, 0.000502, 
0, 0, 1.79778, 1.86976, 0.000479, 
0, 0, 1.8038, 1.57289, 0.000423, 
0, 0, 1.82345, 1.89305, 0.001464, 
0, 0, 1.86411, 1.31719, 0.000668, 
0, 0, 1.87746, 2.22764, 0.000656, 
0, 0, 3.03425, 1.83782, 0.000547, 
0, 0, 3.22722, 2.89246, 0.00088, 
0, 0, 1.94276, 2.29555, 0.000526, 
0, 0, 2.23099, 4.65832, 0.000571, 
0, 0, 1.97593, 2.404, 0.000524, 
0.295861, 0, 3.34335, 3.41162, 0.000868, 
0, 0, 1.80511, 1.82804, 0.000563, 
0, 0, 1.9701, 1.64174, 0.000663, 
0, 0, 3.23249, 1.55524, 0.000968, 
0, 0, 1.97435, 1.47013, 0.000558, 
0, 0, 1.97597, 1.3866, 0.000506, 
0, 0, 1.93437, 2.21113, 0.00048, 
0, 0, 2.09393, 2.2288, 0.000506, 
0, 0, 3.67184, 6.58972, 0.001233, 
0, 0, 2.09831, 5.79318, 0.000938, 
0.611837, 0, 2.64202, 5.82541, 0.000632, 
0, 0, 2.61907, 5.04821, 0.000664, 
0, 0, 2.482, 4.49928, 0.000605, 
0, 0, 2.49203, 4.88187, 0.001036, 
0, 0, 2.43371, 1.89993, 0.001134, 
0, 0, 2.55739, 3.80943, 0.00063, 
0, 0, 2.49369, 3.83318, 0.001074, 
0, 0, 3.72465, 4.29323, 0.000555, 
0, 0, 2.44776, 5.68967, 0.000583, 
0.011041, 0, 2.48598, 4.24025, 0.00056, 
0, 0, 2.72176, 5.622, 0.000835, 
0, 0, 2.76366, 2.57504, 0.000478, 
0, 0, 2.29985, 1.96014, 0.000455, 
0, 0, 2.46562, 2.78978, 0.000901, 
0, 0.187236, 2.08567, 2.43301, 0.000782, 
0, 0, 1.9776, 2.33855, 0.000894, 
0, 0, 1.95876, 2.63919, 0.000576, 
0, 0, 1.89945, 2.47378, 0.000779, 
0, 0, 1.82135, 1.50741, 0.000479, 
0, 0, 2.09157, 1.65515, 0.000971, 
0.360222, 0, 2.46294, 3.83601, 0.000507, 
0, 0, 1.96154, 2.59854, 0.000819, 
0, 0, 2.1402, 2.9597, 0.000777, 
0, 0, 2.20348, 2.95327, 0.001049, 
0, 0, 2.05901, 2.09722, 0.000649, 
0, 0, 3.60429, 2.31549, 0.000606, 
0, 0, 2.02878, 2.19153, 0.000567, 
0, 0, 2.01469, 1.77735, 0.000757, 
0, 0, 2.65234, 3.26682, 0.001079, 
0.130341, 0, 1.94555, 1.24119, 0.000445, 
0, 0, 2.09021, 2.16383, 0.000543, 
0, 0, 3.41211, 2.65948, 0.001003, 
0, 0, 2.93259, 1.66714, 0.000756, 
0, 0, 3.62436, 2.91793, 0.001315, 
0, 0, 2.42711, 1.38915, 0.001007, 
0, 0, 1.96946, 1.62733, 0.000489, 
0, 0, 1.90673, 1.6732, 0.000589, 
0, 0, 1.97881, 1.45447, 0.000502, 
0, 0, 3.44161, 2.6249, 0.001123, 
0, 0, 2.12872, 1.94705, 0.000671, 
0.176286, 0, 2.55275, 29.9479, 0.001057, 
0, 0, 2.17859, 2.14213, 0.001115, 
0, 0, 2.5263, 8.95564, 0.000627, 
0, 0, 2.43645, 13.211, 0.000703, 
0, 0, 2.41827, 28.4844, 0.000763, 
0, 0, 1.89449, 2.20289, 0.000537, 
0.399003, 0, 1.93057, 2.21241, 0.000976, 
0, 0, 2.92222, 1.16052, 0.000895, 
0, 0, 1.84879, 1.41255, 0.000901, 
0, 0.360629, 1.7748, 1.86451, 0.00077, 
0, 0, 1.60117, 1.37653, 0.000517, 
0, 0, 1.6658, 1.66939, 0.00053, 
0, 0, 2.74555, 2.92722, 0.001044, 
0, 0, 1.82834, 1.78996, 0.00092, 
0.035039, 0, 1.63177, 1.76193, 0.001035, 
0, 0, 2.82807, 2.46572, 0.000614, 
0, 0, 1.62051, 1.83707, 0.000432, 
0, 0, 1.58934, 1.79598, 0.000927, 
0, 0, 1.66438, 1.92554, 0.000831, 
0, 0, 1.71037, 1.80773, 0.000738, 
0, 0, 1.67266, 1.73457, 0.001026, 
0, 0, 1.60097, 1.60546, 0.000561, 
0, 0, 1.68626, 1.80601, 0.000784, 
0, 0, 1.60381, 1.88046, 0.000903, 
0, 0, 1.58309, 1.79881, 0.000691, 
0.51308, 0, 2.15912, 1.74827, 0.000725, 
0, 0, 1.70278, 2.05502, 0.000797, 
0, 0, 1.58289, 2.03973, 0.00064, 
0, 0, 34.0972, 2.03913, 0.000956, 
0, 0, 2.89054, 3.34726, 0.001009, 
0, 0, 1.51018, 1.73805, 0.000859, 
0, 0, 2.87734, 2.82947, 0.000451, 
0, 0, 2.87108, 5.50966, 0.001062, 
0, 0, 2.54686, 2.96597, 0.000676, 
0.287609, 0, 1.55848, 2.03041, 0.000579, 
0, 0, 2.75168, 2.33937, 0.0006, 
0, 0, 1.6962, 3.27998, 0.000583, 
0, 0, 1.6981, 2.94894, 0.00047, 
0, 0, 1.76502, 1.98563, 0.000633, 
0, 0, 2.74659, 2.6104, 0.000638, 
0, 0, 1.76998, 3.48672, 0.000587, 
0, 0, 1.68651, 3.37893, 0.001362, 
0, 0, 2.62946, 3.50266, 0.000756, 
0, 0, 1.58148, 1.69721, 0.000841, 
0.259251, 0, 1.73569, 2.49393, 0.000643, 
0, 0, 3.07803, 4.3836, 0.001417, 
0, 0, 1.71836, 1.80668, 0.000656, 
0, 0, 1.64546, 1.56867, 0.000472, 
0, 0, 2.0416, 2.78513, 0.000738, 
0, 0.57392, 1.56968, 1.75335, 0.000595, 
0, 0, 1.60346, 3.28523, 0.0008, 
0, 0, 1.661, 3.37568, 0.000774, 
0, 0, 1.69069, 1.90897, 0.001221, 
0, 0, 1.66687, 2.99013, 0.001017, 
0, 0, 2.87618, 3.64954, 0.001039, 
0.47251, 0, 1.60131, 2.01749, 0.000496, 
0, 0, 1.73379, 2.82998, 0.000501, 
0, 0, 1.74336, 1.99678, 0.000595, 
0, 0, 1.63839, 1.73599, 0.000967, 
0, 0, 1.61424, 2.86755, 0.000571, 
0, 0, 1.59141, 2.11469, 0.00052, 
0, 0, 2.8878, 3.3658, 0.000887, 
0, 0, 2.73651, 2.49234, 0.001293, 
0, 0, 1.65549, 1.63085, 0.00053, 
0.0083, 0, 1.83491, 2.07427, 0.0006, 
0, 0, 1.63564, 2.06702, 0.000692, 
0, 0, 1.60678, 1.55885, 0.000848, 
0, 0, 1.69998, 1.59028, 0.000463, 
0, 0, 1.63509, 1.57678, 0.000724, 
0, 0, 1.64187, 2.34157, 0.001251, 
0, 0, 1.6872, 1.93695, 0.000959, 
0, 0, 2.00421, 2.1066, 0.00068, 
0, 0, 1.93434, 1.87828, 0.000732, 
0, 0, 1.92015, 1.85158, 0.000873, 
0, 0, 1.91473, 1.89455, 0.000551, 
0, 0, 1.91676, 2.044, 0.001062, 
0.529492, 0, 2.03799, 2.08736, 0.001069, 
0, 0, 1.96347, 1.98848, 0.000687, 
0, 0, 1.90603, 2.73297, 0.000695, 
0, 0, 2.29435, 4.37148, 0.000771, 
0, 0, 1.99466, 5.51662, 0.000792, 
0, 0, 1.85497, 2.92903, 0.00043, 
0, 0, 2.2695, 5.03781, 0.000654, 
0, 0, 1.94229, 8.046, 0.000614, 
0.203389, 0, 2.03887, 3.99415, 0.000635, 
0, 0, 1.93227, 4.91051, 0.000628, 
0, 0, 1.94605, 1.37014, 0.00063, 
0, 0, 1.76625, 2.85069, 0.000598, 
0, 0, 1.97571, 1.41407, 0.000643, 
0, 0.31066, 3.32613, 1.74447, 0.000656, 
0, 0, 3.41008, 1.35586, 0.000764, 
0, 0, 1.88009, 1.28909, 0.000403, 
0, 0, 3.27547, 2.20109, 0.000789, 
0, 0, 1.98793, 1.94406, 0.00069, 
0, 0, 1.92013, 1.85294, 0.000549, 
0.23819, 0, 3.08131, 5.03059, 0.001736, 
0, 0, 2.97018, 3.92233, 0.000648, 
0, 0, 2.04002, 2.62947, 0.00045, 
0, 0, 2.05686, 2.62717, 0.000845, 
0, 0, 1.8567, 2.32377, 0.000689, 
0, 0, 1.90772, 1.67295, 0.001176, 
0, 0, 3.03737, 1.61119, 0.000938, 
0, 0, 1.92942, 1.49294, 0.000612, 
0, 0, 1.79469, 1.41097, 0.000423, 
0, 0, 1.86477, 2.17475, 0.00076, 
0.654971, 0, 1.83716, 2.09556, 0.000841, 
0, 0, 1.82862, 2.31161, 0.00039, 
0, 0, 1.9142, 2.96554, 0.000891, 
0, 0, 1.93308, 2.51018, 0.000843, 
0, 0, 3.09871, 2.85039, 0.000797, 
0, 0, 1.77296, 2.0149, 0.000739, 
0, 0, 1.90209, 2.13005, 0.00045, 
0, 0, 1.86021, 1.76696, 0.00045, 
0, 0, 1.87434, 2.15763, 0.00057, 
0.00413, 0, 2.30083, 3.51226, 0.000552, 
0, 0, 1.90621, 3.33859, 0.000481, 
0, 0, 1.79687, 2.62886, 0.000705, 
0, 0, 1.76696, 2.64331, 0.000757, 
0, 0, 1.89269, 2.13328, 0.000862, 
0, 0, 1.82822, 2.13995, 0.000661, 
0, 0, 1.75197, 1.8439, 0.000915, 
0, 0, 1.90322, 3.0855, 0.00106, 
0, 0, 2.02188, 4.03353, 0.000524, 
0, 0, 1.96482, 4.30529, 0.00068, 
0, 0, 2.04034, 4.1869, 0.000635, 
0.588136, 0, 1.99532, 4.78446, 0.001023, 
0, 0, 3.13603, 4.94471, 0.001022, 
0, 0, 1.88778, 2.78505, 0.000509, 
0, 0, 1.74549, 1.71781, 0.000603, 
0, 0.177702, 2.09498, 2.52132, 0.000587, 
0, 0, 2.36047, 3.72267, 0.000592, 
0, 0, 2.02278, 2.46456, 0.000926, 
0, 0, 2.73701, 2.22863, 0.00089, 
0.149645, 0, 1.98953, 4.22698, 0.000733, 
0, 0, 2.03126, 5.76998, 0.000434, 
0, 0, 1.82336, 2.23998, 0.000658, 
0, 0, 1.94571, 1.86236, 0.000646, 
0, 0, 2.057, 3.52092, 0.000876, 
0, 0, 2.0127, 4.17243, 0.000914, 
0, 0, 2.06525, 4.31958, 0.000738, 
0, 0, 2.0775, 2.67723, 0.000886, 
0, 0, 1.98961, 2.04446, 0.000497, 
0, 0, 3.25746, 7.47897, 0.000602, 
0, 0, 1.76828, 2.7251, 0.001153, 
0.120432, 0, 1.80772, 3.6638, 0.000731, 
0, 0, 1.77242, 2.29079, 0.001025, 
0, 0, 1.73017, 1.69514, 0.000463, 
0, 0, 1.93897, 1.97359, 0.000647, 
0, 0, 1.97375, 2.00364, 0.001483, 
0, 0, 1.89907, 4.37665, 0.000636, 
0, 0, 1.87983, 3.10031, 0.000621, 
0, 0, 1.84203, 2.98697, 0.000487, 
0, 0, 2.14129, 2.34411, 0.000892, 
0, 0, 1.79441, 1.89936, 0.000929, 
0, 0, 1.92937, 2.79952, 0.00066, 
0.675538, 0, 1.80254, 2.22595, 0.000386, 
0, 0, 1.81424, 2.63017, 0.000662, 
0, 0, 2.64301, 2.61357, 0.00065, 
0, 0, 1.96363, 2.54026, 0.000618, 
0, 0, 1.77823, 1.60528, 0.000577, 
0, 0, 3.13276, 2.73611, 0.001039, 
0, 0, 1.76134, 1.79103, 0.000901, 
0, 0, 2.08482, 1.38285, 0.000614, 
0, 0, 2.78868, 1.97764, 0.000797, 
0.008593, 0, 1.70656, 1.4743, 0.000522, 
0, 0, 3.13149, 3.31994, 0.000628, 
0, 0, 2.44871, 2.02856, 0.000618, 
0, 0, 1.68682, 4.41094, 0.00094, 
0, 0, 2.41421, 2.39362, 0.001059, 
0, 0.287047, 2.51118, 1.88299, 0.000813, 
0, 0, 3.13116, 1.80715, 0.001134, 
0, 0, 2.43005, 2.54581, 0.000937, 
0, 0, 5.16772, 1.98637, 0.001494, 
0, 0, 4.72727, 1.75051, 0.000727, 
0, 0, 6.88924, 1.825, 0.000545, 
0.47478, 0, 3.79562, 2.09679, 0.000641, 
0, 0, 3.01694, 1.55655, 0.000795, 
0, 0, 5.44611, 2.69501, 0.000596, 
0, 0, 3.05655, 1.50354, 0.000676, 
0, 0, 3.18796, 2.26574, 0.001133, 
0, 0, 3.13246, 2.24172, 0.000738, 
0, 0, 2.94331, 2.50709, 0.00044, 
0, 0, 2.99556, 4.14349, 0.001476, 
0, 0, 5.77739, 2.32145, 0.000838, 
0.287223, 0, 5.52971, 2.42449, 0.000472, 
0, 0, 5.76808, 2.49612, 0.000745, 
0, 0, 5.86546, 5.85779, 0.001113, 
0, 0, 6.41629, 4.60151, 0.000789, 
0, 0, 6.29386, 5.31301, 0.00108, 
0, 0, 5.64166, 4.95036, 0.000776, 
0, 0, 5.7805, 4.95061, 0.000571, 
0, 0, 5.70104, 5.38419, 0.00107, 
0, 0, 5.58278, 4.5765, 0.001005, 
0, 0, 5.58879, 1.92767, 0.000537, 
0.291221, 0, 5.78203, 2.45388, 0.001016, 
0, 0, 5.56215, 2.447, 0.00092, 
0, 0, 5.64448, 3.08093, 0.000906, 
0, 0, 8.41723, 3.58259, 0.000954, 
0, 0, 8.12007, 3.20635, 0.001393, 
0, 0, 8.32012, 4.63187, 0.000871, 
0, 0, 8.05864, 4.0791, 0.001085, 
0, 0, 8.23611, 3.22406, 0.000756, 
0, 0, 8.23189, 3.2574, 0.000806, 
0, 0, 9.5557, 6.87019, 0.000885, 
0, 0, 9.51776, 4.29507, 0.000615, 
0.775952, 0, 9.34366, 3.0201, 0.00077, 
0, 0, 9.11482, 4.89886, 0.001781, 
0, 0.332868, 1.63935, 1.98159, 0.000605, 
0, 0.330336, 1.52626, 1.68607, 0.000606, 
0, 0.328097, 1.58275, 1.75207, 0.000511, 
0, 0.326762, 1.54462, 2.06541, 0.000499, 
0, 0.339509, 1.63567, 1.84998, 0.000559, 
0.00339, 0.348286, 1.6825, 2.71387, 0.000856, 
0, 0.347406, 1.56727, 2.34688, 0.000589, 
0, 0.354103, 1.7107, 2.16609, 0.000862, 
0, 0.621915, 2.92817, 2.66219, 0.000926, 
0, 0.340101, 1.68064, 2.10327, 0.000582, 
0, 0.410093, 1.7051, 2.45446, 0.001, 
0, 0.359373, 1.51689, 2.01019, 0.000988, 
0, 0.37702, 1.49369, 1.76087, 0.000708, 
0, 0.358653, 1.66755, 4.5059, 0.000523, 
0, 0.357061, 1.72071, 6.54589, 0.000839, 
0, 0.562191, 2.48364, 4.93919, 0.000884, 
0, 0.338371, 1.79352, 5.31832, 0.000608, 
0, 0.345189, 1.56694, 7.31754, 0.000656, 
0.604964, 0.344598, 1.51057, 4.73575, 0.000558, 
0, 0.335818, 1.63021, 2.33465, 0.000412, 
0, 0.622382, 2.88593, 10.7946, 0.000718, 
0, 0.339434, 1.63606, 3.63477, 0.000712, 
0, 0.321311, 1.551, 3.66274, 0.000484, 
0, 0.321138, 1.63576, 4.92004, 0.001083, 
0, 1.1403, 2.84196, 6.64861, 0.000739, 
0, 0.622519, 1.66759, 2.27511, 0.000582, 
0.112798, 0.682074, 1.57983, 4.39003, 0.000554, 
0, 0.631402, 1.73421, 6.68667, 0.000568, 
0, 14.7502, 1.74899, 2.91884, 0.000681, 
0, 0, 1.83306, 3.65342, 0.000731, 
0, 0, 1.77744, 3.35347, 0.000626, 
0, 0, 1.70285, 2.88581, 0.000541, 
0, 0, 1.67471, 3.33709, 0.000502, 
0, 0, 1.79615, 5.22937, 0.00069, 
0, 0, 1.7612, 7.54074, 0.001192, 
0, 0, 1.95883, 4.66636, 0.000696, 
0, 0, 1.76007, 4.54849, 0.001075, 
0.176993, 0, 3.04478, 5.76289, 0.001074, 
0, 0, 1.85021, 5.47208, 0.000629, 
0, 0, 1.86557, 5.78792, 0.000881, 
0, 13.0454, 1.79668, 5.47231, 0.00065, 
0, 0, 1.59692, 3.08063, 0.000848, 
0, 0, 1.62245, 1.93966, 0.000568, 
0, 0, 1.61867, 2.01193, 0.000349, 
0, 0, 1.62606, 3.47415, 0.000862, 
0, 0, 1.5608, 3.6797, 0.000788, 
0, 0, 1.85727, 5.96922, 0.000654, 
0.593117, 0, 1.78833, 4.38672, 0.001058, 
0, 0, 1.64836, 4.27105, 0.000594, 
0, 0, 1.71101, 2.65274, 0.000624, 
0, 0, 1.6409, 2.61435, 0.001054, 
0, 0, 1.60618, 2.63554, 0.000563, 
0, 0, 1.6976, 2.10453, 0.000818, 
0, 0, 1.70008, 4.19054, 0.000672, 
0, 0, 2.11641, 4.6987, 0.000618, 
0, 0, 1.56934, 2.20633, 0.000561, 
0.014386, 0, 1.68549, 4.91714, 0.000587, 
0, 0, 2.42008, 4.21487, 0.000695, 
0, 0, 1.5511, 3.055, 0.000852, 
0, 0, 1.60797, 2.25445, 0.000526, 
0, 0, 1.6776, 4.24139, 0.000884, 
0, 0, 1.51462, 3.06339, 0.000827, 
0, 0, 1.49782, 2.87423, 0.000838, 
0, 0, 1.47035, 3.10914, 0.00059, 
0, 0, 1.48897, 5.7029, 0.000641, 
0, 0, 1.60299, 3.30719, 0.000784, 
0, 0, 1.38159, 2.73755, 0.000606, 
0.382893, 0, 1.36612, 2.6801, 0.000899, 
0, 0, 1.38435, 3.46561, 0.000637, 
0, 0, 1.78915, 3.15491, 0.000946, 
0, 0, 1.251, 2.22069, 0.000605, 
0, 0, 1.23389, 2.71553, 0.000558, 
0, 0, 2.30427, 3.50907, 0.000481, 
0, 0, 1.31226, 2.65556, 0.000446, 
0, 0, 1.23377, 2.36464, 0.001498, 
0, 0, 2.1868, 2.79023, 0.001014, 
0.217922, 0, 1.18283, 2.29475, 0.000504, 
0, 0, 1.26946, 2.65503, 0.000687, 
0, 0, 1.21031, 2.77471, 0.000724, 
0, 0, 1.19306, 2.30105, 0.000549, 
0, 4.25224, 1.29766, 2.33698, 0.000772, 
0, 0, 1.25689, 1.97548, 0.00057, 
0, 0, 1.22954, 2.10838, 0.000447, 
0, 0, 1.23454, 2.73782, 0.000521, 
0, 0, 1.24266, 1.93068, 0.000834, 
0, 0, 1.22574, 2.14989, 0.000638, 
0.277176, 0, 1.20581, 2.81757, 0.000851, 
0, 0, 1.26059, 2.55095, 0.000848, 
0, 0, 1.27249, 1.99843, 0.000898, 
0, 0, 1.34472, 2.9631, 0.000811, 
0, 0, 2.29942, 4.12042, 0.001217, 
0, 0, 1.2405, 2.09053, 0.000389, 
0, 0, 2.2174, 3.21225, 0.000653, 
0, 0, 1.27476, 2.02062, 0.000862, 
0, 0, 2.40503, 6.51957, 0.000772, 
0, 0, 1.30251, 2.15335, 0.000462, 
0, 0, 1.25978, 2.25794, 0.000679, 
0.647471, 0, 1.22772, 1.60835, 0.000702, 
0, 0, 1.31089, 4.1699, 0.000494, 
0, 0, 1.33873, 6.07229, 0.000615, 
0, 0, 2.13184, 7.38378, 0.000599, 
0, 0, 1.29232, 4.76112, 0.001294, 
0, 0, 1.29091, 3.03284, 0.000986, 
0, 0, 1.34569, 2.55326, 0.000608, 
0, 0, 1.32563, 2.74872, 0.000853, 
0, 0, 1.28494, 3.45462, 0.000575, 
0.008779, 0, 1.31409, 2.55927, 0.00062, 
0, 0, 2.26143, 6.35379, 0.001113, 
0, 0, 2.27363, 4.08533, 0.00129, 
0, 0, 2.28698, 4.73197, 0.001185, 
0, 0, 1.36853, 2.17124, 0.000823, 
0, 0, 1.25951, 4.13606, 0.000802, 
0, 0, 1.29173, 4.04152, 0.001158, 
0, 0, 1.38155, 4.57516, 0.00092, 
0, 0, 2.37333, 4.47345, 0.001011, 
0, 0, 2.2517, 3.9274, 0.000941, 
0, 0, 1.25391, 3.21586, 0.000698, 
0.78646, 0, 1.21737, 2.65352, 0.00062, 
0, 0, 1.29659, 4.17179, 0.000784, 
0, 0, 1.31756, 3.56873, 0.000601, 
0, 2.79019, 1.28, 3.06542, 0.001086, 
0, 2.2162, 1.23307, 5.85148, 0.000772, 
0, 0, 1.21042, 3.30781, 0.000519, 
0, 0, 1.28278, 3.02704, 0.000737, 
0, 0, 1.30875, 7.24506, 0.001868, 
0.109317, 0, 1.24681, 5.98351, 0.000716, 
0, 0, 1.30219, 4.03275, 0.000859, 
0, 0, 2.26567, 4.94448, 0.000982, 
0, 0, 2.17406, 3.0171, 0.00064, 
0, 0, 1.23519, 3.12039, 0.000602, 
0, 0, 1.29874, 2.77202, 0.000698, 
0, 0, 1.2816, 2.61737, 0.000624, 
0, 0, 1.3368, 4.97025, 0.000567, 
0, 0, 1.24307, 2.28354, 0.000675, 
0, 0, 1.28963, 2.44694, 0.000627, 
0, 0, 1.31838, 2.33378, 0.000951, 
0, 0, 1.25763, 1.95129, 0.000774, 
0.109807, 0, 1.23699, 3.47651, 0.000562, 
0, 0, 1.26226, 2.72239, 0.000697, 
0, 0, 1.29735, 2.64443, 0.000733, 
0, 0, 1.27743, 2.538, 0.000702, 
0, 0, 1.25144, 2.20303, 0.000632, 
0, 0, 1.289, 3.09639, 0.000836, 
0, 0, 1.2763, 2.34951, 0.000847, 
0, 0, 1.54251, 2.07212, 0.000818, 
0, 0, 1.2757, 3.48323, 0.000719, 
0, 0, 1.25911, 1.84276, 0.000636, 
0.843595, 2.96314, 1.27249, 3.16776, 0.001337, 
0, 0, 1.93057, 5.31876, 0.000578, 
0, 0, 1.17383, 3.17234, 0.000634, 
0, 0, 2.24778, 2.80389, 0.000687, 
0, 0, 1.32642, 2.91176, 0.000601, 
0, 0, 1.22673, 3.0099, 0.000394, 
0, 0, 1.5536, 2.22056, 0.000453, 
0, 0, 1.36873, 3.27105, 0.00078, 
0, 0, 1.2583, 1.60303, 0.000649, 
0.004752, 0, 1.21407, 2.21299, 0.000457, 
0, 0, 1.20457, 2.21855, 0.000588, 
0, 0, 1.17992, 2.68094, 0.000546, 
0, 0, 1.2638, 2.75672, 0.000612, 
0, 2.80348, 1.25727, 2.21843, 0.000938, 
0, 0, 1.2434, 2.38647, 0.000821, 
0, 0, 1.26314, 2.20697, 0.001195, 
0, 0, 1.23442, 1.80471, 0.000615, 
0, 0, 1.84356, 3.33899, 0.000849, 
0, 0, 1.19802, 2.02595, 0.000989, 
0.508451, 0, 1.53758, 2.66259, 0.00107, 
0, 0, 1.39108, 2.04215, 0.00064, 
0, 0, 2.21617, 3.20527, 0.001195, 
0, 0, 1.11638, 2.24042, 0.000707, 
0, 0, 1.60959, 4.59556, 0.000928, 
0, 0, 1.55071, 5.4795, 0.000844, 
0, 0, 1.25675, 1.86499, 0.000459, 
0, 0, 1.20817, 2.02845, 0.000542, 
0.160541, 0, 1.52062, 5.72705, 0.000707, 
0, 0, 1.57101, 8.26264, 0.001139, 
0, 0, 1.53487, 6.05409, 0.000749, 
0, 0, 2.84698, 5.88917, 0.00095, 
0, 0, 1.44468, 7.64442, 0.00071, 
0, 0, 2.59791, 4.77753, 0.001298, 
0, 0, 2.50831, 4.18626, 0.001122, 
0, 0, 1.88122, 2.3503, 0.000696, 
0, 0, 1.37422, 2.55748, 0.00039, 
0, 0, 1.46526, 5.9705, 0.000815, 
0, 0, 1.57562, 4.4252, 0.001219, 
0.073607, 0, 1.50507, 9.59543, 0.000826, 
0, 0, 1.42499, 3.44975, 0.000727, 
0, 0, 1.43814, 5.43488, 0.000832, 
0, 0, 1.49144, 8.2309, 0.0012, 
0, 0, 1.43611, 2.77488, 0.000812, 
0, 0, 1.43131, 4.33147, 0.001077, 
0, 0, 1.48285, 2.84876, 0.000549, 
0, 0, 1.50586, 4.10812, 0.000613, 
0, 0, 1.4452, 4.78628, 0.000927, 
0, 0, 1.4491, 2.85749, 0.000989, 
0, 0, 1.43019, 2.92041, 0.000739, 
0.408641, 2.92099, 1.19906, 2.48576, 0.000788, 
0, 0, 1.07866, 2.56097, 0.000641, 
0, 0, 1.08212, 2.84587, 0.000579, 
0, 3.04056, 1.09436, 1.99743, 0.000706, 
0, 0, 1.9798, 4.57048, 0.001989, 
0, 0, 1.12642, 1.29299, 0.000697, 
0, 0, 1.07927, 1.72474, 0.000695, 
0, 0, 2.04926, 2.34464, 0.000967, 
0.027064, 0, 2.05165, 3.43421, 0.000938, 
0, 0, 1.97271, 2.95923, 0.000991, 
0, 0, 2.02736, 2.37793, 0.001017, 
0, 0, 1.14159, 1.83735, 0.000933, 
0, 0, 1.83638, 1.58048, 0.000574, 
0, 0, 1.14128, 1.43826, 0.001255, 
0, 0, 1.13943, 2.13479, 0.000979, 
0, 0, 1.09741, 2.33119, 0.001021, 
0, 0, 1.4456, 2.03168, 0.000629, 
0, 0, 1.46987, 1.70256, 0.001253, 
0, 0, 1.14904, 3.44005, 0.000684, 
0.392011, 0, 1.15637, 1.65259, 0.000411, 
0, 0, 1.0329, 1.93869, 0.000695, 
0, 0, 1.08217, 1.41153, 0.000779, 
0, 0, 1.06376, 1.23463, 0.000488, 
0, 0, 1.22638, 2.05758, 0.001277, 
0, 0, 1.09573, 2.72569, 0.000745, 
0, 0, 2.02836, 3.05912, 0.00072, 
0, 0, 1.06921, 3.76366, 0.000654, 
0, 0, 1.10591, 2.84947, 0.000822, 
0, 0, 1.08426, 2.18353, 0.000603, 
0.258803, 0, 1.15792, 3.84096, 0.000637, 
0, 0, 1.1459, 1.63554, 0.000651, 
0, 0, 1.13731, 4.41212, 0.000767, 
0, 0, 1.88838, 2.31121, 0.000532, 
0, 0, 1.9885, 6.81225, 0.000664, 
0, 0, 1.16473, 2.36449, 0.000581, 
0, 0, 1.20895, 3.36682, 0.000532, 
0, 0, 1.1527, 2.87692, 0.000699, 
0, 0, 2.05405, 4.85069, 0.000807, 
0, 0, 1.12213, 2.38508, 0.001153, 
0, 0, 1.10883, 2.96289, 0.00074, 
0.244721, 0, 1.114, 3.1056, 0.000613, 
0, 0, 2.0884, 8.53708, 0.000643, 
0, 0, 1.14921, 2.61637, 0.00103, 
0, 2.3604, 1.14275, 2.6838, 0.000857, 
0, 0, 1.10372, 3.36408, 0.000442, 
0, 0, 1.13516, 2.10519, 0.000695, 
0, 0, 1.11179, 2.48406, 0.000696, 
0, 0, 1.19601, 2.78196, 0.000742, 
0, 0, 1.10307, 2.82838, 0.000601, 
0, 0, 1.1579, 2.38512, 0.000821, 
0.630198, 0, 1.14108, 2.94202, 0.000567, 
0, 0, 1.11802, 2.90723, 0.000504, 
0, 0, 1.14476, 2.18058, 0.000674, 
0, 0, 1.89673, 2.32121, 0.000597, 
0, 0, 2.12805, 3.51016, 0.000571, 
0, 0, 1.20578, 4.84204, 0.000501, 
0, 0, 1.36179, 3.58791, 0.000959, 
0, 0, 2.15608, 6.52073, 0.001122, 
0, 0, 1.08435, 3.46513, 0.000838, 
0.008377, 0, 1.16213, 2.92297, 0.000605, 
0, 0, 1.14596, 2.32115, 0.000532, 
0, 0, 1.11705, 2.09964, 0.000527, 
0, 0, 1.24714, 3.581, 0.000871, 
0, 0, 1.16538, 2.70789, 0.001208, 
0, 0, 1.33357, 3.35541, 0.00125, 
0, 0, 1.19036, 3.28867, 0.001128, 
0, 0, 1.25391, 3.03889, 0.001131, 
0, 0, 1.11899, 2.91022, 0.000615, 
0, 0, 1.12509, 3.13599, 0.00065, 
0, 0, 1.09377, 2.58496, 0.000751, 
0.504079, 0, 1.16641, 4.11497, 0.000817, 
0, 0, 1.1591, 1.81867, 0.000476, 
0, 0, 2.17712, 3.73158, 0.001024, 
0, 0, 1.20066, 2.35092, 0.000854, 
0, 0, 1.17548, 2.52886, 0.000642, 
0, 0, 1.13649, 2.00696, 0.000999, 
0, 0, 1.14768, 3.24299, 0.000499, 
0, 0, 1.14639, 2.31401, 0.000538, 
0, 0, 2.2078, 4.59784, 0.000614, 
0.122068, 0, 1.12219, 3.09508, 0.000763, 
0, 0, 1.14456, 2.15244, 0.000695, 
0, 0, 1.1562, 2.87795, 0.000562, 
0, 0, 1.15645, 4.82402, 0.000832, 
0, 4.37186, 1.09466, 4.69966, 0.00061, 
0, 0, 1.07877, 3.33199, 0.000524, 
0, 0, 1.1691, 2.50024, 0.000571, 
0, 0, 1.12455, 4.52115, 0.000713, 
0, 0, 1.17869, 3.32607, 0.000645, 
0, 0, 2.15318, 3.21447, 0.000714, 
0, 0, 1.06274, 1.98762, 0.000634, 
0.166125, 0, 1.124, 1.90424, 0.000533, 
0, 0, 1.06397, 2.34082, 0.000588, 
0, 0, 1.13466, 2.12134, 0.000498, 
0, 0, 1.40396, 3.81174, 0.000547, 
0, 0, 1.11078, 2.64748, 0.00058, 
0, 0, 1.05661, 1.63357, 0.000709, 
0, 0, 1.09932, 2.36632, 0.000636, 
0, 0, 1.05796, 1.66611, 0.001173, 
0, 0, 1.09078, 2.4646, 0.000656, 
0, 0, 1.15532, 1.95958, 0.000908, 
0.764941, 0, 1.15233, 1.78882, 0.000688, 
0, 0, 1.0745, 1.35922, 0.000617, 
0, 0, 1.24421, 2.57886, 0.00087, 
0, 0, 1.09092, 1.26867, 0.000521, 
0, 0, 1.07939, 2.09417, 0.001326, 
0, 0, 1.21526, 2.86226, 0.00067, 
0, 0, 1.1061, 1.24477, 0.000528, 
0, 0, 1.05982, 1.18671, 0.000879, 
0, 0, 1.58285, 3.0421, 0.000585, 
0.190882, 0, 2.16338, 4.33035, 0.001134, 
0, 0, 2.96471, 3.42096, 0.000631, 
0, 0, 2.97244, 3.11977, 0.000937, 
0, 0, 2.99412, 2.85539, 0.000715, 
0, 0, 1.62629, 2.02298, 0.000962, 
0, 0, 1.49162, 3.01212, 0.001251, 
0, 0, 1.65696, 3.04183, 0.001485, 
0, 0, 1.61314, 2.1787, 0.001129, 
0, 0, 1.46886, 1.96405, 0.000613, 
0, 0, 1.45195, 2.47112, 0.000829, 
0, 0, 1.67169, 1.98279, 0.001341, 
0.734984, 0, 1.44439, 2.00578, 0.00052, 
0, 0, 1.4178, 1.66569, 0.000613, 
0, 0, 2.85311, 3.58395, 0.001119, 
0, 3.10072, 1.42371, 1.71629, 0.000784, 
0, 0, 2.76324, 2.7605, 0.000546, 
0, 0, 1.57047, 1.50248, 0.000471, 
0, 0, 1.40472, 1.61849, 0.000535, 
0, 0, 1.24103, 1.40887, 0.000568, 
0, 0, 1.25579, 2.46745, 0.000571, 
0.078381, 0, 1.20249, 1.46171, 0.000752, 
0, 0, 1.28406, 2.96271, 0.000538, 
0, 0, 1.25983, 2.20834, 0.000541, 
0, 0, 1.32154, 2.82557, 0.000775, 
0, 0, 1.36324, 2.72659, 0.000711, 
0, 0, 1.21018, 1.39014, 0.00061, 
0, 0, 1.17923, 1.45433, 0.000459, 
0, 0, 1.18831, 1.70857, 0.000624, 
0, 0, 1.25562, 2.072, 0.000505, 
0, 0, 2.45092, 3.02065, 0.000988, 
0.157395, 0, 2.22961, 3.11543, 0.000948, 
0, 0, 2.25212, 3.14366, 0.000772, 
0, 0, 2.26508, 1.90928, 0.000695, 
0, 0, 1.59929, 1.85023, 0.000758, 
0, 0, 2.25001, 3.16951, 0.000882, 
0, 0, 1.14745, 1.78806, 0.000797, 
0, 0, 1.20213, 1.74316, 0.000577, 
0, 0, 2.0541, 2.18936, 0.000608, 
0, 0, 1.93045, 3.14346, 0.000887, 
0, 0, 2.21503, 2.61607, 0.000935, 
0.246833, 0, 1.17588, 1.90364, 0.000626, 
0, 0, 1.22249, 1.87847, 0.000822, 
0, 0, 1.26785, 1.98015, 0.00091, 
0, 0, 1.20709, 1.91336, 0.000563, 
0, 0, 1.79828, 2.96578, 0.000631, 
0, 0, 1.18043, 1.94324, 0.000519, 
0, 0, 1.16465, 1.90815, 0.000556, 
0, 0, 1.21728, 2.0038, 0.000545, 
0, 0, 1.17358, 1.97958, 0.00053, 
0, 0, 1.27394, 2.02599, 0.000631, 
0.023763, 0, 2.43847, 3.49954, 0.000989, 
0, 0, 1.16632, 1.95569, 0.000934, 
0, 0, 1.228, 2.20163, 0.000647, 
0, 0, 1.26545, 1.99429, 0.000977, 
0, 2.21662, 1.26854, 1.93842, 0.000749, 
0, 0, 1.2303, 2.06247, 0.0011, 
0, 0, 1.24606, 1.90465, 0.001237, 
0, 0, 1.48698, 2.69012, 0.000875, 
0, 0, 1.39128, 2.04978, 0.001003, 
0.354236, 0, 1.52593, 2.04065, 0.001169, 
0, 0, 1.42971, 1.88262, 0.000764, 
0, 0, 1.21542, 1.91686, 0.000901, 
0, 0, 1.63088, 2.08946, 0.000555, 
0, 0, 1.5876, 2.31006, 0.001154, 
0, 0, 1.10626, 2.06304, 0.000738, 
0, 0, 1.11213, 2.54704, 0.000957, 
0, 0, 1.32313, 2.21313, 0.000975, 
0, 0, 1.33301, 1.86127, 0.000548, 
0, 0, 1.23158, 1.84954, 0.000578, 
0.152838, 0, 1.19373, 2.04109, 0.000768, 
0, 0, 1.17469, 1.96853, 0.000621, 
0, 0, 1.15536, 2.02165, 0.000803, 
0, 0, 1.08087, 1.79374, 0.000488, 
0, 0, 1.21229, 1.84369, 0.000773, 
0, 0, 1.10038, 1.73347, 0.000522, 
0, 0, 1.10429, 1.80282, 0.000495, 
0, 0, 0.592683, 1.57434, 0.000468, 
0, 0, 0.517388, 1.58966, 0.000538, 
0, 0, 0.570423, 2.01362, 0.000576, 
0.153483, 0, 0.523332, 1.98422, 0.001231, 
0, 0, 0.54735, 1.44687, 0.000539, 
0, 0, 0.555452, 1.54615, 0.000647, 
0, 0, 0.534135, 1.35436, 0.000705, 
0, 0, 0.592917, 1.29466, 0.000842, 
0, 0, 0.563404, 1.57337, 0.000866, 
0, 0, 0.519314, 1.47721, 0.000446, 
0, 0, 0.594417, 1.39923, 0.000487, 
0, 0, 0.556851, 1.33872, 0.00043, 
0, 0, 0.592054, 1.38876, 0.000678, 
0.353645, 0, 0.603477, 1.47357, 0.000974, 
0, 0, 0.57063, 1.1911, 0.000556, 
0, 0, 0.555924, 1.25509, 0.000588, 
0, 0, 0.53266, 1.34477, 0.000564, 
0, 0.95877, 0.564735, 1.5834, 0.000669, 
0, 0, 1.06268, 2.63161, 0.000921, 
0, 0, 1.05923, 2.45774, 0.000662, 
0, 0, 1.07931, 3.01436, 0.001101, 
0, 0, 1.09513, 3.06584, 0.00115, 
0, 0, 1.08024, 2.72771, 0.00112, 
0.014405, 0, 1.06046, 2.72991, 0.001011, 
0, 0, 1.09634, 2.31041, 0.000987, 
0, 0, 0.552174, 1.33961, 0.000778, 
0, 0, 1.02439, 2.5881, 0.000918, 
0, 0, 1.04573, 1.71831, 0.001177, 
0, 0, 0.644253, 1.73973, 0.00082, 
0, 0, 0.599027, 1.65485, 0.000537, 
0, 0, 0.628976, 1.62103, 0.000678, 
0, 0, 0.546003, 1.57373, 0.000648, 
0, 0, 1.10643, 1.41543, 0.001243, 
0, 0, 0.589065, 1.28003, 0.000574, 
0.459589, 0, 0.557625, 1.60502, 0.000529, 
0, 0, 0.579673, 1.77893, 0.000928, 
0, 0, 0.987309, 1.51422, 0.000458, 
0, 0, 0.564956, 1.62002, 0.000689, 
0, 0, 0.573381, 1.50449, 0.000647, 
0, 0, 1.04299, 2.70577, 0.000821, 
0, 0, 1.09818, 2.39239, 0.001274, 
0, 0, 1.11784, 1.41926, 0.000626, 
0, 0, 0.928263, 2.1773, 0.00061, 
0.165599, 0, 0.938799, 1.75693, 0.000518, 
0, 0, 0.812207, 1.8019, 0.000641, 
0, 0, 0.989536, 1.23188, 0.000523, 
0, 0, 0.538296, 1.49975, 0.000745, 
0, 0, 1.06358, 2.14515, 0.001202, 
0, 0, 1.02322, 1.29151, 0.000735, 
0, 0, 1.02159, 2.47682, 0.000549, 
0, 0, 1.02312, 2.08032, 0.001091, 
0, 0, 1.03664, 2.07984, 0.001017, 
0, 0, 1.00945, 1.28343, 0.000725, 
0.152468, 0, 1.04159, 2.16222, 0.000994, 
0, 0, 1.06305, 2.25683, 0.001104, 
0, 0, 0.678782, 1.28918, 0.000754, 
0, 0, 0.890586, 2.12789, 0.000926, 
0, 0.296967, 0.666025, 1.57947, 0.000672, 
0, 0, 0.626772, 1.58776, 0.000513, 
0, 0, 1.20851, 1.71401, 0.000554, 
0, 0, 0.603116, 1.38941, 0.000862, 
0, 0, 0.652616, 1.46375, 0.000611, 
0, 0, 0.613549, 1.41131, 0.000915, 
0.51384, 0, 0.679265, 1.48392, 0.001069, 
0, 0, 1.19939, 2.50163, 0.001225, 
0, 0, 1.21033, 2.55823, 0.001051, 
0, 0, 0.690851, 1.32949, 0.000856, 
0, 0, 0.687552, 1.29533, 0.000584, 
0, 0, 0.704007, 1.41242, 0.00062, 
0, 0, 0.703568, 1.40802, 0.000637, 
0, 0, 0.680426, 1.42585, 0.000737, 
0, 0, 1.04103, 2.58744, 0.001243, 
0, 0, 1.16435, 2.28708, 0.001459, 
0.013619, 0, 1.05536, 1.33583, 0.001088, 
0, 0, 0.695089, 1.5436, 0.000647, 
0, 0, 0.749188, 1.5176, 0.000834, 
0, 0, 0.69155, 1.54752, 0.000744, 
0, 0, 0.708046, 1.58575, 0.002232, 
0, 0, 0.632264, 1.35395, 0.001033, 
0, 0, 0.616982, 1.30921, 0.001219, 
0, 0, 0.659756, 1.55684, 0.000909, 
0, 0, 0.691654, 1.53979, 0.00117, 
0, 0, 0.689502, 1.55622, 0.000661, 
0.644771, 0, 1.12546, 1.60278, 0.00085, 
0, 0, 1.20057, 2.55616, 0.000919, 
0, 0, 1.22884, 2.71401, 0.001121, 
0, 0, 1.16319, 2.23285, 0.00122, 
0, 0, 0.706787, 1.57301, 0.001135, 
0, 0, 0.679411, 1.51288, 0.000684, 
0, 0, 1.17824, 2.59659, 0.000757, 
0, 0, 0.647408, 1.61206, 0.000502, 
0, 0, 0.668063, 1.36514, 0.000622, 
0, 0, 0.620702, 1.36238, 0.000656, 
0.161858, 0, 0.660345, 1.37276, 0.000678, 
0, 0, 0.62093, 1.3565, 0.000723, 
0, 0, 1.19194, 2.42291, 0.001138, 
0, 0, 0.726253, 1.38115, 0.000999, 
0, 0.156332, 0.661217, 1.56177, 0.000987, 
0, 0, 0.645802, 1.36069, 0.000472, 
0, 0, 0.602601, 1.36677, 0.000394, 
0, 0, 0.641057, 1.33701, 0.000498, 
0, 0, 0.981897, 2.02259, 0.000632, 
0, 0, 0.608362, 1.29492, 0.00096, 
0.179065, 0, 0.611683, 1.30624, 0.000731, 
0, 0, 0.678396, 1.36323, 0.000703, 
0, 0, 0.630792, 1.41792, 0.000599, 
0, 0, 0.64229, 1.39966, 0.000566, 
0, 0, 0.678735, 1.43025, 0.00061, 
0, 0, 1.10343, 1.284, 0.00078, 
0, 0, 0.671185, 1.33334, 0.000619, 
0, 0, 0.750585, 1.46609, 0.000692, 
0, 0, 0.638771, 1.57886, 0.000713, 
0, 0, 0.857653, 1.66994, 0.000697, 
0.426445, 0, 0.662131, 1.57374, 0.000881, 
0, 0, 0.643186, 1.624, 0.000567, 
0, 0, 1.17096, 2.22253, 0.000856, 
0, 0, 0.656362, 1.2436, 0.000593, 
0, 0, 0.650756, 1.26463, 0.000807, 
0, 0, 0.599664, 1.2353, 0.000595, 
0, 0, 0.646114, 1.24649, 0.000923, 
0, 0, 0.693695, 1.62479, 0.000871, 
0, 0, 0.737883, 1.54706, 0.001063, 
0, 0, 0.695972, 1.8373, 0.001087, 
0.008799, 0, 0.710495, 1.64174, 0.000657, 
0, 0, 1.23529, 2.68372, 0.000738, 
0, 0, 1.22091, 2.73634, 0.000945, 
0, 0, 1.21186, 2.53254, 0.001214, 
0, 0, 0.686254, 1.53921, 0.003277, 
0, 0, 0.673085, 1.39491, 0.000696, 
0, 0, 0.66798, 1.37979, 0.000746, 
0, 0, 0.709848, 1.41853, 0.000649, 
0, 0, 0.6702, 1.45429, 0.002764, 
0, 0, 1.21433, 2.40143, 0.001099, 
0.577004, 0, 1.25684, 2.44101, 0.000838, 
0, 0, 0.683216, 1.6513, 0.000518, 
0, 0, 0.720451, 1.61519, 0.000882, 
0, 0.055773, 0.902732, 1.81341, 0.001321, 
0, 0, 0.731476, 1.72656, 0.000662, 
0, 0, 0.731371, 1.81133, 0.000901, 
0, 0, 1.09202, 2.79088, 0.000862, 
0, 0, 1.06938, 2.76835, 0.001215, 
0, 0, 1.07767, 2.75765, 0.000952, 
0.179567, 0, 1.01749, 1.72116, 0.000656, 
0, 0, 1.08612, 2.76596, 0.000781, 
0, 0, 1.06416, 2.75333, 0.000729, 
0, 0, 1.05035, 2.5597, 0.000791, 
0, 0, 1.14179, 2.98409, 0.001352, 
0, 0, 1.23403, 2.90877, 0.001275, 
0, 0, 0.731033, 1.68484, 0.000858, 
0, 0, 0.673807, 1.40702, 0.000557, 
0, 0, 0.704696, 1.4295, 0.0006, 
0, 0, 0.719578, 1.41176, 0.000627, 
0.148782, 0, 0.652709, 1.44846, 0.001368, 
0, 0, 0.718245, 1.43091, 0.000616, 
0, 0, 0.69977, 1.47593, 0.000844, 
0, 0, 0.683034, 1.60939, 0.000727, 
0, 0, 0.702395, 1.44232, 0.000621, 
0, 0, 0.629701, 1.36915, 0.000508, 
0, 0, 0.702075, 1.38815, 0.00059, 
0, 0, 0.651773, 1.36467, 0.000513, 
0, 0, 0.672164, 1.37099, 0.000871, 
0, 0, 0.725927, 1.47191, 0.000953, 
0.664199, 0, 1.25861, 2.53689, 0.001659, 
0, 0, 1.19425, 2.4526, 0.00106, 
0, 0, 1.1841, 2.45582, 0.001027, 
0, 0, 1.21639, 2.45701, 0.001059, 
0, 0, 0.711049, 1.51613, 0.00073, 
0, 0, 0.711149, 1.52126, 0.000733, 
0, 0, 0.75743, 1.45973, 0.000894, 
0, 0, 1.1994, 2.02469, 0.001107, 
0, 0, 0.713864, 1.48855, 0.000971, 
0, 0, 1.22146, 1.90068, 0.000621, 
0.02307, 0, 0.726194, 1.61433, 0.000743, 
0, 0, 0.68061, 1.51089, 0.000561, 
0, 0, 0.675178, 1.51174, 0.000616, 
0, 0, 0.659502, 1.47452, 0.000715, 
0, 0.013346, 0.714224, 2.23214, 0.001086, 
0, 0, 0.648579, 1.44046, 0.000486, 
0, 0, 0.675618, 1.51306, 0.000475, 
0, 0, 0.681689, 1.44144, 0.000937, 
0, 0, 0.73521, 1.46044, 0.001043, 
0, 0, 0.711983, 1.45502, 0.000698, 
0.481298, 0, 0.653739, 1.47861, 0.000612, 
0, 0, 0.661414, 1.57282, 0.000617, 
0, 0, 0.739171, 1.58063, 0.000667, 
0, 0, 0.742951, 1.51741, 0.000621, 
0, 0, 0.690933, 1.48486, 0.000751, 
0, 0, 0.683343, 1.45847, 0.000646, 
0, 0, 0.647697, 1.4337, 0.000741, 
0, 0, 1.20309, 2.47074, 0.000912, 
0, 0, 1.22982, 2.547, 0.001007, 
0, 0, 0.840019, 1.50326, 0.000721, 
0.149485, 0, 0.691878, 1.42108, 0.000692, 
0, 0, 0.701007, 1.48831, 0.000566, 
0, 0, 0.706501, 1.55657, 0.000734, 
0, 0, 0.644358, 1.43091, 0.000527, 
0, 0, 0.665586, 1.44145, 0.000772, 
0, 0, 0.629959, 1.45711, 0.000566, 
0, 0, 0.649454, 1.47842, 0.000823, 
0, 0, 0.653411, 1.42835, 0.000563, 
0, 0, 1.21808, 2.04371, 0.000693, 
0, 0, 1.20519, 2.63365, 0.001017, 
0.145203, 0, 1.07934, 2.03229, 0.000666, 
0, 0, 0.717229, 1.44559, 0.00087, 
0, 0, 1.18517, 2.58766, 0.00174, 
0, 0, 0.672084, 1.47146, 0.000605, 
0, 0, 0.668923, 1.35993, 0.00073, 
0, 0, 1.20447, 1.81074, 0.000605, 
0, 0, 0.631536, 1.59881, 0.000461, 
0, 0, 0.689468, 1.42725, 0.000493, 
0, 0, 0.738307, 1.58831, 0.000681, 
0, 0, 0.726312, 1.66871, 0.000747, 
0, 0, 0.681641, 1.63969, 0.000819, 
0.557766, 0, 0.68322, 1.42858, 0.000748, 
0, 0, 0.648199, 1.37441, 0.000921, 
0, 0, 1.26149, 2.9962, 0.001563, 
0, 0, 1.23944, 2.28292, 0.000745, 
0, 0, 0.682549, 1.42892, 0.000719, 
0, 0, 0.641651, 1.59504, 0.000458, 
0, 0, 0.677361, 1.40962, 0.000504, 
0, 0, 0.61095, 1.60535, 0.000651, 
0, 0, 0.715389, 1.43174, 0.000624, 
0.020562, 0, 0.71374, 1.51485, 0.001394, 
0, 0, 0.688973, 1.5225, 0.000596, 
0, 0, 1.25286, 2.76142, 0.001424, 
0, 0, 1.03012, 1.54497, 0.000731, 
0, 0, 1.25432, 1.79829, 0.001418, 
0, 0, 0.704274, 1.52193, 0.001496, 
0, 0, 0.674504, 1.67098, 0.000753, 
0, 0, 0.710089, 1.63055, 0.001021, 
0, 0, 0.732429, 1.78784, 0.000674, 
0, 0, 0.637297, 1.79798, 0.001227, 
0.413989, 0, 0.657436, 1.54464, 0.00088, 
0, 0, 0.645321, 1.42292, 0.000703, 
0, 0, 0.738728, 1.53815, 0.000578, 
0, 0, 0.714378, 1.59472, 0.000628, 
0, 0, 1.21749, 2.65091, 0.001181, 
0, 0, 1.18314, 2.65661, 0.001027, 
0, 0, 0.633361, 1.57305, 0.000895, 
0, 0, 0.68149, 1.50586, 0.000632, 
0, 0, 0.682612, 1.48659, 0.000579, 
0, 0, 0.66274, 1.59233, 0.00062, 
0.180696, 0, 0.644004, 1.5336, 0.000593, 
0, 0, 0.678061, 1.46503, 0.000742, 
0, 0, 0.648306, 1.52612, 0.000729, 
0, 0, 1.22479, 2.13038, 0.00071, 
0, 0, 0.678999, 1.47007, 0.000777, 
0, 0, 0.675386, 1.43833, 0.000547, 
0, 0, 0.642917, 1.47243, 0.000586, 
0, 0, 0.64674, 1.48257, 0.000694, 
0, 0, 0.723659, 1.47301, 0.00067, 
0, 0, 1.19413, 2.16275, 0.000718, 
0.152538, 0, 1.23024, 1.42858, 0.000638, 
0, 0, 0.633365, 1.48032, 0.000926, 
0, 0, 0.677109, 1.45638, 0.000581, 
0, 0, 0.667105, 1.45041, 0.000556, 
0, 0, 0.730008, 1.49837, 0.001057, 
0, 0, 0.64565, 1.48116, 0.000674, 
0, 0, 0.673403, 1.50937, 0.001012, 
0, 0, 0.65575, 1.37709, 0.000654, 
0, 0, 0.650354, 1.36416, 0.000626, 
0, 0, 0.906797, 1.55423, 0.00062, 
0.347432, 0, 0.696881, 1.43304, 0.000654, 
0, 0, 0.651875, 1.3705, 0.000622, 
0, 0, 0.691431, 1.37418, 0.000623, 
0, 0, 0.637337, 1.38678, 0.000639, 
0, 0, 1.14306, 1.41155, 0.000653, 
0, 0, 1.13878, 2.24051, 0.00114, 
0, 0, 0.598162, 1.30155, 0.000796, 
0, 0, 1.16037, 2.01081, 0.000738, 
0, 0, 0.668015, 1.46758, 0.000947, 
0, 0, 0.697567, 1.47828, 0.000647, 
0.036565, 0, 0.699676, 1.38857, 0.000598, 
0, 0, 0.690485, 1.22606, 0.00089, 
0, 0, 0.610365, 1.24964, 0.00059, 
0, 0, 0.662901, 1.44982, 0.000788, 
0, 0, 0.652317, 1.46168, 0.000738, 
0, 0, 0.628388, 1.44829, 0.000664, 
0, 0, 0.646145, 1.47342, 0.000531, 
0, 0, 0.685288, 1.42037, 0.001417, 
0, 0, 0.677316, 1.35518, 0.000666, 
0, 0, 0.625978, 1.43032, 0.001077, 
0.451609, 0, 1.20355, 2.4592, 0.000982, 
0, 0, 0.584915, 1.25004, 0.000787, 
0, 0, 1.08587, 1.23377, 0.000539, 
0, 0, 1.14825, 2.38402, 0.001078, 
0, 0, 1.18177, 2.34727, 0.00108, 
0, 0, 0.855743, 1.25426, 0.001293, 
0, 0, 0.69914, 1.24954, 0.0006, 
0, 0, 0.67785, 1.31134, 0.000497, 
0, 0, 0.680304, 1.35992, 0.000824, 
0, 0, 0.635639, 1.34956, 0.000805, 
0.113921, 0, 0.643097, 1.33581, 0.000835, 
0, 0, 1.14606, 1.94602, 0.000849, 
0, 0, 1.08971, 1.31966, 0.000455, 
0, 0, 0.732505, 1.25539, 0.000961, 
0, 0, 0.650982, 1.2408, 0.000913, 
0, 0, 0.624864, 1.252, 0.000983, 
0, 0, 0.621878, 1.31545, 0.000527, 
0, 0, 0.632038, 1.35473, 0.000601, 
0, 0, 0.690804, 1.34153, 0.000621, 
0, 0, 0.606634, 1.33647, 0.000614, 
0.08222, 0, 0.625966, 1.37925, 0.000713, 
0, 0, 0.656929, 1.19952, 0.000716, 
0, 0, 0.661296, 1.2383, 0.000708, 
0, 0, 0.618262, 1.3791, 0.001199, 
0, 0, 0.628537, 1.36959, 0.00058, 
0, 0, 0.674853, 1.37122, 0.00106, 
0, 6.43911, 2.45307, 3.54048, 0.000669, 
0, 0, 1.27297, 2.35643, 0.00053, 
0, 0, 1.33487, 2.38779, 0.000706, 
0, 0, 2.46363, 4.34151, 0.001074, 
0.387622, 0, 2.42919, 4.3278, 0.000781, 
0, 0, 1.86338, 2.61984, 0.000882, 
0, 0, 1.3852, 2.70146, 0.001109, 
0, 0, 1.32557, 2.60083, 0.000628, 
0, 0, 1.31203, 2.66752, 0.000609, 
0, 0, 1.39803, 2.4695, 0.001283, 
0, 0, 2.46916, 4.00275, 0.000675, 
0, 0, 1.33505, 3.05504, 0.000906, 
0, 0, 1.37563, 3.16313, 0.000826, 
0, 0, 1.28789, 2.07582, 0.000772, 
0.013664, 0, 1.35233, 1.99864, 0.000812, 
0, 0, 1.2893, 3.24612, 0.000583, 
0, 0, 1.43693, 3.22031, 0.000542, 
0, 0, 1.39939, 3.04383, 0.000598, 
0, 0, 1.89122, 3.94971, 0.001892, 
0, 0, 1.32758, 3.3946, 0.000693, 
0, 0, 1.36541, 3.06589, 0.000824, 
0, 0, 1.3247, 2.98237, 0.000608, 
0, 0, 1.39403, 4.79269, 0.001074, 
0, 0, 1.73658, 2.54327, 0.000722, 
0, 0, 2.45207, 3.37378, 0.000887, 
0.412955, 6.10914, 1.53513, 4.79045, 0.001166, 
0, 5.9367, 1.50936, 8.25753, 0.001056, 
0, 5.87165, 1.4179, 2.99128, 0.000983, 
0, 5.87885, 1.54302, 3.05376, 0.000728, 
0, 5.78897, 1.50954, 4.59648, 0.000679, 
0, 5.85208, 1.54775, 4.69769, 0.000709, 
0, 5.7019, 1.4891, 3.85584, 0.001363, 
0, 5.81815, 1.42194, 5.50092, 0.001245, 
0, 5.83695, 1.50975, 5.37733, 0.000935, 
0.324369, 13.364, 1.42634, 2.59873, 0.000686, 
0, 0, 1.40695, 2.31943, 0.000896, 
0, 0, 1.36129, 2.30623, 0.000848, 
0, 16.2944, 2.00983, 4.69506, 0.000899, 
0, 0, 1.55339, 3.80953, 0.000719, 
0, 0, 1.37066, 2.8821, 0.000655, 
0, 0, 1.51067, 2.64198, 0.000631, 
0, 0, 1.41483, 2.49474, 0.001046, 
0.244063, 16.9891, 1.48592, 2.38206, 0.000638, 
0, 0, 1.45517, 2.37902, 0.000667, 
0, 0, 2.87329, 2.93733, 0.000694, 
0, 0, 1.49109, 2.72397, 0.001086, 
0, 0, 1.47927, 2.84346, 0.000621, 
0, 0, 1.37678, 2.28295, 0.000468, 
0, 0, 1.28009, 2.61549, 0.000451, 
0, 0, 1.45658, 3.49211, 0.000584, 
0, 0, 1.4581, 2.80348, 0.000696, 
0, 0, 1.50052, 2.36453, 0.00087, 
0.295534, 0, 1.50385, 1.75087, 0.00068, 
0, 0, 1.47304, 2.211, 0.001247, 
0, 0, 2.88621, 4.97599, 0.001076, 
0, 0, 2.64887, 2.91219, 0.000636, 
0, 0, 2.2009, 2.93085, 0.000435, 
0, 0, 1.43677, 2.06628, 0.000545, 
0, 0, 1.42529, 2.6489, 0.00085, 
0, 0, 1.46464, 2.47665, 0.000759, 
0.141735, 0, 1.53105, 4.03818, 0.000825, 
0, 0, 1.67191, 3.73359, 0.000635, 
0, 0, 1.41877, 2.36851, 0.00043, 
0, 0, 1.61135, 4.57928, 0.001271, 
0, 0, 1.56395, 2.79093, 0.000895, 
0, 0, 1.52609, 2.51516, 0.000885, 
0, 0, 1.42509, 2.90664, 0.000513, 
0, 0, 2.51348, 5.21393, 0.001027, 
0, 0, 1.3716, 2.59574, 0.00063, 
0, 0, 1.42882, 2.1501, 0.000392, 
0, 0, 2.67666, 5.29329, 0.000623, 
0.293207, 0, 1.47803, 3.60499, 0.000988, 
0, 0, 1.45032, 3.98618, 0.000689, 
0, 0, 1.3297, 2.4165, 0.000702, 
0, 5.73089, 1.44817, 2.15156, 0.001313, 
0, 0, 1.4285, 2.76097, 0.000806, 
0, 0, 1.52975, 2.34929, 0.001036, 
0, 0, 2.73299, 4.8273, 0.001087, 
0, 0, 1.87487, 2.63403, 0.000672, 
0, 0, 1.38969, 2.14566, 0.000732, 
0, 0, 2.7084, 2.87554, 0.000639, 
0.266097, 0, 1.53849, 2.55052, 0.000643, 
0, 0, 1.52283, 2.63577, 0.000693, 
0, 0, 2.61268, 2.92797, 0.000648, 
0, 0, 1.76339, 2.03826, 0.001517, 
0, 0, 1.59283, 2.11581, 0.000581, 
0, 0, 1.53046, 1.94858, 0.000923, 
0, 0, 1.45483, 2.7687, 0.000505, 
0, 0, 1.55905, 2.31788, 0.000729, 
0, 0, 1.52775, 4.32662, 0.000615, 
0, 0, 2.77075, 7.24117, 0.001343, 
0.377378, 0, 2.68925, 6.74004, 0.000723, 
0, 0, 1.45428, 3.38091, 0.000535, 
0, 0, 1.44564, 3.5402, 0.000603, 
0, 0, 1.42071, 2.39618, 0.000575, 
0, 0, 1.49531, 2.48691, 0.000961, 
0, 0, 1.51853, 3.68668, 0.000894, 
0, 0, 1.408, 5.06113, 0.000652, 
0, 0, 1.41249, 5.24101, 0.000694, 
0, 0, 1.51681, 3.2568, 0.000846, 
0, 0, 1.51167, 2.82532, 0.000773, 
0.284116, 0, 1.46042, 3.65988, 0.000949, 
0, 0, 1.50215, 3.14347, 0.000852, 
0, 0, 1.41968, 3.1455, 0.000941, 
0, 0, 1.51334, 3.15177, 0.001049, 
0, 0, 1.46321, 2.92447, 0.00101, 
0, 0, 1.44351, 2.56143, 0.000504, 
0, 0, 1.39278, 2.53373, 0.00057, 
0, 0, 1.50893, 2.58461, 0.000736, 
0, 0, 1.49459, 2.51556, 0.000679, 
0.072184, 0, 1.46919, 2.27438, 0.000491, 
0, 4.94805, 1.36452, 1.63651, 0.00069, 
0, 0, 1.34802, 1.95651, 0.001066, 
0, 0, 1.42565, 2.19701, 0.000651, 
0, 0, 1.43528, 2.02423, 0.001545, 
0, 0, 1.99164, 1.56946, 0.000696, 
0, 0, 1.32305, 1.61425, 0.001045, 
0, 0, 1.29828, 1.35651, 0.000598, 
0, 0, 1.42139, 1.62166, 0.000738, 
0, 0, 1.77935, 1.85275, 0.001115, 
0, 0, 1.41019, 1.79442, 0.000594, 
0.448328, 0, 1.69425, 1.8345, 0.000577, 
0, 0, 1.2896, 1.54778, 0.000589, 
0, 0, 1.4019, 1.86088, 0.000779, 
0, 0, 1.34708, 2.37624, 0.000924, 
0, 0, 1.35852, 2.62358, 0.000692, 
0, 0, 1.29712, 1.56359, 0.000636, 
0, 0, 1.34018, 2.53146, 0.000835, 
0, 0, 2.59362, 3.99894, 0.000587, 
0, 0, 1.35576, 2.55389, 0.001102, 
0, 0, 1.83568, 2.81476, 0.000623, 
0.136344, 0, 2.08892, 4.53611, 0.00127, 
0, 0, 2.46492, 4.06553, 0.000698, 
0, 0, 1.41907, 2.46194, 0.000683, 
0, 0, 1.29513, 2.35801, 0.001697, 
0, 0, 1.26223, 2.30514, 0.000592, 
0, 0, 62.6456, 2.08163, 0.000664, 
0, 0, 1.34964, 1.9483, 0.000498, 
0.246825, 0, 1.27602, 1.96938, 0.000534, 
0, 0, 1.97511, 3.24897, 0.00102, 
0, 0, 1.48351, 2.07522, 0.000698, 
0, 0, 1.35433, 2.25067, 0.000646, 
0, 2.8885, 1.48459, 5.3678, 0.001202, 
0, 2.97551, 1.49085, 5.56614, 0.001024, 
0, 2.93293, 1.42136, 4.55354, 0.001054, 
0.249119, 2.87957, 1.39716, 5.07918, 0.000698, 
0, 4.80701, 1.39592, 4.7363, 0.000947, 
0, 4.74611, 1.53585, 3.74645, 0.000738, 
0, 4.76114, 0.762014, 2.56726, 0.000893, 
0, 8.75511, 2.62864, 5.48728, 0.000968, 
0, 4.7598, 0.701324, 2.36957, 0.000654, 
0, 5.14068, 1.4474, 3.68662, 0.000669, 
0, 5.1598, 1.36194, 2.84678, 0.000759, 
0, 5.17574, 1.35709, 2.78057, 0.001036, 
0, 5.10452, 1.37162, 2.9387, 0.000918, 
0.200361, 5.07901, 1.40454, 3.79145, 0.000776, 
0, 5.05577, 1.32496, 4.25959, 0.00084, 
0, 4.22273, 0.667377, 2.6445, 0.000997, 
0, 4.36375, 0.741676, 2.94517, 0.001263, 
0, 5.13218, 1.08638, 4.65845, 0.001126, 
0, 7.67484, 2.39968, 4.55373, 0.00116, 
0, 5.5788, 0.659954, 4.3219, 0.001067, 
0, 4.29397, 0.708962, 12.0337, 0.000716, 
0, 1.46944, 1.45824, 2.50743, 0.000801, 
0.59105, 0, 2.40669, 6.27561, 0.001192, 
0, 0, 2.31472, 2.65323, 0.000883, 
0, 0, 1.51076, 7.65068, 0.00074, 
0, 0, 1.39607, 3.58312, 0.000844, 
0, 0, 1.33853, 4.45474, 0.000728, 
0, 0, 1.37129, 2.1749, 0.000565, 
0, 0, 1.40615, 3.80488, 0.000617, 
0, 0, 2.04114, 2.58965, 0.001144, 
0, 0, 1.40997, 2.54499, 0.000594, 
0, 0, 1.3186, 1.91575, 0.000699, 
0.111365, 0, 1.30656, 2.28253, 0.000793, 
0, 0, 2.30215, 3.44617, 0.000553, 
0, 0, 1.22512, 1.76524, 0.000618, 
0, 0, 1.26157, 1.66801, 0.000597, 
0, 1.15124, 1.22766, 1.77195, 0.00049, 
0, 1.11665, 1.32628, 1.95283, 0.0009, 
0, 1.1066, 1.3031, 1.62624, 0.000695, 
0, 1.11961, 1.2805, 4.25245, 0.000675, 
0, 1.09567, 1.28337, 1.9781, 0.000601, 
0, 1.42167, 1.21425, 1.4388, 0.000639, 
0.140177, 1.98629, 1.3139, 1.46409, 0.000571, 
0, 1.99357, 1.24369, 1.55876, 0.000569, 
0, 0, 1.25524, 1.55408, 0.000595, 
0, 0, 1.27069, 1.46338, 0.000879, 
0, 0, 2.30854, 2.44249, 0.000703, 
0, 0, 1.28391, 1.5509, 0.000548, 
0, 0, 1.32456, 1.76985, 0.00054, 
0, 0, 1.36037, 1.7551, 0.000617, 
0, 0, 1.24744, 2.2531, 0.000843, 
0, 0, 1.31624, 2.53802, 0.001245, 
0.333739, 0, 1.27233, 2.34846, 0.000767, 
0, 0, 1.35542, 1.97826, 0.000908, 
0, 0, 1.34867, 2.94439, 0.000861, 
0, 0, 1.26631, 1.81991, 0.000932, 
0, 0, 2.29224, 2.70538, 0.000731, 
0, 0, 1.21313, 2.36133, 0.00054, 
0, 0, 3.56523, 3.29549, 0.000941, 
0, 0, 7.1311, 3.08584, 0.001133, 
0, 0, 3.58597, 3.42512, 0.001329, 
0.013811, 0, 2.20397, 6.40062, 0.001083, 
0, 0, 2.24878, 3.965, 0.000738, 
0, 0, 2.06424, 2.02289, 0.000612, 
0, 0, 2.11264, 2.12905, 0.000611, 
0, 0, 2.15694, 1.89332, 0.001136, 
0, 0, 2.59259, 1.83446, 0.000898, 
0, 0, 3.5354, 1.98964, 0.000878, 
0, 0, 2.01032, 1.99074, 0.000897, 
0, 0, 1.98412, 1.92455, 0.000582, 
0, 0, 1.94942, 1.85979, 0.001148, 
0, 0, 1.96939, 1.87876, 0.000654, 
0.423314, 0, 1.91592, 1.83739, 0.00052, 
0, 0, 1.91184, 2.38631, 0.000528, 
0, 0, 1.99993, 2.43311, 0.000793, 
0, 0.355426, 1.96796, 1.95172, 0.00061, 
0, 0, 1.98397, 1.91336, 0.000728, 
0, 0, 1.97194, 2.09168, 0.000576, 
0, 0, 3.58223, 2.01606, 0.000637, 
0, 0, 1.97283, 1.92461, 0.000489, 
0, 0, 6.06597, 2.28009, 0.000949, 
0, 0, 2.97843, 2.24862, 0.000993, 
0.210691, 0, 2.75685, 2.30312, 0.000718, 
0, 0, 2.82229, 2.38986, 0.000998, 
0, 0, 2.75447, 2.9215, 0.000784, 
0, 0, 2.81567, 2.91975, 0.001487, 
0, 0, 2.83333, 1.94347, 0.000563, 
0, 0, 1.8202, 1.90758, 0.000586, 
0, 0, 2.6079, 2.15373, 0.000528, 
0, 0, 1.76854, 1.85239, 0.000638, 
0, 0, 1.76957, 1.68166, 0.001096, 
0.234875, 0, 1.83144, 1.61508, 0.000449, 
0, 0, 1.75234, 1.73304, 0.00061, 
0, 0, 2.31274, 1.70506, 0.000918, 
0, 0, 1.62849, 1.75836, 0.000546, 
0, 0, 1.70134, 1.74926, 0.000673, 
0, 0, 1.56231, 1.16636, 0.000822, 
0, 0, 1.52863, 1.44039, 0.000537, 
0, 0, 2.60797, 1.65615, 0.000875, 
0, 0, 2.42891, 1.75123, 0.000456, 
0, 0, 1.47355, 1.71113, 0.000594, 
0, 0, 1.58281, 1.73764, 0.00073, 
0.391898, 0, 2.39553, 2.37041, 0.001379, 
0, 0, 2.39391, 2.28446, 0.001376, 
0, 0, 2.50817, 2.82062, 0.001156, 
0, 0, 3.01336, 2.73028, 0.000917, 
0, 0, 2.51574, 1.72208, 0.000934, 
0, 0, 2.44031, 1.69391, 0.000564, 
0, 0, 2.44816, 1.77813, 0.000504, 
0, 0, 2.41418, 1.6285, 0.000474, 
0, 0, 2.44344, 2.84776, 0.001062, 
0.155392, 0.343279, 2.73761, 2.35727, 0.000696, 
0, 0, 3.60369, 1.77317, 0.000716, 
0, 0, 3.12975, 1.81805, 0.00064, 
0, 0, 5.77741, 1.73718, 0.000793, 
0, 0, 4.22548, 2.74567, 0.001705, 
0, 0, 3.54464, 2.7692, 0.000819, 
0, 0, 3.24674, 2.5344, 0.000648, 
0, 0, 4.8606, 2.21552, 0.000606, 
0, 0, 4.7506, 1.90894, 0.000932, 
0, 0, 4.02839, 4.12444, 0.000801, 
0, 0, 4.72341, 2.4146, 0.000563, 
0.386324, 0, 3.98114, 2.71015, 0.000505, 
0, 0, 4.89727, 2.33484, 0.000944, 
0, 0, 4.71565, 2.04453, 0.000664, 
0, 0, 3.86396, 3.22261, 0.000771, 
0, 0, 10.7487, 2.56526, 0.000802, 
0, 0, 4.50792, 2.2521, 0.000644, 
0, 0, 5.85777, 3.01783, 0.00067, 
0, 0, 5.8554, 2.47336, 0.000937, 
0, 0, 5.63968, 2.86978, 0.001207, 
0, 0, 6.23006, 4.77774, 0.000897, 
0.318467, 0, 6.6629, 2.83174, 0.00151, 
0, 0, 6.54439, 2.04911, 0.000929, 
0, 0, 6.07405, 3.21173, 0.001151, 
0, 0, 6.83613, 3.81926, 0.001318, 
0, 0, 7.06101, 3.24271, 0.000932, 
0, 0, 7.01894, 3.4989, 0.000773, 
0, 0, 6.73556, 4.03762, 0.00087, 
0, 0, 6.27746, 2.69971, 0.000593, 
0, 0, 6.66512, 2.1231, 0.00089, 
0, 0, 8.9953, 2.36987, 0.001372, 
0.281471, 0, 9.59737, 4.52118, 0.0013, 
0, 0, 9.03304, 3.45835, 0.000874, 
0, 0, 9.05455, 3.77688, 0.000914, 
0, 0, 8.90688, 3.94897, 0.001416, 
0, 0, 9.06232, 3.90868, 0.000989, 
0, 0.36238, 1.63418, 2.5724, 0.000609, 
0, 0.354451, 1.69559, 3.33464, 0.000889, 
0, 0.349956, 1.63274, 2.44109, 0.000528, 
0, 0.349079, 1.64949, 2.47261, 0.001074, 
0, 0.345504, 1.65916, 2.56282, 0.000714, 
0, 0.357344, 1.63613, 2.29205, 0.00067, 
0.48749, 0.39473, 1.65686, 2.50377, 0.000572, 
0, 0.347367, 1.55545, 2.56596, 0.001101, 
0, 0.350054, 1.67197, 3.41334, 0.000829, 
0, 0.642507, 2.9473, 6.08733, 0.0011, 
0, 0.60571, 2.83999, 3.77365, 0.000792, 
0, 0.635359, 2.92985, 6.60375, 0.001056, 
0, 0.62702, 2.82249, 3.54784, 0.001107, 
0, 0.327595, 1.62206, 3.50259, 0.000523, 
0.010847, 0.340441, 1.67864, 3.6666, 0.000947, 
0, 0.332668, 1.75652, 2.91606, 0.00058, 
0, 0.1649, 1.77255, 2.44472, 0.00073, 
0, 0.170995, 1.64264, 2.98459, 0.001023, 
0, 0.174155, 1.9309, 3.66878, 0.001398, 
0, 0.539082, 1.66222, 7.1599, 0.001155, 
0, 0.530745, 1.68801, 2.91592, 0.000536, 
0, 0.51891, 1.69139, 3.46351, 0.000736, 
0, 0.531465, 1.74605, 3.4892, 0.000908, 
0, 167.577, 1.78857, 2.95168, 0.001116, 
0, 141.806, 1.78449, 3.06805, 0.000876, 
0.073393, 134.365, 1.77372, 3.93035, 0.000905, 
0.12584, 4.86974, 1.73492, 1.99471, 0.001002, 
0.502518, 4.90238, 1.64428, 2.12766, 0.00057, 
0, 0, 1.55426, 2.10321, 0.000956, 
0, 0, 1.68861, 3.24552, 0.000746, 
0, 0, 1.68078, 3.52755, 0.000601, 
0, 0, 1.55068, 2.65897, 0.000581, 
0, 0, 1.69168, 2.59622, 0.000852, 
0.117521, 0, 1.66997, 2.68368, 0.000662, 
0, 0, 1.6901, 2.96935, 0.000641, 
0, 0, 1.65748, 2.73812, 0.001042, 
0, 0, 1.7177, 2.59023, 0.001734, 
0, 0, 1.61396, 2.73781, 0.000655, 
0, 0, 2.96173, 4.92976, 0.000634, 
0, 0, 1.57502, 2.53022, 0.000502, 
0, 0, 1.65755, 3.39238, 0.000553, 
0, 0, 1.6157, 1.87262, 0.000961, 
0, 0, 1.57799, 2.57969, 0.000935, 
0.481749, 0, 1.66771, 3.10483, 0.000953, 
0, 0, 1.65798, 2.39591, 0.001248, 
0, 0, 1.79225, 5.30268, 0.000645, 
0, 0, 1.72035, 2.67269, 0.000845, 
0, 0, 1.71877, 2.24769, 0.000606, 
0, 0, 1.55164, 2.17693, 0.000565, 
0, 0, 1.80851, 2.40868, 0.000673, 
0, 0, 1.58842, 2.8541, 0.000631, 
0, 0, 2.77943, 5.12092, 0.000836, 
0.148875, 0, 1.70034, 3.47807, 0.000588, 
0, 0, 1.55611, 2.81406, 0.000528, 
0, 0, 1.57374, 3.88229, 0.000767, 
0, 0, 1.47333, 3.15326, 0.000629, 
0, 0, 1.49359, 3.69346, 0.001041, 
0, 0, 1.64874, 3.07341, 0.000896, 
0, 0, 1.54639, 3.14678, 0.000673, 
0, 0, 1.48415, 2.21127, 0.000472, 
0, 0, 1.44192, 3.10918, 0.000578, 
0, 0, 1.39, 1.88362, 0.000655, 
0.107005, 0, 1.39487, 2.52577, 0.000904, 
0, 0, 2.04933, 2.15834, 0.000553, 
0, 0, 1.3624, 1.58165, 0.000651, 
0, 0, 1.47402, 1.81691, 0.000764, 
0, 0, 1.49625, 1.51996, 0.000687, 
0, 2.22334, 1.49536, 2.33622, 0.00066, 
0, 0, 1.39677, 1.80719, 0.000434, 
0, 0, 1.47484, 2.12059, 0.000596, 
0, 0, 1.89717, 2.6178, 0.000485, 
0, 0, 1.42677, 3.16289, 0.000507, 
0, 0, 1.50158, 3.24126, 0.000776, 
0, 0, 1.50745, 2.85454, 0.000618, 
0.464015, 0, 1.45399, 2.00886, 0.000399, 
0, 0, 1.42743, 2.68362, 0.000621, 
0, 0, 1.53024, 1.67906, 0.000733, 
0, 0, 1.54019, 2.16284, 0.000653, 
0, 0, 1.50505, 2.38729, 0.000465, 
0, 0, 2.327, 2.91269, 0.000619, 
0, 0, 1.59649, 2.40284, 0.001087, 
0, 0, 1.54511, 3.973, 0.000572, 
0.014246, 0, 2.69184, 4.98523, 0.001004, 
0, 0, 2.62976, 4.98366, 0.000969, 
0, 0, 1.49565, 2.19327, 0.000513, 
0, 0, 1.50409, 3.07382, 0.000578, 
0, 0, 1.60615, 2.48984, 0.001217, 
0, 0, 1.51876, 3.82521, 0.000939, 
0, 0, 1.53405, 2.53734, 0.001002, 
0, 0, 1.64141, 2.38426, 0.000667, 
0, 0, 1.49978, 2.92355, 0.000672, 
0, 0, 1.53509, 1.84773, 0.000909, 
0, 0, 1.5101, 1.92862, 0.000826, 
0.41149, 0, 1.58342, 2.93395, 0.000601, 
0, 0, 1.46028, 2.00867, 0.000584, 
0, 0, 1.54656, 2.36149, 0.000644, 
0, 0, 1.55235, 2.26741, 0.001275, 
0, 0, 1.52968, 2.56923, 0.000674, 
0, 0, 1.55757, 2.79781, 0.000588, 
0, 0, 1.4729, 2.51886, 0.000595, 
0, 0, 1.53189, 2.6795, 0.001299, 
0, 0, 1.50451, 1.93653, 0.000882, 
0.220928, 0, 1.5155, 2.17297, 0.00144, 
0, 0, 1.50495, 2.46848, 0.00071, 
0, 0, 1.4598, 1.98256, 0.000537, 
0, 0, 1.47159, 2.23431, 0.000553, 
0, 0, 1.5124, 2.41599, 0.001085, 
0, 1.264, 1.49834, 2.09075, 0.000541, 
0, 0, 1.43222, 1.77464, 0.000672, 
0, 0, 1.48862, 1.72898, 0.001027, 
0, 0, 1.76398, 1.9377, 0.000693, 
0, 0, 1.44259, 1.70696, 0.000826, 
0, 0, 1.43257, 1.76613, 0.000475, 
0.136222, 0, 1.427, 1.88807, 0.00077, 
0, 0, 1.39837, 3.02717, 0.000633, 
0, 0, 1.46459, 2.06168, 0.000986, 
0, 0, 1.5108, 2.61795, 0.00084, 
0, 0, 1.51796, 2.47903, 0.000648, 
0, 0, 1.36874, 2.63271, 0.0007, 
0, 0, 1.41025, 3.02682, 0.000491, 
0, 0, 1.42954, 2.71217, 0.000489, 
0, 0, 1.41418, 3.11885, 0.000983, 
0, 0, 1.4507, 2.89134, 0.000615, 
0, 0, 1.36543, 2.72871, 0.000569, 
0.67493, 0, 2.18979, 5.56278, 0.001138, 
0, 0, 1.81151, 3.66732, 0.000626, 
0, 0, 2.43173, 3.86016, 0.000804, 
0, 0, 1.50288, 2.13245, 0.000657, 
0, 0, 1.35528, 3.28218, 0.000904, 
0, 0, 1.35133, 2.24041, 0.000777, 
0, 0, 1.41309, 2.28039, 0.000876, 
0, 0, 2.25984, 1.95362, 0.000604, 
0.01283, 0, 2.44684, 5.08191, 0.000723, 
0, 0, 1.39631, 2.56369, 0.00087, 
0, 0, 1.36499, 4.08095, 0.000781, 
0, 0, 1.49804, 2.94342, 0.000801, 
0, 0, 1.60274, 2.96563, 0.000861, 
0, 0, 1.44287, 2.8646, 0.000772, 
0, 0, 1.49672, 2.35697, 0.000738, 
0, 0, 1.42522, 2.25991, 0.000851, 
0, 0, 1.42273, 1.80316, 0.000501, 
0, 0, 2.36357, 3.06332, 0.001117, 
0, 0, 1.51378, 1.91158, 0.000743, 
0, 0, 1.40697, 1.78567, 0.000634, 
0.50692, 0, 1.52198, 2.26426, 0.000637, 
0, 0, 1.4993, 2.4491, 0.000541, 
0, 0, 2.32073, 2.52308, 0.001354, 
0, 1.17485, 2.98214, 24.7625, 0.001273, 
0, 0, 2.10893, 1.95849, 0.000963, 
0, 0, 2.29606, 2.7033, 0.000861, 
0, 0, 2.16488, 2.33621, 0.001082, 
0.312423, 0, 2.2291, 1.94152, 0.000691, 
0, 0, 2.22607, 1.90975, 0.000578, 
0, 0, 2.21199, 1.90998, 0.001076, 
0, 0, 2.31503, 2.37101, 0.00111, 
0, 0, 2.29616, 2.21227, 0.001003, 
0, 0, 2.17898, 2.09319, 0.000554, 
0, 0, 2.25384, 2.15388, 0.000598, 
0, 0, 2.08787, 2.14781, 0.000493, 
0, 0, 2.01413, 1.71283, 0.000758, 
0, 0, 3.44277, 1.61873, 0.000696, 
0.070184, 0, 2.19899, 1.73321, 0.000619, 
0, 0, 2.13482, 1.77352, 0.000956, 
0, 0, 3.6638, 2.61577, 0.000736, 
0, 0, 2.01769, 1.68202, 0.000663, 
0, 0, 3.41183, 2.69178, 0.001059, 
0, 0, 2.01465, 1.63972, 0.000776, 
0, 0, 2.01339, 1.57031, 0.000977, 
0, 0, 1.77992, 1.34639, 0.000608, 
0, 0, 2.01732, 1.79584, 0.001143, 
0, 0, 3.59665, 2.78106, 0.000681, 
0.373799, 0, 2.06937, 1.42084, 0.000525, 
0, 0, 2.08154, 1.66614, 0.000762, 
0, 0, 3.12153, 2.59617, 0.001414, 
0, 0, 2.52598, 1.40854, 0.001093, 
0, 0, 1.80681, 1.33216, 0.001056, 
0, 0, 2.93944, 1.34973, 0.00064, 
0, 0, 1.79853, 1.42913, 0.001072, 
0, 0, 1.94236, 1.50782, 0.000547, 
0, 0, 1.92417, 1.52555, 0.000875, 
0.066083, 0, 1.89653, 1.48837, 0.000603, 
0, 0, 1.8053, 1.36349, 0.001218, 
0, 0, 1.70146, 1.38477, 0.000479, 
0, 0, 3.08184, 1.97664, 0.000654, 
0, 1.94031, 2.10777, 2.45131, 0.001031, 
0, 0, 1.8905, 2.49432, 0.00075, 
0, 0, 1.95525, 2.60247, 0.000467, 
0, 0, 1.89298, 1.70522, 0.000544, 
0, 0, 1.87478, 1.67063, 0.000519, 
0, 0, 1.90365, 1.81709, 0.00083, 
0, 0, 1.80216, 1.80084, 0.000556, 
0.336932, 0, 1.9065, 1.85685, 0.000591, 
0, 0, 1.91927, 1.89414, 0.000636, 
0, 0, 1.88621, 1.80242, 0.00057, 
0, 0, 1.96844, 2.03832, 0.000979, 
0, 0, 1.93674, 2.06413, 0.000688, 
0, 0, 1.82876, 1.76555, 0.000791, 
0, 0, 1.93516, 2.0707, 0.000677, 
0, 0, 1.94583, 2.13905, 0.00066, 
0, 0, 1.83812, 1.69313, 0.000836, 
0, 0, 1.89929, 2.16389, 0.000682, 
0.212859, 0, 1.88732, 1.89875, 0.000665, 
0, 0, 2.86596, 2.32395, 0.000675, 
0, 0, 2.46546, 1.23842, 0.000604, 
0, 0, 1.90516, 2.896, 0.000679, 
0, 0, 6.0393, 2.25864, 0.000799, 
0, 0, 4.5007, 2.73555, 0.001251, 
0, 0, 2.87843, 1.9566, 0.001436, 
0, 0, 2.73912, 2.23506, 0.000553, 
0, 0, 6.41397, 4.52043, 0.001008, 
0, 0, 4.5308, 1.93551, 0.001175, 
0.195087, 0, 4.44184, 2.26651, 0.001011, 
0, 0, 4.58713, 2.29109, 0.001806, 
0, 0, 4.50598, 2.00228, 0.000897, 
0, 0, 4.83429, 2.21697, 0.000946, 
0, 0, 4.63913, 2.99187, 0.00109, 
0, 0, 4.4385, 1.95883, 0.000793, 
0, 0, 4.43756, 2.27316, 0.000989, 
0, 0, 4.99126, 2.33365, 0.000923, 
0, 0, 4.52412, 2.83708, 0.000875, 
0, 0, 4.49913, 2.63024, 0.000758, 
0, 0, 5.29476, 2.07565, 0.000833, 
0.558597, 1.91484, 1.75898, 1.70054, 0.000612, 
0, 2.0756, 1.85254, 2.70784, 0.000936, 
0, 2.1335, 1.54469, 2.06756, 0.001223, 
0, 1.77852, 1.61026, 3.41575, 0.00076, 
0, 1.7736, 1.58079, 3.07237, 0.001134, 
0, 1.79764, 1.53872, 2.37345, 0.001145, 
0, 1.431, 1.8546, 2.88122, 0.001329, 
0, 1.46383, 1.8688, 2.35322, 0.000827, 
0.021146, 1.41983, 1.83434, 2.39137, 0.000791, 
0, 1.44757, 1.76043, 6.27044, 0.001264, 
0, 1.37971, 1.57163, 3.35425, 0.00073, 
0, 1.38769, 1.55658, 2.4917, 0.001215, 
0, 1.43158, 1.7628, 2.84404, 0.001369, 
0, 2.62846, 2.93526, 2.29947, 0.000787, 
0, 1.44518, 1.69631, 3.21414, 0.000577, 
0, 1.4653, 1.69701, 2.93752, 0.000779, 
0, 1.43579, 1.73542, 2.28325, 0.0007, 
0, 1.33813, 1.88451, 4.03386, 0.000865, 
0, 2.26691, 2.72512, 2.63664, 0.000745, 
0.357328, 1.24969, 1.89061, 2.80492, 0.000835, 
0, 1.43341, 2.06606, 2.30783, 0.000761, 
0, 1.2443, 1.80288, 3.60325, 0.000899, 
0, 1.22136, 1.70797, 1.89513, 0.001031, 
0, 1.2495, 1.84516, 6.15343, 0.000735, 
0, 1.76017, 2.05819, 4.78515, 0.000715, 
0, 1.78739, 1.74352, 1.78258, 0.000798, 
0, 1.77693, 2.09736, 3.97707, 0.001021, 
0, 1.77847, 1.9446, 4.61549, 0.000955, 
0.136428, 2.01894, 1.73442, 2.54068, 0.000507, 
0, 1.9828, 1.77727, 3.19171, 0.00056, 
0, 1.94043, 1.70825, 2.25749, 0.000481, 
0, 0.768809, 1.77819, 3.64519, 0.000771, 
0, 0.762568, 1.79963, 4.17092, 0.000957, 
0, 0.751322, 1.84283, 4.6534, 0.000928, 
0, 1.34299, 3.23668, 6.18065, 0.000925, 
0, 1.33158, 2.00596, 4.39472, 0.000836, 
0, 1.50877, 1.92527, 4.11793, 0.000522, 
0, 0.840233, 1.9869, 5.52022, 0.000877, 
0, 0.849266, 1.89661, 3.8094, 0.000719, 
0.105213, 0.823461, 1.88512, 5.99201, 0.000873, 
0, 0.771535, 1.95214, 5.07777, 0.000746, 
0, 0.766793, 1.92804, 3.98414, 0.000459, 
0, 0.835445, 1.99793, 5.51308, 0.000836, 
0, 156.941, 3.83428, 3.46299, 0.000945, 
0, 158.721, 6.4265, 3.10313, 0.001091, 
0.003521, 142.842, 4.93918, 3.45411, 0.000867, 
0.338765, 2.44975, 1.78242, 2.67249, 0.000752, 
0.104674, 2.5043, 1.77397, 1.86491, 0.000644, 
0, 0, 1.73264, 2.35782, 0.000708, 
0, 0, 1.86514, 2.42905, 0.000886, 
0, 0, 1.75734, 2.80015, 0.000635, 
0, 0, 2.07783, 2.86145, 0.000842, 
0.082213, 0, 1.83888, 2.67774, 0.000668, 
0, 0, 1.7266, 2.16631, 0.000744, 
0, 0, 1.80703, 2.38809, 0.000518, 
0, 0, 1.88613, 2.11562, 0.001055, 
0, 0, 2.52843, 7.54254, 0.00073, 
0, 0, 2.143, 18.8706, 0.00116, 
0, 0, 1.79304, 2.90815, 0.000738, 
0, 0, 1.7412, 2.55074, 0.001097, 
0, 0, 3.26917, 5.65738, 0.001024, 
0, 0, 3.18298, 2.90805, 0.001503, 
0.537935, 0, 3.1583, 3.18026, 0.001056, 
0, 0, 3.13871, 3.74452, 0.001022, 
0, 0, 1.87581, 3.55657, 0.000673, 
0, 0, 2.97716, 4.6084, 0.000812, 
0, 0, 1.61005, 1.97229, 0.000591, 
0, 0, 1.56306, 2.10195, 0.000637, 
0, 0, 1.49579, 1.75565, 0.000752, 
0, 0, 1.50328, 1.90323, 0.000988, 
0, 0, 1.59895, 1.50714, 0.000695, 
0.01823, 0, 1.68499, 2.28436, 0.00063, 
0, 0, 1.55667, 1.67667, 0.000812, 
0, 0, 1.49427, 2.65838, 0.000612, 
0, 0, 1.55485, 2.20953, 0.000992, 
0, 0, 1.76644, 3.09349, 0.000781, 
0, 0, 1.63184, 2.15663, 0.00082, 
0, 0, 2.73998, 4.41882, 0.001767, 
0, 0, 2.78195, 4.41371, 0.001518, 
0, 0, 2.73057, 4.63131, 0.000927, 
0, 0, 1.54433, 3.10177, 0.000711, 
0.371882, 0, 1.62087, 2.29298, 0.000542, 
0, 0, 1.59607, 2.11769, 0.000892, 
0, 3.6142, 1.72133, 3.37745, 0.001421, 
0, 2.98407, 1.62779, 3.51356, 0.001118, 
0, 2.9009, 1.56011, 3.10326, 0.000793, 
0, 2.88925, 1.47751, 3.15566, 0.000639, 
0, 2.27567, 1.60178, 5.12379, 0.000604, 
0, 2.34147, 1.58279, 2.89146, 0.00089, 
0, 2.27697, 1.54272, 3.36984, 0.000628, 
0.185159, 2.27512, 1.54308, 1.99115, 0.000782, 
0, 2.19415, 1.67107, 5.45509, 0.000932, 
0, 2.19141, 1.60786, 4.46979, 0.00103, 
0, 2.21114, 1.70731, 3.6345, 0.000759, 
0, 3.97282, 2.96654, 6.62944, 0.001458, 
0, 4.84404, 2.44661, 3.35419, 0.000721, 
0, 2.70696, 1.48606, 3.80007, 0.000546, 
0, 2.76099, 1.58127, 3.35613, 0.000821, 
0, 2.74683, 1.56435, 3.2806, 0.000617, 
0, 2.01837, 1.63017, 2.30288, 0.000579, 
0.166385, 1.9998, 1.57476, 2.15881, 0.000564, 
0, 3.17667, 1.60855, 1.76564, 0.000798, 
0, 2.0014, 1.6245, 1.83551, 0.00061, 
0, 1.70994, 1.57074, 2.42325, 0.000817, 
0, 2.1721, 1.57581, 2.47212, 0.000864, 
0, 1.74997, 1.58703, 1.86138, 0.000851, 
0, 2.05577, 1.50407, 1.82889, 0.000737, 
0, 1.70337, 1.59798, 2.69372, 0.000513, 
0, 1.75112, 1.53315, 2.53247, 0.000747, 
0, 3.14946, 1.7866, 2.66367, 0.000903, 
0.35649, 1.94596, 1.52631, 2.83211, 0.000579, 
0, 1.75818, 1.60825, 2.76833, 0.000655, 
0, 1.97338, 1.65325, 2.79264, 0.000961, 
0, 125.183, 11.2169, 4.80082, 0.001457, 
0, 123.279, 11.5111, 2.79258, 0.001771, 
0.012004, 4.00907, 1.47876, 2.00089, 0.001327, 
0.304065, 4.55688, 1.48225, 2.33341, 0.001058, 
0, 3.99603, 1.49848, 2.57722, 0.001367, 
0, 3.5615, 1.47531, 2.91088, 0.00085, 
0, 3.62952, 1.56766, 4.27508, 0.001016, 
0, 3.63734, 1.57936, 3.82061, 0.000962, 
0.071175, 3.61241, 1.46035, 2.55504, 0.001186, 
0, 3.44316, 1.69528, 1.8661, 0.000967, 
0, 3.49183, 1.47736, 2.61065, 0.000939, 
0, 3.47763, 1.55866, 2.35361, 0.001176, 
0, 6.22838, 1.7868, 2.81883, 0.001062, 
0, 3.26878, 1.61432, 3.20368, 0.00063, 
0, 3.20963, 1.51463, 2.77519, 0.000587, 
0, 0, 1.5502, 3.74908, 0.000556, 
0, 0, 1.64453, 3.6724, 0.000679, 
0, 0, 1.51421, 2.95, 0.001083, 
0, 0, 1.60329, 2.83075, 0.000827, 
0.137586, 0, 1.64755, 2.67432, 0.000774, 
0, 0, 1.66655, 2.50998, 0.000743, 
0, 0, 1.63541, 3.145, 0.001169, 
0, 0, 1.73406, 4.88344, 0.000749, 
0, 0, 1.9522, 4.54563, 0.000586, 
0, 0, 1.47838, 2.07696, 0.000425, 
0, 0, 1.76944, 3.3892, 0.000666, 
0, 0, 1.51812, 3.00952, 0.001248, 
0, 0, 1.54422, 2.96785, 0.001122, 
0, 0, 1.61948, 4.88851, 0.000671, 
0.363851, 0, 1.61278, 2.67175, 0.000669, 
0, 0, 1.60216, 2.25665, 0.000641, 
0, 0, 2.57026, 6.11683, 0.001065, 
0, 0, 3.08172, 7.48992, 0.001455, 
0, 0, 3.21515, 2.47733, 0.000952, 
0, 0, 2.08703, 2.43741, 0.000827, 
0, 0, 3.41887, 4.16866, 0.000582, 
0, 0, 1.93433, 4.23297, 0.000688, 
0, 0, 1.54466, 4.28339, 0.000625, 
0.004764, 0, 1.61289, 4.27178, 0.000682, 
0, 0, 1.67653, 3.21821, 0.000679, 
0, 0, 1.66964, 3.35922, 0.000606, 
0, 0, 1.87116, 7.01682, 0.000901, 
0, 0, 1.95506, 7.62388, 0.001158, 
0, 0, 2.28857, 4.78231, 0.001297, 
0, 0, 2.00112, 3.71631, 0.000559, 
0, 0, 2.19123, 2.59577, 0.000571, 
0, 0, 2.15363, 3.79032, 0.000649, 
0, 0, 1.97299, 3.36043, 0.000786, 
0.208987, 0, 2.12417, 9.91301, 0.000746, 
0, 0, 2.05362, 3.72348, 0.001144, 
0, 0, 1.90769, 6.34015, 0.000841, 
0, 4.33912, 2.25727, 4.78986, 0.001017, 
0, 4.10842, 2.12675, 3.60174, 0.000831, 
0, 4.09315, 2.09671, 3.74475, 0.00139, 
0, 4.04068, 2.19109, 4.16337, 0.001718, 
0, 4.13662, 2.08712, 6.25892, 0.000966, 
0, 0, 1.94466, 8.03446, 0.000558, 
0.080331, 0, 2.08071, 5.20377, 0.000856, 
0, 0, 2.12911, 9.14052, 0.000812, 
0, 0, 1.76761, 1.96912, 0.000899, 
0, 0, 2.00734, 3.04212, 0.000578, 
0, 0, 2.22172, 4.5187, 0.000662, 
0, 0, 3.15983, 5.1185, 0.000596, 
0, 0, 1.70902, 2.61624, 0.000504, 
0, 0, 1.76692, 3.03066, 0.000544, 
0, 0, 1.86325, 2.67189, 0.000823, 
0.122868, 0, 2.61106, 3.62639, 0.001003, 
0, 0, 1.9103, 3.1599, 0.000902, 
0, 0, 1.82942, 3.64332, 0.001232, 
0, 0, 1.86346, 4.459, 0.000681, 
0, 0, 1.78574, 2.3317, 0.001418, 
0, 0, 3.19439, 4.81562, 0.000783, 
0, 0, 1.87603, 4.18777, 0.000563, 
0, 0, 1.89577, 6.02641, 0.000857, 
0, 0, 1.97455, 5.4132, 0.000858, 
0, 0, 1.82602, 2.93592, 0.000736, 
0, 0, 2.84381, 2.82251, 0.000647, 
0.184337, 0, 1.81825, 3.54291, 0.000781, 
0, 0, 1.73685, 3.36394, 0.000504, 
0, 0, 1.74658, 3.93075, 0.00155, 
0, 0, 1.82143, 2.37137, 0.000712, 
0, 0, 1.74961, 2.11336, 0.000618, 
0, 0, 1.63625, 1.75379, 0.000526, 
0, 0, 1.78709, 1.78306, 0.000586, 
0, 0, 1.7355, 3.10591, 0.000509, 
0, 0, 2.94534, 5.71656, 0.001475, 
0, 0, 3.00995, 3.57662, 0.001073, 
0.086879, 0, 1.73972, 3.18962, 0.000799, 
0, 0, 1.69506, 3.22622, 0.000462, 
0, 0, 2.99564, 3.03975, 0.000663, 
0, 3.25171, 1.7583, 2.63305, 0.003754, 
0, 0, 2.16304, 2.21524, 0.00065, 
0, 0, 1.63604, 2.21303, 0.000619, 
0, 0, 1.61786, 3.87049, 0.000551, 
0, 0, 1.58045, 2.75134, 0.000517, 
0, 0, 1.62213, 2.25868, 0.000579, 
0, 0, 1.58588, 3.15997, 0.000658, 
0.165099, 0, 1.63492, 6.53336, 0.001449, 
0, 0, 2.59288, 5.19436, 0.000808, 
0, 0, 2.7338, 3.86336, 0.00063, 
0, 0, 1.63093, 1.78888, 0.000747, 
0, 0, 1.69035, 3.4823, 0.000894, 
0, 0, 1.61702, 2.35553, 0.000577, 
0, 0, 1.66005, 3.46503, 0.000847, 
0, 0, 1.65831, 3.05114, 0.000532, 
0, 0, 1.75809, 2.29699, 0.000875, 
0, 0, 2.88098, 3.33661, 0.001048, 
0.255233, 0, 1.99604, 1.84152, 0.00106, 
0, 0, 1.67185, 2.86253, 0.000817, 
0, 0, 1.59574, 3.22865, 0.000631, 
0, 0, 1.64469, 2.2952, 0.000982, 
0, 0, 1.9576, 2.35813, 0.000712, 
0, 0, 2.77214, 4.18487, 0.001147, 
0, 0, 2.81967, 3.47831, 0.001026, 
0, 0, 1.6444, 3.29162, 0.000497, 
0, 0, 1.58556, 5.36451, 0.00076, 
0, 0, 1.70557, 3.25102, 0.000687, 
0.182081, 0, 1.73406, 2.20939, 0.000658, 
0, 0, 1.67989, 2.10106, 0.000543, 
0, 0, 1.6429, 3.6539, 0.000892, 
0, 0, 1.70277, 2.34964, 0.000903, 
0, 0, 2.2671, 2.71832, 0.000759, 
0, 0, 1.56371, 2.44977, 0.000595, 
0, 0, 1.65826, 2.47717, 0.000589, 
0, 0, 1.57815, 2.7124, 0.000762, 
0, 0, 1.55699, 2.03916, 0.000672, 
0, 0, 2.29664, 3.10939, 0.000668, 
0.306777, 0, 1.66736, 2.53061, 0.001196, 
0, 3.52012, 1.62395, 2.4851, 0.000802, 
0, 0, 1.59806, 2.53491, 0.00057, 
0, 0, 1.64704, 2.90782, 0.001016, 
0, 0, 2.73584, 2.77285, 0.001193, 
0, 0, 1.57796, 3.65859, 0.001122, 
0, 0, 1.62057, 3.30853, 0.00083, 
0, 0, 1.54061, 2.89342, 0.000641, 
0, 0, 1.53689, 1.98303, 0.000597, 
0.012244, 0, 2.1819, 6.84353, 0.000702, 
0, 0, 1.56674, 3.38002, 0.000621, 
0, 0, 2.73765, 5.50388, 0.000713, 
0, 0, 1.54427, 2.71215, 0.000569, 
0, 0, 1.65136, 6.01329, 0.001393, 
0, 0, 1.70882, 2.11262, 0.000672, 
0, 0, 1.66943, 2.46799, 0.000607, 
0, 0, 1.64186, 2.51215, 0.0005, 
0, 0, 1.6409, 2.51738, 0.000592, 
0, 0, 2.72085, 4.04292, 0.001349, 
0, 0, 1.90448, 2.20814, 0.000842, 
0.476335, 0, 2.50075, 2.57352, 0.000929, 
0, 0, 1.62532, 2.41161, 0.000749, 
0, 0, 1.59623, 1.6658, 0.000608, 
0, 0, 1.5917, 2.22954, 0.000599, 
0, 0, 2.79829, 5.11564, 0.001254, 
0, 0, 2.34749, 3.17128, 0.000704, 
0, 0, 1.5929, 3.26242, 0.00057, 
0, 0, 1.57071, 2.87438, 0.000666, 
0, 0, 3.20407, 3.63254, 0.001259, 
0.108887, 0, 2.46298, 2.86932, 0.000913, 
0, 0, 1.76, 1.79605, 0.000585, 
0, 0, 2.03997, 3.1719, 0.000617, 
0, 0, 2.30559, 2.11075, 0.000753, 
0, 0, 2.15384, 2.14486, 0.000958, 
0, 0, 2.07717, 2.10586, 0.000716, 
0, 0, 2.05274, 1.95683, 0.000655, 
0, 0, 2.01118, 2.16115, 0.000677, 
0, 0, 2.06166, 2.1259, 0.000622, 
0, 4.65983, 2.33886, 1.92139, 0.000602, 
0, 0, 2.06308, 1.49604, 0.000469, 
0.073868, 0, 2.42398, 1.67386, 0.000881, 
0, 0, 2.36959, 1.56793, 0.000504, 
0, 0, 2.3503, 1.42527, 0.000735, 
0, 0, 2.41979, 1.50671, 0.000859, 
0, 0, 3.9169, 2.55486, 0.00107, 
0, 0, 3.53645, 1.62652, 0.000705, 
0, 0, 2.26667, 1.58182, 0.000779, 
0, 0, 2.24458, 1.56916, 0.000648, 
0, 0, 2.27464, 1.45507, 0.000812, 
0, 0, 2.2516, 1.85329, 0.001007, 
0.238313, 0, 2.22384, 1.68186, 0.000922, 
0, 0, 2.44842, 2.38137, 0.000484, 
0, 0, 3.76542, 3.60254, 0.001052, 
0, 0, 3.77459, 2.16495, 0.001089, 
0, 0, 2.24127, 1.98785, 0.000611, 
0, 0, 2.27302, 1.56364, 0.000568, 
0, 0, 2.31253, 1.46252, 0.000894, 
0, 0, 2.26385, 1.48096, 0.000884, 
0, 0, 2.29073, 1.53522, 0.00061, 
0.030064, 0, 2.2478, 1.56953, 0.001413, 
0, 0, 2.01634, 1.66771, 0.0007, 
0, 0, 2.26565, 1.46914, 0.000638, 
0, 0, 2.19268, 1.48411, 0.000812, 
0, 0, 2.35278, 1.67128, 0.001523, 
0, 0, 2.0111, 2.10865, 0.000913, 
0, 0, 2.16872, 1.86994, 0.001019, 
0, 0, 1.87854, 1.8828, 0.000613, 
0, 0, 1.81508, 1.89773, 0.000863, 
0, 0, 2.02281, 1.94921, 0.000994, 
0, 0, 2.38005, 1.5226, 0.001374, 
0.144098, 0, 1.82519, 1.95732, 0.000706, 
0, 0, 1.85094, 1.99997, 0.000789, 
0, 0, 1.6293, 1.51795, 0.000563, 
0, 0, 2.99441, 3.34209, 0.001051, 
0, 0, 1.72413, 1.62844, 0.000711, 
0, 1.4872, 1.66174, 1.82114, 0.000628, 
0, 0, 1.60626, 1.9368, 0.000967, 
0, 0, 1.68337, 1.99213, 0.000582, 
0, 0, 1.64745, 1.73857, 0.000791, 
0, 0, 1.72488, 1.86623, 0.000495, 
0.068974, 0, 1.63691, 1.99948, 0.000599, 
0, 0, 1.66837, 1.95952, 0.000653, 
0, 0, 2.66104, 3.46596, 0.001424, 
0, 0, 2.98215, 2.72527, 0.000768, 
0, 0, 3.1784, 3.27047, 0.000962, 
0, 0, 2.51426, 1.95554, 0.000724, 
0, 0, 1.71093, 1.71844, 0.00044, 
0, 0, 1.82519, 1.78521, 0.000575, 
0, 0, 1.83643, 2.05563, 0.000636, 
0, 0, 1.8724, 1.94488, 0.00074, 
0.083485, 0, 1.75777, 1.81643, 0.000584, 
0, 0, 1.78143, 1.94921, 0.000719, 
0, 0, 1.74477, 1.92669, 0.000613, 
0, 0, 1.7331, 1.8363, 0.000719, 
0, 0, 1.68242, 1.92355, 0.000812, 
0, 0, 1.7408, 1.97084, 0.000522, 
0, 0, 1.68955, 1.86023, 0.000582, 
0, 0, 1.72836, 2.13997, 0.001146, 
0, 0, 1.74575, 1.94361, 0.000646, 
0, 0, 2.99395, 3.46797, 0.001172, 
0.181106, 0, 1.74746, 1.88887, 0.000849, 
0, 0, 1.66887, 1.84993, 0.000716, 
0, 0, 2.96854, 1.98229, 0.000698, 
0, 0, 2.99065, 3.29527, 0.000908, 
0, 0, 2.93996, 3.47374, 0.000746, 
0, 0, 1.76475, 2.23546, 0.000701, 
0, 0, 1.73037, 1.95528, 0.000582, 
0, 0, 1.70862, 2.07901, 0.000673, 
0, 0, 1.76717, 1.81162, 0.000559, 
0.011237, 0, 1.69132, 1.84802, 0.000718, 
0, 0, 1.78866, 1.77542, 0.00089, 
0, 0, 1.74532, 1.94776, 0.000652, 
0, 0, 1.70452, 2.51006, 0.000583, 
0, 0, 1.86307, 1.96712, 0.001136, 
0, 1.04479, 1.80866, 1.80385, 0.00105, 
0, 0, 1.84819, 2.22436, 0.000843, 
0, 0, 1.70937, 2.47073, 0.000533, 
0, 0, 1.68897, 1.91296, 0.000426, 
0, 0, 1.76551, 1.83788, 0.000613, 
0, 0, 1.8394, 2.04302, 0.000661, 
0.172339, 0, 1.81133, 2.18242, 0.000706, 
0, 0, 2.42467, 2.20576, 0.001069, 
0, 0, 1.78861, 2.02571, 0.000802, 
0, 0, 1.79766, 1.96604, 0.000793, 
0, 0, 1.78325, 2.11461, 0.000789, 
0, 0, 1.75095, 2.0058, 0.000707, 
0, 0, 1.75607, 1.98754, 0.000605, 
0, 0, 2.71485, 1.89423, 0.000923, 
0, 0, 3.05512, 3.80934, 0.001762, 
0, 0, 2.6937, 3.70301, 0.001067, 
0.087631, 0, 3.1414, 3.4719, 0.000773, 
0, 0, 3.03728, 3.59481, 0.001632, 
0, 0, 3.08112, 3.45857, 0.001462, 
0, 0, 2.96356, 2.1293, 0.001026, 
0, 0, 1.85319, 2.05502, 0.000651, 
0, 0, 1.84506, 2.07833, 0.000864, 
0, 0, 1.72349, 1.70574, 0.000802, 
0, 0, 1.69383, 1.65691, 0.000449, 
0, 0, 3.19255, 3.61419, 0.001173, 
0, 0, 3.00894, 3.53475, 0.001042, 
0.059902, 0, 1.75042, 2.15494, 0.000796, 
0, 0, 1.72529, 1.83683, 0.0009, 
0, 0, 1.71214, 1.85358, 0.000813, 
0, 0, 1.77667, 1.72672, 0.001021, 
0, 0, 2.40961, 1.58113, 0.000742, 
0, 0, 1.72966, 1.89327, 0.000557, 
0, 0, 1.70277, 1.79808, 0.000632, 
0, 0, 1.6419, 1.39466, 0.00055, 
0, 0, 1.66145, 1.63707, 0.000756, 
0, 0, 1.62382, 1.51959, 0.000567, 
0.240304, 0, 1.68912, 1.48138, 0.000682, 
0, 0, 1.60498, 1.60785, 0.000658, 
0, 0, 1.57877, 1.3033, 0.000655, 
0, 0, 2.72696, 1.50322, 0.00073, 
0, 0.443857, 2.08408, 1.4316, 0.000627, 
0, 0, 1.56666, 1.26754, 0.000462, 
0, 0, 124.396, 1.13511, 0.000757, 
0, 0, 0.841549, 1.3973, 0.000772, 
0.018634, 0, 1.53686, 1.54998, 0.001356, 
0, 0, 1.53013, 1.5349, 0.001182, 
0, 0, 0.826892, 1.50589, 0.000718, 
0, 0, 1.3955, 2.80626, 0.001276, 
0, 0, 1.36494, 2.65431, 0.001151, 
0.25026, 0, 0.798873, 1.57266, 0.001791, 
0, 0, 1.36681, 2.75195, 0.001028, 
0, 0, 0.74587, 1.50791, 0.00086, 
0, 0, 2.66147, 2.49515, 0.000962, 
0, 0, 1.5477, 1.36713, 0.000978, 
0, 0, 1.5067, 1.42856, 0.000675, 
0, 0, 0.758231, 1.38195, 0.000557, 
0, 0, 2.55622, 1.53756, 0.000881, 
0, 0, 2.70703, 2.56251, 0.0012, 
0.141149, 0, 1.22881, 2.277, 0.001091, 
0, 0, 1.11311, 1.38223, 0.001125, 
0, 0, 0.752608, 1.34184, 0.000741, 
0, 0, 0.736951, 1.34944, 0.001218, 
0, 0, 0.769632, 1.34139, 0.000678, 
0, 0, 0.703675, 1.25814, 0.000575, 
0, 0, 0.730762, 1.25086, 0.000527, 
0, 0, 0.780465, 1.38958, 0.000619, 
0, 0, 0.76139, 1.3627, 0.000731, 
0, 0, 1.11996, 1.47606, 0.000862, 
0.100461, 0, 0.760158, 1.38801, 0.000598, 
0, 0, 0.735921, 1.28537, 0.000814, 
0, 0, 0.756615, 1.3555, 0.0005, 
0, 0, 0.775382, 1.40691, 0.000859, 
0, 0.148884, 1.41993, 2.67253, 0.000729, 
0, 0, 0.76741, 1.36192, 0.00079, 
0, 0, 0.780609, 1.41363, 0.000572, 
0, 0, 1.28401, 2.37007, 0.000985, 
0, 0, 0.756346, 1.36084, 0.000703, 
0, 0, 0.785305, 1.36822, 0.000966, 
0, 0, 1.37017, 1.39364, 0.000806, 
0.263609, 0, 1.3566, 2.27116, 0.000882, 
0, 0, 0.819236, 1.38158, 0.000503, 
0, 0, 0.875165, 1.49459, 0.000976, 
0, 0, 1.32348, 1.56333, 0.000724, 
0, 0, 0.811679, 1.52125, 0.000794, 
0, 0, 0.81483, 1.46879, 0.000615, 
0, 0, 0.782308, 1.31623, 0.000621, 
0, 0, 0.759349, 1.31348, 0.000696, 
0, 0, 1.33912, 2.42185, 0.001155, 
0.018104, 0, 1.39687, 2.01653, 0.00104, 
0, 0, 0.8333, 1.41595, 0.001288, 
0, 0, 0.767327, 1.22048, 0.000535, 
0, 0, 0.783118, 1.27475, 0.000872, 
0, 0, 0.892336, 1.4736, 0.000975, 
0, 0, 0.786899, 1.43862, 0.000984, 
0, 0, 0.761202, 1.35851, 0.001155, 
0, 0, 1.29294, 2.28491, 0.00151, 
0, 0, 0.697382, 1.23591, 0.000641, 
0, 0, 0.774198, 1.3026, 0.00104, 
0, 0, 0.748363, 1.22622, 0.000846, 
0.154639, 0, 0.783703, 1.45781, 0.000693, 
0, 0, 0.89179, 1.40782, 0.000904, 
0, 0, 0.764362, 1.4345, 0.000641, 
0, 0, 0.788664, 1.23273, 0.000606, 
0, 0, 0.73086, 1.15894, 0.001417, 
0, 0, 1.20963, 2.01666, 0.000766, 
0, 0, 0.683097, 1.15818, 0.000702, 
0, 0, 0.737322, 1.19697, 0.000566, 
0, 0, 0.715183, 1.16204, 0.000515, 
0, 0, 0.792667, 1.24906, 0.000621, 
0.137194, 0, 1.31898, 2.1334, 0.00139, 
0, 0, 0.803182, 1.24289, 0.00096, 
0, 0, 1.31135, 2.22214, 0.001071, 
0, 0.049017, 1.41059, 2.88394, 0.001349, 
0, 0, 1.45749, 1.82365, 0.00091, 
0, 0, 0.849875, 1.53178, 0.000468, 
0, 0, 0.814966, 1.52911, 0.000657, 
0, 0, 0.89175, 1.44962, 0.000748, 
0, 0, 0.787053, 1.51074, 0.000855, 
0, 0, 0.833634, 1.53643, 0.001198, 
0.086935, 0, 0.784032, 1.53893, 0.000659, 
0, 0, 0.815765, 1.532, 0.000524, 
0, 0, 0.774318, 1.39012, 0.000537, 
0, 0, 1.34981, 2.098, 0.001049, 
0, 0, 0.816633, 1.39847, 0.001144, 
0, 0, 1.32259, 2.28343, 0.000997, 
0, 0, 1.28554, 2.25428, 0.001047, 
0, 0, 1.28657, 2.25162, 0.00111, 
0, 0, 1.16849, 1.3891, 0.000862, 
0, 0, 0.814968, 1.38164, 0.000622, 
0.248455, 0, 1.13807, 1.90577, 0.00065, 
0, 0, 0.81213, 1.46733, 0.000442, 
0, 0, 0.815796, 1.50874, 0.000973, 
0, 0, 1.35996, 2.17308, 0.000775, 
0, 0, 1.27496, 1.6391, 0.00065, 
0, 0, 1.37082, 2.73657, 0.000867, 
0, 0, 0.84194, 1.51479, 0.000571, 
0, 0, 0.843373, 1.36658, 0.000548, 
0, 0, 0.774503, 1.43501, 0.000603, 
0.014565, 0, 0.798117, 1.42481, 0.000796, 
0, 0, 0.83226, 1.54447, 0.00047, 
0, 0, 0.832178, 1.60844, 0.000796, 
0, 0, 0.846908, 1.64086, 0.000765, 
0, 0, 0.882308, 1.7327, 0.001753, 
0, 0, 0.901038, 1.68386, 0.000821, 
0, 0, 0.811777, 1.60932, 0.000567, 
0, 0, 0.816802, 1.57531, 0.000599, 
0, 0, 0.821304, 1.55659, 0.000477, 
0, 0, 1.00494, 1.56516, 0.000907, 
0, 0, 1.42803, 2.64091, 0.001039, 
0.24389, 0.013013, 0.83033, 1.64863, 0.000689, 
0, 0, 1.35465, 2.44583, 0.000665, 
0, 0, 1.36662, 2.89621, 0.001338, 
0, 0, 0.809243, 1.50214, 0.0011, 
0, 0, 0.797859, 1.37998, 0.000715, 
0, 0, 0.725537, 1.28238, 0.000566, 
0, 0, 0.804519, 1.3326, 0.000644, 
0, 0, 0.798475, 1.35336, 0.000532, 
0, 0, 0.78914, 1.33478, 0.000826, 
0, 0, 0.776271, 1.34535, 0.000618, 
0.081998, 0, 0.796153, 1.50203, 0.000732, 
0, 0, 0.785233, 1.35447, 0.000537, 
0, 0, 0.817003, 1.38931, 0.000793, 
0, 0, 0.866119, 1.35343, 0.000753, 
0, 0, 0.780922, 1.41014, 0.000551, 
0, 0, 0.792824, 1.32929, 0.000743, 
0, 0, 0.778502, 1.39354, 0.000776, 
0, 0, 0.786671, 1.42166, 0.000987, 
0, 0, 0.8219, 1.61914, 0.00089, 
0, 0, 0.773451, 1.51929, 0.000608, 
0.080126, 0, 0.787681, 1.40336, 0.00069, 
0, 0, 0.794211, 1.60733, 0.000696, 
0, 0, 1.41262, 2.80164, 0.00113, 
0, 0, 1.33202, 2.32022, 0.001279, 
0, 0, 1.32499, 2.74988, 0.001007, 
0, 0, 1.35181, 2.84202, 0.001022, 
0, 0, 1.25541, 2.22823, 0.000993, 
0, 0, 1.31105, 2.16706, 0.000947, 
0, 0, 1.30393, 2.40361, 0.001078, 
0, 0, 1.25285, 1.65371, 0.000975, 
0, 0, 0.782066, 1.32534, 0.000824, 
0.174509, 0, 0.811288, 1.50223, 0.000647, 
0, 0, 0.776792, 1.37552, 0.000931, 
0, 0, 1.30168, 2.35512, 0.001, 
0, 0, 0.811366, 1.47399, 0.000626, 
0, 0, 0.814053, 1.45326, 0.000588, 
0, 0, 0.835673, 1.45821, 0.000604, 
0, 0, 0.780437, 1.36007, 0.00066, 
0, 0, 0.807822, 1.38942, 0.000572, 
0.013688, 0, 0.851927, 1.3829, 0.000584, 
0, 0, 0.786582, 1.55194, 0.00101, 
0, 0, 0.809148, 1.38464, 0.000624, 
0, 0, 0.815031, 1.64767, 0.000943, 
0, 0, 0.795268, 1.38559, 0.001497, 
0, 0, 0.83573, 1.71959, 0.000895, 
0, 0, 0.783727, 1.67831, 0.000496, 
0, 0, 0.83393, 1.7287, 0.000849, 
0, 0, 0.841266, 1.68234, 0.000886, 
0, 0, 0.808661, 1.66257, 0.000809, 
0, 0, 0.855144, 1.60883, 0.000847, 
0.305251, 0, 1.43471, 2.866, 0.001094, 
0, 0, 1.36687, 2.74111, 0.000958, 
0, 0, 1.37736, 2.09324, 0.000777, 
0, 0, 1.00921, 1.49889, 0.000778, 
0, 0, 0.80395, 1.59438, 0.000933, 
0, 0, 1.22515, 2.48243, 0.001086, 
0, 0, 1.36631, 2.7653, 0.001022, 
0, 0, 1.34642, 2.82848, 0.001024, 
0, 0, 0.874836, 1.69054, 0.000998, 
0, 0, 1.32906, 2.42419, 0.000674, 
0.056326, 0, 0.793859, 1.55325, 0.000452, 
0, 0, 0.914058, 1.55901, 0.00065, 
0, 0, 0.83978, 1.51103, 0.001011, 
0, 0, 1.34945, 2.78902, 0.001034, 
0, 0, 0.812017, 1.65339, 0.001165, 
0, 0, 1.31552, 2.47143, 0.000868, 
0, 0, 1.37609, 2.93397, 0.00098, 
0, 0, 0.794931, 1.54589, 0.000857, 
0, 0, 1.3378, 2.85616, 0.001143, 
0, 0, 1.26989, 2.48225, 0.000962, 
0.082962, 0, 0.831373, 1.60784, 0.000802, 
0, 0, 1.38518, 2.35301, 0.000666, 
0, 0, 0.830487, 1.67185, 0.000553, 
0, 0, 0.918353, 2.02071, 0.000739, 
0, 0, 0.799327, 1.60352, 0.00061, 
0, 0, 0.787695, 1.74629, 0.000463, 
0, 0, 0.811181, 1.45539, 0.000682, 
0, 0, 0.850912, 1.63658, 0.000579, 
0, 0, 0.845441, 1.62488, 0.000589, 
0, 0, 0.821175, 1.48571, 0.000662, 
0.17521, 0, 0.835364, 1.63827, 0.000687, 
0, 0, 0.860488, 1.70783, 0.000876, 
0, 0, 0.811851, 1.61166, 0.000628, 
0, 0, 0.798256, 1.43956, 0.00088, 
0, 0, 1.38871, 2.2479, 0.000661, 
0, 0, 1.3222, 2.63949, 0.00086, 
0, 0, 0.837298, 2.02673, 0.000665, 
0, 0, 1.22711, 1.54034, 0.000952, 
0, 0, 1.36623, 2.86074, 0.00117, 
0.017577, 0, 1.24513, 1.49838, 0.000976, 
0, 0, 0.816417, 1.54226, 0.000905, 
0, 0, 0.880252, 1.6668, 0.000597, 
0, 0, 0.744768, 1.27045, 0.000599, 
0, 0, 0.7876, 1.34693, 0.000765, 
0, 0, 0.818531, 1.3361, 0.000881, 
0, 0, 0.767884, 1.34292, 0.001319, 
0, 0, 1.34952, 2.2527, 0.001703, 
0, 0, 0.853185, 1.32525, 0.000881, 
0, 0, 0.757179, 1.29853, 0.0006, 
0, 0, 1.28106, 1.42719, 0.000661, 
0.173682, 0, 0.816145, 1.5385, 0.000868, 
0, 0, 0.858433, 1.60927, 0.000528, 
0, 0, 0.867237, 1.63062, 0.000765, 
0, 0, 0.886358, 1.62229, 0.000556, 
0, 0, 0.828042, 1.48653, 0.000602, 
0, 0, 1.3587, 2.52285, 0.000694, 
0, 0, 0.785098, 1.45224, 0.000561, 
0, 0, 0.819958, 1.5579, 0.000785, 
0, 0, 1.44391, 2.52782, 0.001303, 
0, 0, 1.41837, 2.49739, 0.000735, 
0.077918, 0, 0.80658, 1.53082, 0.000476, 
0, 0, 0.805819, 1.44252, 0.000805, 
0, 0, 0.817935, 1.68405, 0.000869, 
0, 0, 0.898061, 1.41876, 0.000637, 
0, 0, 0.835056, 1.46277, 0.000714, 
0, 0, 0.803841, 1.5286, 0.000998, 
0, 0, 0.816674, 1.47853, 0.000632, 
0, 0, 1.12164, 2.56315, 0.000844, 
0, 0, 0.858793, 1.49945, 0.001125, 
0, 0, 1.17011, 1.49532, 0.001324, 
0.071285, 0, 0.784523, 1.35647, 0.000766, 
0, 0, 0.8434, 1.48063, 0.000744, 
0, 0, 0.82804, 1.5518, 0.00067, 
0, 0, 0.855923, 1.54501, 0.001053, 
0, 0, 0.78761, 1.32741, 0.000703, 
0, 0, 0.761282, 1.34575, 0.000856, 
0, 0, 0.929215, 1.69956, 0.001686, 
0, 0, 0.875709, 1.53449, 0.001483, 
0, 0, 0.81493, 1.53335, 0.000692, 
0, 0, 1.41361, 2.66949, 0.000629, 
0.164485, 0, 0.816687, 1.43488, 0.000503, 
0, 0, 0.861149, 1.50533, 0.000864, 
0, 0, 0.82205, 1.48963, 0.0007, 
0, 0, 0.876321, 1.31366, 0.000859, 
0, 0, 0.835667, 1.46284, 0.000614, 
0, 0, 0.834301, 1.5059, 0.000623, 
0, 0, 0.792315, 1.50718, 0.000747, 
0, 0, 0.781009, 1.43927, 0.000413, 
0, 0, 0.820948, 1.46954, 0.000756, 
0.032342, 0, 0.842144, 1.44424, 0.000499, 
0, 0, 0.815158, 1.42304, 0.000448, 
0, 0, 1.36308, 2.67988, 0.00119, 
0, 0, 1.40202, 2.88571, 0.001072, 
0, 0, 0.841429, 1.52418, 0.001476, 
0, 0, 0.888715, 1.57787, 0.001062, 
0, 0, 1.35922, 1.64556, 0.001035, 
0, 0, 0.782615, 1.46955, 0.001803, 
0, 0, 0.798211, 1.53001, 0.000593, 
0, 0, 0.754331, 1.38001, 0.00055, 
0, 0, 1.49494, 2.57933, 0.001178, 
0.252496, 0, 1.36266, 2.55923, 0.001055, 
0, 0, 1.37524, 2.61083, 0.000931, 
0, 0, 1.27818, 2.33411, 0.001087, 
0, 0, 1.03853, 1.58774, 0.001182, 
0, 0, 0.860121, 1.60913, 0.00098, 
0, 0, 0.815869, 1.473, 0.000534, 
0, 0, 1.34067, 2.62681, 0.001209, 
0, 0, 0.822263, 1.47118, 0.000799, 
0, 0, 1.30872, 3.55988, 0.00129, 
0, 0, 0.810818, 1.53095, 0.000805, 
0.085881, 0, 0.962968, 1.37828, 0.000771, 
0, 0, 0.800993, 1.40031, 0.000594, 
0, 0, 0.765053, 1.45911, 0.00067, 
0, 0, 1.17068, 1.99835, 0.000731, 
0, 0, 0.783803, 2.20425, 0.001705, 
0, 0, 1.35249, 2.51935, 0.000704, 
0, 0, 0.780089, 1.49396, 0.000694, 
0, 0, 0.774108, 1.30633, 0.000509, 
0, 0, 0.829349, 1.44902, 0.000966, 
0, 0, 0.819277, 1.49547, 0.000696, 
0.052677, 0, 0.787587, 1.88157, 0.001196, 
0, 0, 0.797166, 1.43635, 0.00077, 
0, 0, 0.799336, 1.4771, 0.00055, 
0, 0, 0.8315, 1.482, 0.000858, 
0, 0, 0.891753, 1.67498, 0.000588, 
0, 0, 0.77867, 1.25839, 0.000548, 
0, 0, 0.757406, 1.28476, 0.000694, 
0, 0, 0.792784, 1.46862, 0.000538, 
0, 0, 0.824031, 1.50262, 0.00075, 
0, 0, 1.37843, 2.78481, 0.00118, 
0.241856, 0, 1.31294, 1.51425, 0.000782, 
0, 0, 1.31428, 2.52477, 0.001021, 
0, 0, 0.711786, 1.29506, 0.000648, 
0, 0, 1.27241, 2.24681, 0.00102, 
0, 0, 1.2447, 1.41401, 0.00086, 
0, 0, 0.789458, 1.66797, 0.000871, 
0, 0, 1.25603, 1.71101, 0.000909, 
0, 0, 0.769328, 1.29073, 0.000661, 
0, 0, 0.843331, 1.51909, 0.000689, 
0.011085, 0, 0.855131, 1.44151, 0.000754, 
0, 0, 0.784904, 1.49769, 0.000723, 
0, 0, 0.77994, 1.42836, 0.000501, 
0, 0, 1.38195, 2.54813, 0.001255, 
0, 0, 0.841165, 1.57687, 0.001997, 
0, 0, 0.751558, 1.32663, 0.000743, 
0, 0, 0.83469, 1.29, 0.000483, 
0, 0, 0.836582, 1.58667, 0.000953, 
0, 0, 0.797061, 1.44972, 0.001023, 
0, 0, 0.855071, 1.58738, 0.001216, 
0, 0, 0.836586, 1.50433, 0.000654, 
0, 0, 0.831682, 1.51901, 0.000842, 
0.144197, 0, 0.786739, 1.78486, 0.001114, 
0, 0, 0.837162, 1.56671, 0.000989, 
0, 0, 0.90158, 1.53411, 0.000804, 
0, 0, 0.802921, 1.51564, 0.000939, 
0, 0, 0.905158, 1.43051, 0.000788, 
0, 0, 1.37935, 2.66831, 0.001081, 
0, 0, 0.811494, 1.54614, 0.000688, 
0, 0, 0.81106, 1.48495, 0.000611, 
0, 0, 0.838682, 1.46945, 0.001069, 
0.05903, 0, 0.827497, 1.49788, 0.000759, 
0, 0, 0.804094, 1.38942, 0.000725, 
0, 0, 0.793602, 1.46365, 0.000521, 
0, 0, 1.04268, 1.48247, 0.000741, 
0, 0, 0.989402, 1.46082, 0.001042, 
0, 0, 1.39031, 2.72082, 0.001101, 
0, 0, 0.725195, 1.33546, 0.000663, 
0, 0, 0.837751, 1.54521, 0.00075, 
0, 0, 0.822299, 1.70795, 0.000875, 
0, 0, 0.782428, 1.45328, 0.000608, 
0.078573, 0, 0.843582, 1.65057, 0.000646, 
0, 0, 0.766195, 1.47828, 0.000659, 
0, 0, 0.792135, 1.72454, 0.000825, 
0, 0, 0.871905, 1.45536, 0.000719, 
0, 0, 1.35453, 2.69339, 0.001295, 
0, 0, 0.795797, 1.55275, 0.000654, 
0, 0, 1.30837, 2.59648, 0.001186, 
0, 0, 1.36393, 2.13601, 0.000703, 
0, 0, 0.790693, 1.47142, 0.000728, 
0, 0, 1.34746, 2.52855, 0.001005, 
0.2404, 0, 1.24385, 1.36376, 0.001274, 
0, 0, 0.810166, 1.43349, 0.000573, 
0, 0, 0.800435, 1.46668, 0.000639, 
0, 0, 0.793626, 1.60165, 0.000864, 
0, 0, 1.27676, 1.59986, 0.000868, 
0, 0, 0.831892, 1.51419, 0.000609, 
0, 0, 0.841732, 1.51357, 0.000623, 
0, 0, 0.799829, 1.56361, 0.000608, 
0, 0, 1.37773, 2.44773, 0.000735, 
0.031195, 0, 0.839426, 1.45325, 0.001109, 
0, 0, 0.9499, 1.70193, 0.000689, 
0, 0, 0.75744, 1.34995, 0.000706, 
0, 0, 0.755541, 1.33544, 0.000645, 
0, 0, 0.860805, 1.7109, 0.001763, 
0, 0, 0.843128, 1.69451, 0.000748, 
0, 0, 0.821684, 1.5782, 0.000423, 
0, 0, 1.41573, 2.11485, 0.001433, 
0, 0, 0.824354, 1.53885, 0.000598, 
0, 0, 1.37631, 2.12631, 0.00103, 
0, 0, 0.883906, 1.53887, 0.000844, 
0.211082, 0, 1.38667, 2.16853, 0.00096, 
0, 0, 0.876238, 1.532, 0.000735, 
0, 0, 0.802956, 1.45046, 0.000837, 
0, 0, 0.882948, 1.52451, 0.001381, 
0, 0, 0.811503, 1.40195, 0.000788, 
0, 0, 0.808546, 1.49942, 0.00066, 
0, 0, 0.830553, 1.5815, 0.001037, 
0, 0, 0.771222, 1.30241, 0.000482, 
0, 0, 0.841221, 1.49966, 0.000963, 
0, 0, 0.808549, 1.45955, 0.000705, 
0.051197, 0, 0.828132, 1.51163, 0.000622, 
0, 0, 0.805203, 1.46593, 0.00062, 
0, 0, 0.797444, 1.40748, 0.000763, 
0, 0, 1.3601, 2.467, 0.00147, 
0, 0, 0.854513, 1.74483, 0.000816, 
0, 0, 0.837829, 1.4984, 0.000535, 
0, 0, 1.28134, 1.37433, 0.000569, 
0, 0, 0.787362, 1.39607, 0.000508, 
0, 0, 1.18014, 1.5535, 0.000964, 
0, 0, 0.878331, 1.64356, 0.000637, 
0.066103, 0, 0.864692, 1.4488, 0.001149, 
0, 0, 0.822294, 1.48571, 0.00078, 
0, 0, 0.790367, 1.43471, 0.000692, 
0, 0, 0.84756, 1.43868, 0.000722, 
0, 0, 0.810193, 1.57094, 0.000918, 
0, 0, 0.821009, 1.52584, 0.000691, 
0, 0, 0.845925, 1.89052, 0.001926, 
0, 0, 0.777245, 1.41446, 0.000648, 
0, 0, 0.815339, 1.53796, 0.000747, 
0, 0, 0.827089, 1.97441, 0.001441, 
0.241125, 0, 1.32422, 1.65206, 0.000885, 
0, 0, 1.35824, 2.60847, 0.001091, 
0, 0, 1.39109, 1.60245, 0.000954, 
0, 0, 0.893828, 1.35563, 0.000871, 
0, 0, 0.814153, 1.42641, 0.00066, 
0, 0, 0.833253, 1.38849, 0.00057, 
0, 0, 0.787172, 1.43125, 0.000512, 
0, 0, 1.36388, 2.63117, 0.001133, 
0, 0, 1.43982, 2.43738, 0.001111, 
0.013698, 0, 1.405, 2.71761, 0.000897, 
0, 0, 0.829404, 1.52985, 0.000795, 
0, 0, 1.33461, 2.64269, 0.001382, 
0, 0, 1.35395, 2.56479, 0.001333, 
0, 0, 0.91345, 1.56888, 0.0009, 
0, 0, 0.782905, 1.43051, 0.000786, 
0, 0, 0.759986, 1.42722, 0.00058, 
0, 0, 1.34817, 2.86619, 0.00153, 
0, 0, 1.41507, 2.74889, 0.001705, 
0, 0, 1.02997, 1.57558, 0.001329, 
0, 0, 0.83221, 1.61509, 0.000662, 
0.20994, 0, 1.42196, 2.65317, 0.00126, 
0, 0, 1.03504, 1.40485, 0.000811, 
0, 0, 1.37316, 2.62018, 0.001364, 
0, 0, 0.868327, 1.48556, 0.000697, 
0, 0, 0.788039, 1.31685, 0.000718, 
0, 0, 0.85051, 1.5294, 0.000456, 
0, 0, 0.823171, 1.55376, 0.001276, 
0, 0, 0.855605, 1.55391, 0.001157, 
0, 0, 0.81954, 1.41515, 0.000843, 
0, 0, 0.851543, 1.63202, 0.000823, 
0.061658, 0, 0.813854, 1.50933, 0.000604, 
0, 0, 0.84598, 1.52505, 0.001172, 
0, 0, 0.889594, 1.46002, 0.001131, 
0, 0, 0.90418, 1.75694, 0.000943, 
0, 0, 0.841671, 1.55884, 0.000698, 
0, 0, 0.846547, 1.6328, 0.000634, 
0, 0, 1.33641, 2.47297, 0.001034, 
0, 0, 1.38482, 2.38009, 0.001104, 
0, 0, 0.815908, 1.44528, 0.000632, 
0, 0, 0.820049, 1.54468, 0.001101, 
0.065421, 0, 0.813084, 1.36254, 0.000675, 
0, 0, 0.853737, 1.46829, 0.000955, 
0, 0, 0.825221, 1.55891, 0.000984, 
0, 0, 0.864586, 1.4213, 0.000697, 
0, 0, 1.41694, 2.30874, 0.000868, 
0, 0, 0.834496, 1.52128, 0.000533, 
0, 0, 1.37144, 2.12214, 0.000607, 
0, 0, 1.40535, 2.65944, 0.001515, 
0, 0, 1.35298, 2.47225, 0.00129, 
0, 0, 1.43276, 2.5971, 0.001189, 
0.213578, 0, 1.2578, 2.42805, 0.001341, 
0, 0, 1.42617, 2.71597, 0.0011, 
0, 0, 1.36307, 2.68583, 0.001027, 
0, 0, 1.40501, 2.72733, 0.001027, 
0, 0, 1.3757, 2.66911, 0.001438, 
0, 0, 1.36139, 2.58092, 0.001309, 
0, 0, 1.33514, 1.62772, 0.000731, 
0, 0, 0.842877, 1.55178, 0.001238, 
0, 0, 0.863554, 1.48753, 0.000812, 
0.011039, 0, 0.824483, 1.4189, 0.000488, 
0, 0, 0.803593, 1.41944, 0.000481, 
0, 0, 0.872566, 1.45631, 0.000643, 
0, 0, 0.860057, 1.71781, 0.000631, 
0, 0, 0.859618, 1.61208, 0.002029, 
0, 0, 0.826159, 1.49205, 0.000632, 
0, 0, 0.790469, 1.46669, 0.000517, 
0, 0, 1.37383, 2.13738, 0.001127, 
0, 0, 0.872943, 1.42983, 0.001436, 
0, 0, 0.837742, 1.58513, 0.001374, 
0, 0, 0.811559, 1.40046, 0.000891, 
0.137107, 0, 0.794495, 1.43847, 0.000844, 
0, 0, 0.84997, 1.60752, 0.001142, 
0, 0, 0.808553, 1.52445, 0.000743, 
0, 0, 0.890437, 1.7289, 0.000982, 
0, 0, 0.84521, 1.46956, 0.000626, 
0, 0, 1.44278, 2.70208, 0.001114, 
0, 0, 0.851973, 1.70104, 0.000848, 
0, 0, 1.30652, 1.60019, 0.000742, 
0, 0, 0.858176, 1.49511, 0.000667, 
0.062751, 0, 0.815348, 1.41332, 0.000706, 
0, 0, 0.779221, 1.43285, 0.000712, 
0, 0, 0.79931, 1.43582, 0.000649, 
0, 0, 0.800891, 1.41694, 0.000572, 
0, 0, 1.36175, 1.42327, 0.000881, 
0, 0, 0.872829, 1.57355, 0.000942, 
0, 0, 0.809759, 1.52701, 0.001016, 
0, 0, 0.85906, 1.6118, 0.000772, 
0, 0, 0.84798, 1.42043, 0.001098, 
0, 0, 0.842685, 1.50184, 0.001031, 
0, 0, 1.46759, 2.76674, 0.001186, 
0.076456, 0, 1.40367, 1.97961, 0.000804, 
0, 0, 0.862425, 1.47199, 0.000459, 
0, 0, 0.824955, 1.49672, 0.000605, 
0, 0, 0.898736, 1.50357, 0.00073, 
0, 0, 1.3925, 2.55958, 0.001398, 
0, 0, 0.82253, 1.55079, 0.000786, 
0, 0, 1.30907, 2.3467, 0.001056, 
0, 0, 0.944597, 1.64668, 0.000547, 
0, 0, 0.762454, 1.35912, 0.000764, 
0, 0, 0.867225, 1.57137, 0.000756, 
0, 0, 0.835243, 1.43366, 0.000793, 
0.146445, 0, 0.84409, 1.49656, 0.000936, 
0, 0, 0.983993, 2.36643, 0.00153, 
0, 0, 1.39668, 2.5992, 0.001039, 
0, 0, 0.809952, 1.5048, 0.000747, 
0, 0, 1.11189, 1.5452, 0.00072, 
0, 0, 0.790841, 1.55255, 0.000945, 
0, 0, 0.794856, 1.29602, 0.000508, 
0, 0, 0.814194, 1.43002, 0.000897, 
0.023664, 0, 0.805298, 1.55719, 0.00061, 
0, 0, 0.805042, 1.53131, 0.000711, 
0, 0, 0.796736, 1.45541, 0.000795, 
0, 0, 0.815868, 1.56151, 0.000784, 
0, 0, 0.83477, 1.37186, 0.000832, 
0, 0, 0.834175, 1.5814, 0.001503, 
0, 0, 0.814276, 1.64203, 0.000674, 
0, 0, 0.813885, 1.46558, 0.000733, 
0, 0, 1.41782, 1.60855, 0.001044, 
0, 0, 0.90799, 1.52054, 0.001115, 
0, 0, 1.36152, 2.87261, 0.001164, 
0.192291, 0, 1.3692, 2.66705, 0.001361, 
0, 0, 1.31491, 2.35023, 0.001071, 
0, 0, 1.31751, 2.23612, 0.001024, 
0, 0, 0.89345, 1.33191, 0.000864, 
0, 0, 1.34367, 2.45208, 0.001251, 
0, 0, 1.29372, 2.2707, 0.001186, 
0, 0, 1.29925, 1.89611, 0.001072, 
0, 0, 0.819447, 1.39096, 0.000907, 
0, 0, 0.818485, 1.55341, 0.003371, 
0, 0, 0.830618, 1.44571, 0.000786, 
0.093453, 0, 1.20894, 2.58676, 0.001178, 
0, 0, 0.815256, 1.51177, 0.000685, 
0, 0, 0.833457, 1.56306, 0.000617, 
0, 0, 0.908412, 1.40116, 0.000644, 
0, 0, 0.786521, 1.64457, 0.000708, 
0, 0, 0.7821, 1.43988, 0.000563, 
0, 0, 0.819499, 1.6318, 0.000531, 
0, 0, 0.857071, 1.49145, 0.000577, 
0, 0, 0.796508, 1.42507, 0.001354, 
0, 0, 0.839282, 1.44887, 0.000588, 
0.059342, 0, 0.794858, 1.62879, 0.000683, 
0, 0, 1.44203, 2.55358, 0.001346, 
0, 0, 1.31323, 1.92847, 0.000832, 
0, 0, 1.36416, 1.4769, 0.000986, 
0, 0, 0.78672, 1.4893, 0.00059, 
0, 0, 0.813248, 1.55553, 0.000412, 
0, 0, 0.835743, 1.58485, 0.000908, 
0, 0, 0.825232, 1.61073, 0.00064, 
0, 0, 1.371, 2.75859, 0.001159, 
0, 0, 0.850657, 1.73255, 0.001065, 
0.205776, 0, 1.40059, 2.47617, 0.001314, 
0, 0, 0.819643, 1.47159, 0.000935, 
0, 0, 1.1863, 1.79154, 0.000759, 
0, 0, 0.818175, 1.4859, 0.000793, 
0, 0, 0.825758, 1.531, 0.000711, 
0, 0, 0.84348, 1.48484, 0.000733, 
0, 0, 0.866569, 1.80877, 0.000708, 
0, 0, 0.803382, 1.50335, 0.000744, 
0, 0, 0.83079, 1.48311, 0.000691, 
0.010192, 0, 0.837607, 1.45965, 0.000645, 
0, 0, 0.808945, 1.44697, 0.001407, 
0, 0, 0.843293, 1.59446, 0.000707, 
0, 0, 0.796997, 1.51578, 0.000534, 
0, 0, 0.858634, 1.68897, 0.001251, 
0, 0, 0.840939, 1.52168, 0.000926, 
0, 0, 0.894208, 1.99119, 0.000775, 
0, 0, 0.805759, 1.46819, 0.00119, 
0, 0, 0.844818, 1.80713, 0.002139, 
0, 0, 0.822463, 1.47354, 0.000804, 
0.117879, 0, 0.81175, 1.44929, 0.000865, 
0, 0, 1.00873, 1.47259, 0.001016, 
0, 0, 0.837678, 1.62052, 0.000843, 
0, 0, 0.79621, 1.25922, 0.000967, 
0, 0, 0.830579, 1.50052, 0.000761, 
0, 0, 1.3921, 2.47261, 0.000747, 
0, 0, 0.773963, 1.27913, 0.000794, 
0, 0, 0.816608, 1.43697, 0.001112, 
0, 0, 1.39658, 2.70168, 0.00186, 
0, 0, 1.2937, 2.34159, 0.001215, 
0.076368, 0, 1.31757, 1.88579, 0.000738, 
0, 0, 0.796608, 1.32758, 0.000528, 
0, 0, 0.946545, 1.42468, 0.000607, 
0, 0, 0.839945, 1.31652, 0.000685, 
0, 0, 0.793744, 1.31456, 0.000766, 
0, 0, 0.915885, 1.32647, 0.000633, 
0, 0, 0.786003, 1.35663, 0.00072, 
0, 0, 1.01324, 1.33282, 0.000689, 
0, 0, 1.27085, 2.50835, 0.001356, 
0, 0, 0.801834, 1.50229, 0.000672, 
0.078232, 0, 0.818107, 1.46375, 0.000696, 
0, 0, 0.859272, 1.55297, 0.000716, 
0, 0, 0.839357, 1.48616, 0.000549, 
0, 0, 1.18917, 2.23854, 0.001033, 
0, 0, 0.850435, 1.4514, 0.000805, 
0, 0, 0.811195, 1.45374, 0.000687, 
0, 0, 0.805323, 1.40374, 0.000567, 
0, 0, 1.09411, 1.54834, 0.000585, 
0, 0, 0.874582, 1.6953, 0.000706, 
0, 0, 1.37099, 2.44549, 0.007759, 
0.217164, 0, 1.40388, 1.6566, 0.001425, 
0, 0, 0.862855, 1.55767, 0.000844, 
0, 0, 0.82519, 1.55765, 0.000679, 
0, 0, 0.818614, 1.46899, 0.000665, 
0, 0, 1.36109, 1.49732, 0.000709, 
0, 0, 1.34726, 2.54591, 0.001184, 
0, 0, 1.35331, 1.87293, 0.000836, 
0, 0, 1.35815, 2.47711, 0.000993, 
0, 0, 0.965248, 1.5529, 0.000715, 
0.017795, 0, 1.1039, 1.48503, 0.000906, 
0, 0, 0.802323, 1.50797, 0.000971, 
0, 0, 0.825005, 1.49491, 0.000568, 
0, 0, 0.806729, 1.43407, 0.000547, 
0, 0, 0.871598, 1.61302, 0.001044, 
0, 0, 0.908021, 1.61749, 0.001904, 
0, 0, 0.885808, 1.59451, 0.000963, 
0, 0, 1.43447, 2.78671, 0.001221, 
0, 0, 1.33887, 2.66938, 0.001138, 
0, 0, 1.3544, 2.57851, 0.001384, 
0, 0, 1.30534, 2.35417, 0.001064, 
0.120606, 0, 0.849189, 1.53399, 0.000883, 
0, 0, 0.822882, 1.43322, 0.000551, 
0, 0, 0.805189, 1.36719, 0.000704, 
0, 0, 0.896433, 1.5155, 0.000948, 
0, 0, 0.804847, 1.29043, 0.000715, 
0, 0, 0.802832, 1.50105, 0.001075, 
0, 0, 0.796524, 1.3995, 0.000809, 
0, 0, 0.930915, 1.52768, 0.001086, 
0, 0, 1.22029, 2.40018, 0.001124, 
0, 0, 1.36519, 2.62541, 0.00105, 
0.054029, 0, 0.802758, 1.60059, 0.000709, 
0, 0, 1.09082, 1.50714, 0.000741, 
0, 0, 0.791782, 1.44052, 0.000687, 
0, 0, 0.900387, 1.70681, 0.000734, 
0, 0, 0.836141, 1.54823, 0.001175, 
0, 0, 0.829656, 1.40861, 0.00051, 
0, 0, 0.804817, 1.35912, 0.000706, 
0, 0, 0.983351, 1.48534, 0.000717, 
0, 0, 1.20688, 2.4649, 0.001479, 
0, 0, 1.3174, 2.63248, 0.001312, 
0.084466, 0, 1.25471, 1.53809, 0.001045, 
0, 0, 0.794549, 1.54894, 0.00054, 
0, 0, 0.757935, 1.29236, 0.000483, 
0, 0, 0.835444, 1.52513, 0.000776, 
0, 0, 0.791288, 1.45119, 0.000556, 
0, 0, 0.81886, 1.31703, 0.000676, 
0, 0, 0.784235, 1.50108, 0.000744, 
0, 0, 0.804339, 1.92072, 0.000705, 
0, 0, 0.784527, 1.45376, 0.000738, 
0, 0, 0.773897, 1.4398, 0.001105, 
0.209134, 0, 1.35165, 2.61042, 0.001212, 
0, 0, 0.786846, 1.51087, 0.000861, 
0, 0, 0.82383, 1.36637, 0.001231, 
0, 0, 0.989829, 1.3778, 0.000967, 
0, 0, 0.783307, 1.35464, 0.000718, 
0, 0, 0.987343, 1.43783, 0.000518, 
0, 0, 1.29553, 2.19662, 0.001498, 
0, 0, 0.799607, 1.30151, 0.000697, 
0, 0, 1.38681, 2.91796, 0.001465, 
0.014422, 0, 0.875877, 1.48633, 0.000655, 
0, 0, 0.811332, 1.4661, 0.000865, 
0, 0, 0.800723, 1.38423, 0.000533, 
0, 0, 0.84025, 1.51038, 0.000821, 
0, 0, 1.38927, 1.51442, 0.000788, 
0, 0, 0.808375, 1.33738, 0.000702, 
0, 0, 0.740839, 1.37094, 0.001048, 
0, 0, 1.35589, 2.23981, 0.001023, 
0, 0, 0.785906, 1.3561, 0.00092, 
0, 0, 0.789176, 1.29502, 0.001128, 
0, 0, 1.10724, 1.33009, 0.001022, 
0.135708, 0, 0.795993, 1.40633, 0.000561, 
0, 0, 0.858773, 1.51753, 0.000675, 
0, 0, 0.825813, 1.60988, 0.00055, 
0, 0, 1.02953, 1.37979, 0.000637, 
0, 0, 1.34046, 2.14534, 0.00095, 
0, 0, 1.33493, 2.61198, 0.001022, 
0, 0, 1.35665, 2.2172, 0.000829, 
0, 0, 1.36072, 2.5079, 0.001177, 
0, 0, 1.29377, 2.1602, 0.001152, 
0.067526, 0, 0.778507, 1.36492, 0.000593, 
0, 0, 0.770689, 1.39228, 0.000495, 
0, 0, 0.835717, 1.3697, 0.00063, 
0, 0, 0.867965, 1.69853, 0.000695, 
0, 0, 0.82462, 1.43814, 0.000679, 
0, 0, 0.778197, 1.42319, 0.000725, 
0, 0, 0.788093, 1.3396, 0.000593, 
0, 0, 0.826311, 1.44386, 0.000641, 
0, 0, 0.798523, 1.32721, 0.000909, 
0, 0, 0.825891, 1.62245, 0.000647, 
0.052702, 0, 0.775154, 1.38386, 0.000634, 
0, 0, 0.782587, 1.38904, 0.001009, 
0, 0, 0.794019, 1.37278, 0.000895, 
0, 0, 0.806876, 1.51155, 0.000654, 
0, 0, 1.39392, 2.80406, 0.001039, 
0, 0, 1.29949, 2.35419, 0.001083, 
0, 0, 1.05547, 1.50844, 0.001557, 
0, 0, 1.04588, 1.56518, 0.000573, 
0, 0, 0.794468, 1.46948, 0.000741, 
0, 0, 0.769607, 1.31799, 0.000826, 
0, 0, 0.823652, 1.4237, 0.000865, 
0.135955, 0, 0.799958, 1.48491, 0.000668, 
0, 0, 1.30645, 2.47365, 0.00138, 
0, 0, 1.30451, 2.65805, 0.000927, 
0, 0, 1.33058, 2.42017, 0.001353, 
0, 0, 0.795656, 1.5723, 0.000583, 
0, 0, 0.79896, 1.5407, 0.000555, 
0, 0, 0.795058, 1.34952, 0.000721, 
0, 0, 0.819002, 1.28713, 0.00069, 
0, 0, 0.841539, 1.5177, 0.00066, 
0.010242, 0, 0.768428, 1.36369, 0.000798, 
0, 0, 1.33297, 2.49967, 0.001141, 
0, 0, 1.31485, 2.51203, 0.001342, 
0, 0, 0.802108, 1.45991, 0.000981, 
0, 0, 0.835623, 1.38122, 0.001303, 
0, 0, 0.857101, 1.54779, 0.001032, 
0, 0, 1.37667, 2.78955, 0.00113, 
0, 0, 1.35329, 2.66752, 0.001418, 
0, 0, 1.34916, 2.76222, 0.002342, 
0, 0, 1.00403, 1.56491, 0.000793, 
0.158689, 0, 0.796036, 1.53037, 0.000536, 
0, 0, 1.35102, 2.8253, 0.001162, 
0, 0, 1.44504, 3.02423, 0.001247, 
0, 0, 0.853359, 1.72643, 0.000827, 
0, 0, 1.2907, 2.57986, 0.00134, 
0, 0, 0.83078, 1.54541, 0.000705, 
0, 0, 0.796933, 1.42561, 0.000682, 
0, 0, 0.782177, 1.45839, 0.00051, 
0, 0, 1.36222, 2.24186, 0.000828, 
0, 0, 0.81533, 1.52559, 0.000687, 
0.089344, 0, 1.36077, 1.61256, 0.00066, 
0, 0, 0.784982, 1.4633, 0.000651, 
0, 0, 0.825666, 1.4331, 0.000598, 
0, 0, 1.36668, 2.52809, 0.001321, 
0, 0, 0.801584, 1.39296, 0.001095, 
0, 0, 0.824531, 1.50326, 0.000644, 
0, 0, 0.817572, 1.36093, 0.000738, 
0, 0, 1.40711, 2.91385, 0.001177, 
0, 0, 0.826767, 1.44807, 0.00103, 
0.053608, 0, 0.790195, 1.36667, 0.000715, 
0, 0, 0.803432, 1.47552, 0.001093, 
0, 0, 0.821841, 1.52773, 0.000524, 
0, 0, 1.39392, 2.86397, 0.0013, 
0, 0, 1.42262, 2.89441, 0.001139, 
0, 0, 1.34984, 2.29157, 0.001272, 
0, 0, 0.802609, 1.57761, 0.000529, 
0, 0, 0.809042, 1.45144, 0.000629, 
0, 0, 0.85135, 1.45975, 0.000873, 
0, 0, 0.845042, 1.44437, 0.001047, 
0, 0, 0.938043, 1.39517, 0.000684, 
0.139082, 0, 0.80154, 1.48027, 0.000841, 
0, 0, 0.886308, 1.45929, 0.000619, 
0, 0, 0.826876, 1.30006, 0.00074, 
0, 0, 0.850287, 1.59625, 0.001335, 
0, 0, 1.07779, 1.94539, 0.001087, 
0, 0, 0.753924, 1.40641, 0.000981, 
0, 0, 0.792703, 1.50788, 0.000476, 
0, 0, 1.31248, 2.7381, 0.001172, 
0, 0, 1.28693, 1.39841, 0.00083, 
0.0088, 0, 0.774693, 1.23934, 0.000567, 
0, 0, 0.79999, 1.45016, 0.000863, 
0, 0, 0.815028, 1.48051, 0.000679, 
0, 0, 0.797904, 1.39802, 0.000627, 
0, 0, 1.36061, 1.55566, 0.001944, 
0, 0, 0.81979, 1.39507, 0.001181, 
0, 0, 0.811693, 1.45087, 0.000856, 
0, 0, 0.863332, 1.41631, 0.000922, 
0, 0, 1.42334, 2.44245, 0.001218, 
0, 0, 0.813616, 1.53202, 0.000964, 
0, 0, 0.822871, 1.51533, 0.000598, 
0.226464, 0, 1.34201, 1.88557, 0.001134, 
0, 0, 0.843863, 1.30918, 0.000593, 
0, 0, 0.828513, 1.60945, 0.000656, 
0, 0, 0.851286, 1.66221, 0.001132, 
0, 0, 0.841168, 1.47056, 0.000835, 
0, 0, 0.789361, 1.36263, 0.000565, 
0, 0, 0.821679, 1.46764, 0.000979, 
0, 0, 1.30666, 2.3428, 0.000719, 
0, 0, 0.803735, 1.44114, 0.000739, 
0, 0, 1.3342, 2.65243, 0.001404, 
0.056861, 0, 0.812623, 2.02543, 0.001027, 
0, 0, 0.844876, 1.56513, 0.000565, 
0, 0, 1.32282, 2.48841, 0.001111, 
0, 0, 0.805652, 1.44474, 0.001006, 
0, 0, 0.823627, 1.46191, 0.000834, 
0, 0, 0.944192, 1.46997, 0.001046, 
0, 0, 0.820311, 1.4704, 0.00084, 
0, 0, 0.79514, 1.51653, 0.000626, 
0, 0, 0.783067, 1.44518, 0.000751, 
0, 0, 1.37143, 2.57519, 0.001095, 
0.078003, 0, 0.792418, 1.40991, 0.001004, 
0, 0, 0.802304, 1.433, 0.000706, 
0, 0, 0.832817, 1.39759, 0.000753, 
0, 0, 0.781804, 1.3956, 0.000537, 
0, 0, 0.775189, 1.42686, 0.000611, 
0, 0, 0.841462, 1.4867, 0.000698, 
0, 0, 0.793204, 1.54431, 0.000758, 
0, 0, 0.828908, 1.41842, 0.000986, 
0, 0, 1.38721, 2.81242, 0.002154, 
0, 0, 1.3224, 2.3821, 0.000744, 
0.206898, 0, 1.33088, 1.45613, 0.000627, 
0, 0, 1.33281, 2.49503, 0.000949, 
0, 0, 1.27721, 2.37321, 0.001088, 
0, 0, 1.34843, 2.02914, 0.000785, 
0, 0, 0.791669, 1.41898, 0.000777, 
0, 0, 0.771871, 1.44614, 0.000729, 
0, 0, 0.877154, 1.40093, 0.00085, 
0, 0, 0.776039, 1.51023, 0.000574, 
0, 0, 0.786642, 1.27579, 0.000681, 
0.031507, 0, 0.75862, 1.29121, 0.000636, 
0, 0, 0.804492, 1.39066, 0.001101, 
0, 0, 0.805659, 1.4127, 0.000835, 
0, 0, 1.72266, 1.53315, 0.001087, 
0, 0, 0.838558, 1.5784, 0.000875, 
0, 0, 0.824538, 1.53724, 0.000872, 
0, 0, 0.771766, 1.47273, 0.000883, 
0, 0, 0.794686, 1.45422, 0.000777, 
0, 0, 0.825095, 1.58663, 0.001253, 
0, 0, 1.3873, 2.62236, 0.001239, 
0, 0, 1.36273, 2.56532, 0.001207, 
0, 0, 1.37973, 2.6147, 0.001604, 
0.207539, 0, 1.35152, 2.60167, 0.001089, 
0, 0, 1.28517, 1.4107, 0.001273, 
0, 0, 1.37774, 2.64636, 0.001046, 
0, 0, 1.33605, 2.46401, 0.001401, 
0, 0, 1.30666, 2.45128, 0.000979, 
0, 0, 1.33383, 2.39113, 0.001138, 
0, 0, 1.32792, 2.53124, 0.001485, 
0, 0, 0.795261, 1.85953, 0.001395, 
0.063665, 0, 0.79948, 1.41127, 0.000704, 
0, 0, 0.836333, 1.64228, 0.000676, 
0, 0, 1.33288, 2.84444, 0.000992, 
0, 0, 0.782108, 1.41382, 0.000612, 
0, 0, 1.38203, 2.4614, 0.001027, 
0, 0, 1.32579, 2.56327, 0.001161, 
0, 0, 1.33193, 2.54863, 0.00134, 
0, 0, 1.31635, 1.48886, 0.000903, 
0, 0, 1.27399, 2.34467, 0.000903, 
0, 0, 0.853262, 1.52539, 0.000981, 
0.073525, 0, 0.787476, 1.59488, 0.000736, 
0, 0, 0.824262, 1.4912, 0.000578, 
0, 0, 0.817979, 2.33304, 0.001083, 
0, 0, 1.40444, 2.61214, 0.000972, 
0, 0, 0.833382, 1.52079, 0.000767, 
0, 0, 1.08173, 1.3778, 0.000574, 
0, 0, 1.348, 2.61261, 0.001104, 
0, 0, 0.983157, 1.61837, 0.00065, 
0, 0, 0.760748, 1.52265, 0.000433, 
0, 0, 0.870636, 1.5156, 0.000695, 
0, 0, 0.842188, 1.62802, 0.000856, 
0.161023, 0, 0.821689, 1.56349, 0.00087, 
0, 0, 0.827445, 1.4881, 0.000799, 
0, 0, 0.837602, 1.48633, 0.000914, 
0, 0, 1.40752, 2.63369, 0.001516, 
0, 0, 1.10179, 1.52171, 0.001027, 
0, 0, 1.3909, 2.73383, 0.00125, 
0, 0, 1.35165, 2.69529, 0.001607, 
0, 0, 1.34435, 2.68165, 0.001028, 
0, 0, 1.39178, 2.64096, 0.001182, 
0.014528, 0, 1.3646, 1.65618, 0.000865, 
0, 0, 1.39065, 2.76154, 0.001127, 
0, 0, 1.37595, 2.81799, 0.001401, 
0, 0, 1.29629, 2.60744, 0.001107, 
0, 0, 0.805472, 1.58965, 0.001183, 
0, 0, 0.832101, 1.56338, 0.001043, 
0, 0, 0.824407, 1.40979, 0.000669, 
0, 0, 0.844163, 1.54873, 0.000992, 
0, 0, 1.34672, 2.76346, 0.001121, 
0, 0, 1.44357, 2.80234, 0.001742, 
0, 0, 1.39955, 2.31723, 0.000914, 
0.135192, 0, 0.823601, 1.55157, 0.000537, 
0, 0, 0.838439, 1.57815, 0.000546, 
0, 0, 0.828298, 1.48626, 0.000818, 
0, 0, 0.81839, 1.40014, 0.000702, 
0, 0, 0.841862, 1.44043, 0.000643, 
0, 0, 1.33756, 2.52134, 0.001096, 
0, 0, 1.30776, 2.46766, 0.001021, 
0, 0, 1.32361, 2.05826, 0.000727, 
0, 0, 1.36142, 2.80524, 0.001192, 
0.050168, 0, 1.00378, 1.64448, 0.000837, 
0, 0, 0.830527, 1.53944, 0.000887, 
0, 0, 0.861441, 1.58076, 0.001261, 
0, 0, 0.832408, 1.52268, 0.000786, 
0, 0, 0.818512, 1.53686, 0.000654, 
0, 0, 0.918395, 1.44397, 0.001032, 
0, 0, 0.797512, 1.44414, 0.000606, 
0, 0, 0.862389, 1.63951, 0.000511, 
0, 0, 0.858848, 1.70077, 0.000603, 
0, 0, 0.854264, 1.55415, 0.001117, 
0, 0, 0.815368, 1.68854, 0.000657, 
0.105869, 0, 1.39816, 2.74613, 0.000762, 
0, 0, 1.36258, 2.64907, 0.001085, 
0, 0, 1.37504, 2.58172, 0.001005, 
0, 0, 0.805715, 1.57658, 0.000649, 
0, 0, 1.12317, 2.02387, 0.000767, 
0, 0, 0.793384, 1.46171, 0.000623, 
0, 0, 0.836658, 1.53274, 0.000651, 
0, 0, 0.788722, 1.70632, 0.000847, 
0, 0, 0.859032, 1.61151, 0.001153, 
0, 0, 0.808277, 1.55419, 0.000739, 
0.145393, 0, 0.794527, 1.41157, 0.000576, 
0, 0, 0.845394, 1.48938, 0.00101, 
0, 0, 0.846352, 1.59325, 0.000722, 
0, 0, 0.814101, 1.62534, 0.000683, 
0, 0, 1.50057, 3.00946, 0.001573, 
0, 0, 1.4458, 2.87251, 0.000997, 
0, 0, 1.33144, 2.60882, 0.000789, 
0, 0, 0.830145, 1.57199, 0.000731, 
0, 0, 0.791751, 1.42949, 0.000712, 
0.02526, 0, 0.799705, 1.44377, 0.000624, 
0, 0, 0.802856, 1.50811, 0.000889, 
0, 0, 0.80094, 1.55685, 0.000671, 
0, 0, 0.881391, 1.49319, 0.000715, 
0, 0, 0.882672, 1.67814, 0.00088, 
0, 0, 0.824822, 1.50958, 0.001055, 
0, 0, 0.845305, 1.5174, 0.000951, 
0, 0, 1.41524, 2.78345, 0.001168, 
0, 0, 1.39655, 2.79425, 0.001275, 
0, 0, 1.42796, 2.94509, 0.001827, 
0, 0, 1.36834, 2.78692, 0.00118, 
0.2086, 0, 1.37535, 1.75283, 0.000943, 
0, 0, 0.825482, 1.72954, 0.000844, 
0, 0, 0.79134, 1.3673, 0.000917, 
0, 0, 0.825536, 1.46793, 0.001849, 
0, 0, 0.822861, 1.54344, 0.000573, 
0, 0, 0.826439, 1.63724, 0.000826, 
0, 0, 0.920028, 1.85439, 0.000763, 
0, 0, 0.827042, 1.5785, 0.000574, 
0, 0, 0.795961, 1.9607, 0.001037, 
0, 0, 0.862873, 1.58299, 0.000787, 
0.060404, 0, 0.806625, 1.42179, 0.000897, 
0, 0, 0.844697, 1.52787, 0.000655, 
0, 0, 0.819251, 1.47704, 0.000599, 
0, 0, 0.860364, 1.47438, 0.000658, 
0, 0, 0.818858, 1.41627, 0.000656, 
0, 0, 0.799068, 1.48869, 0.000593, 
0, 0, 0.845499, 1.52711, 0.000574, 
0, 0, 0.813616, 1.4829, 0.000482, 
0, 0, 0.810159, 1.39263, 0.000682, 
0.078796, 0, 0.814989, 1.46811, 0.000818, 
0, 0, 0.852388, 1.54653, 0.000598, 
0, 0, 0.803255, 1.43182, 0.000745, 
0, 0, 1.25659, 2.24364, 0.001017, 
0, 0, 0.908861, 1.53326, 0.000744, 
0, 0, 0.836368, 1.47623, 0.000594, 
0, 0, 0.829934, 1.41977, 0.000695, 
0, 0, 0.827301, 1.45969, 0.000628, 
0, 0, 0.803861, 1.50298, 0.000517, 
0, 0, 0.841134, 1.48988, 0.001515, 
0, 0, 0.808341, 1.52925, 0.000734, 
0.142289, 0, 0.771279, 1.24394, 0.000666, 
0, 0, 0.76978, 1.29784, 0.000754, 
0, 0, 0.818849, 1.42016, 0.00081, 
0, 0, 1.38985, 2.14356, 0.000709, 
0, 0, 0.827824, 1.64979, 0.000531, 
0, 0, 0.835024, 1.6512, 0.001091, 
0, 0, 0.833388, 1.44662, 0.001177, 
0, 0, 0.801015, 1.53178, 0.000694, 
0, 0, 0.811557, 1.42314, 0.000738, 
0.009945, 0, 0.804046, 1.46133, 0.000691, 
0, 0, 0.823957, 1.37422, 0.000557, 
0, 0, 0.80283, 1.47171, 0.000582, 
0, 0, 0.830551, 1.47561, 0.00092, 
0, 0, 0.799904, 1.61058, 0.000848, 
0, 0, 0.794507, 1.49227, 0.000729, 
0, 0, 0.779133, 1.46583, 0.000626, 
0, 0, 1.41515, 2.75406, 0.001075, 
0, 0, 0.832477, 1.57552, 0.00149, 
0, 0, 0.944696, 1.4439, 0.000649, 
0, 0, 0.817344, 1.63286, 0.001219, 
0, 0, 1.3804, 2.60972, 0.001182, 
0.226646, 0, 1.35071, 2.5142, 0.001062, 
0, 0, 1.27515, 1.68378, 0.00111, 
0, 0, 1.4118, 2.87948, 0.001213, 
0, 0, 1.3297, 2.51852, 0.001205, 
0, 0, 0.803877, 1.55359, 0.000591, 
0, 0, 0.846609, 1.54099, 0.000656, 
0, 0, 0.869418, 1.58179, 0.001001, 
0, 0, 0.855333, 1.48706, 0.000898, 
0, 0, 0.801052, 1.45965, 0.00065, 
0.072491, 0, 0.846665, 1.67819, 0.001042, 
0, 0, 0.847514, 1.65958, 0.000559, 
0, 0, 0.820068, 1.49402, 0.000783, 
0, 0, 1.34512, 1.55588, 0.000697, 
0, 0, 1.33725, 2.25829, 0.001208, 
0, 0, 0.81102, 1.52426, 0.000575, 
0, 0, 0.901404, 1.62497, 0.000668, 
0, 0, 0.823056, 1.6755, 0.000752, 
0, 0, 0.81136, 1.42167, 0.000525, 
0, 0, 1.27909, 1.45138, 0.001142, 
0.085258, 0, 1.40586, 2.70493, 0.001323, 
0, 0, 1.39128, 2.48916, 0.001028, 
0, 0, 0.794402, 1.48484, 0.000721, 
0, 0, 1.01136, 1.56035, 0.000577, 
0, 0, 0.843187, 1.93775, 0.001037, 
0, 0, 1.07139, 1.44842, 0.000789, 
0, 0, 0.864771, 1.51905, 0.000677, 
0, 0, 0.86219, 1.5539, 0.000596, 
0, 0, 0.874398, 1.54959, 0.000894, 
0, 0, 1.26272, 1.53127, 0.000623, 
0.13832, 0, 0.805734, 1.38019, 0.000549, 
0, 0, 1.36983, 2.47883, 0.001038, 
0, 0, 1.3798, 2.67517, 0.001375, 
0, 0, 1.13621, 1.4415, 0.000726, 
0, 0, 0.963811, 1.66088, 0.000929, 
0, 0, 0.849281, 1.66136, 0.000649, 
0, 0, 0.86441, 1.6979, 0.000871, 
0, 0, 0.815756, 1.67448, 0.000552, 
0, 0, 1.37955, 2.66656, 0.001151, 
0.01485, 0, 1.33106, 2.59663, 0.00145, 
0, 0, 1.40202, 2.16595, 0.000877, 
0, 0, 1.38272, 2.69858, 0.00105, 
0, 0, 1.46043, 2.76205, 0.001099, 
0, 0, 0.867062, 1.66049, 0.00099, 
0, 0, 0.895336, 1.47171, 0.00134, 
0, 0, 0.838349, 1.40521, 0.00086, 
0, 0, 0.988562, 1.58851, 0.001123, 
0, 0, 0.852804, 1.55987, 0.000725, 
0, 0, 0.828169, 1.44808, 0.000796, 
0.20127, 0, 1.38515, 2.44608, 0.001062, 
0, 0, 0.943668, 1.5613, 0.000649, 
0, 0, 0.82623, 1.65201, 0.000707, 
0, 0, 0.836138, 1.44928, 0.00093, 
0, 0, 0.843951, 1.44024, 0.000747, 
0, 0, 0.85634, 1.52762, 0.000621, 
0, 0, 0.838605, 1.57974, 0.000761, 
0, 0, 0.841896, 1.51245, 0.00111, 
0, 0, 0.829049, 1.43714, 0.0006, 
0, 0, 0.868062, 1.43523, 0.000788, 
0, 0, 0.778033, 1.47298, 0.000632, 
0.067684, 0, 0.837847, 1.44915, 0.000598, 
0, 0, 0.809256, 1.45317, 0.000839, 
0, 0, 0.841876, 1.53467, 0.000855, 
0, 0, 1.18815, 2.27933, 0.001033, 
0, 0, 0.812503, 1.38318, 0.000499, 
0, 0, 0.812176, 1.48488, 0.000864, 
0, 0, 0.832476, 1.41736, 0.000614, 
0, 0, 0.789687, 1.44516, 0.000526, 
0, 0, 0.857103, 1.56083, 0.000974, 
0, 0, 0.77898, 1.44508, 0.000594, 
0.054534, 0, 0.862469, 1.70872, 0.000867, 
0, 0, 0.846066, 1.6574, 0.000593, 
0, 0, 0.850956, 1.37488, 0.000529, 
0, 0, 0.812598, 1.46485, 0.0007, 
0, 0, 1.39589, 2.61742, 0.000936, 
0, 0, 0.9557, 1.65389, 0.001113, 
0, 0, 0.87027, 1.41948, 0.000751, 
0, 0, 0.857636, 1.37112, 0.000761, 
0, 0, 0.839629, 1.49844, 0.001074, 
0, 0, 0.82256, 1.47413, 0.00088, 
0.139994, 0, 0.821069, 1.62653, 0.000935, 
0, 0, 0.824798, 1.58702, 0.001106, 
0, 0, 0.855069, 1.47554, 0.000835, 
0, 0, 1.04208, 1.59965, 0.001044, 
0, 0, 1.32682, 2.45873, 0.001172, 
0, 0, 1.36073, 2.40221, 0.001003, 
0, 0, 1.32452, 1.5698, 0.000859, 
0, 0, 0.804551, 1.47908, 0.00052, 
0, 0, 0.853151, 1.5647, 0.000693, 
0.012186, 0, 0.808598, 1.54625, 0.000615, 
0, 0, 0.817472, 1.48669, 0.000834, 
0, 0, 0.798046, 1.47632, 0.000668, 
0, 0, 1.38432, 2.56454, 0.001001, 
0, 0, 0.870524, 1.57098, 0.001028, 
0, 0, 0.788801, 1.4266, 0.000516, 
0, 0, 0.760043, 1.47239, 0.000492, 
0, 0, 0.855233, 1.44148, 0.001381, 
0, 0, 0.846229, 1.49034, 0.001377, 
0, 0, 0.889395, 1.54364, 0.000851, 
0, 0, 0.873248, 1.51253, 0.000871, 
0.163603, 0, 0.81337, 1.54409, 0.001195, 
0, 0, 0.869271, 1.57383, 0.000789, 
0, 0, 0.864119, 1.76161, 0.000804, 
0, 0, 0.89788, 1.81559, 0.000775, 
0, 0, 0.824118, 1.4687, 0.000592, 
0, 0, 0.837145, 1.48617, 0.000611, 
0, 0, 0.897332, 1.42234, 0.000736, 
0, 0, 0.880777, 1.45848, 0.000684, 
0, 0, 0.823941, 1.43438, 0.000906, 
0, 0, 0.847176, 1.46842, 0.000589, 
0.065673, 0, 0.869811, 1.61235, 0.000721, 
0, 0, 0.877027, 1.89227, 0.000985, 
0, 0, 0.850082, 1.47224, 0.000694, 
0, 0, 1.41471, 2.63184, 0.001388, 
0, 0, 1.45183, 2.47265, 0.001586, 
0, 0, 0.786388, 1.57009, 0.000526, 
0, 0, 1.36443, 2.37441, 0.001064, 
0, 0, 1.35506, 2.42787, 0.000736, 
0, 0, 0.816579, 1.5588, 0.001496, 
0.084722, 0, 1.38751, 2.69522, 0.001279, 
0, 0, 1.40423, 2.73903, 0.001421, 
0, 0, 0.822054, 1.54877, 0.000664, 
0, 0, 0.841647, 1.49263, 0.000586, 
0, 0, 0.85946, 1.47592, 0.000725, 
0, 0, 1.37369, 2.57221, 0.000999, 
0, 0, 1.34845, 1.94059, 0.000778, 
0, 0, 0.807448, 1.41445, 0.000665, 
0, 0, 0.800396, 1.41548, 0.000901, 
0, 0, 0.827798, 1.46131, 0.000697, 
0, 0, 0.823003, 1.46589, 0.001024, 
0.13542, 0, 0.82293, 1.4474, 0.001365, 
0, 0, 0.80157, 1.42678, 0.000679, 
0, 0, 0.836897, 1.44096, 0.000651, 
0, 0, 1.22884, 1.55257, 0.00076, 
0, 0, 0.785311, 1.34894, 0.000558, 
0, 0, 0.835648, 1.43397, 0.000664, 
0, 0, 0.785595, 1.42283, 0.000512, 
0, 0, 0.830171, 1.52245, 0.001112, 
0, 0, 0.836955, 2.3039, 0.001358, 
0.010675, 0, 0.802131, 1.56021, 0.000829, 
0, 0, 0.768954, 1.36746, 0.000633, 
0, 0, 0.777308, 1.36201, 0.000712, 
0, 0, 0.897668, 1.57977, 0.001114, 
0, 0, 0.913857, 1.68184, 0.001103, 
0, 0, 0.883178, 1.62426, 0.000636, 
0, 0, 0.833122, 1.4223, 0.000746, 
0, 0, 0.826257, 1.5479, 0.000759, 
0, 0, 1.35608, 2.6518, 0.001364, 
0, 0, 1.45011, 2.61785, 0.001525, 
0, 0, 1.35609, 2.30173, 0.000831, 
0.124141, 0, 0.790636, 1.4654, 0.000641, 
0, 0, 0.779196, 1.53897, 0.001258, 
0, 0, 1.37784, 1.43218, 0.001105, 
0, 0, 0.809638, 1.47452, 0.001261, 
0, 0, 0.798845, 1.46543, 0.000656, 
0, 0, 0.789349, 1.50815, 0.000591, 
0, 0, 0.81197, 1.40858, 0.000578, 
0, 0, 0.811928, 1.43807, 0.00102, 
0, 0, 0.792055, 1.43897, 0.000946, 
0.053656, 0, 0.767286, 1.41576, 0.001281, 
0, 0, 0.837517, 1.47064, 0.001147, 
0, 0, 0.827167, 1.50633, 0.000729, 
0, 0, 0.812448, 1.45784, 0.00067, 
0, 0, 0.804115, 1.49199, 0.000725, 
0, 0, 0.889048, 1.38913, 0.000587, 
0, 0, 0.802042, 1.41207, 0.000502, 
0, 0, 0.877241, 1.53008, 0.000823, 
0, 0, 1.45631, 2.70159, 0.00121, 
0, 0, 0.789578, 1.4163, 0.000945, 
0, 0, 0.792463, 1.38575, 0.000916, 
0.07028, 0, 0.852184, 1.63159, 0.001034, 
0, 0, 1.29458, 2.37195, 0.000982, 
0, 0, 1.22015, 2.1603, 0.000906, 
0, 0, 1.22157, 1.92039, 0.000833, 
0, 0, 0.810302, 1.43379, 0.000955, 
0, 0, 0.798231, 1.42331, 0.000538, 
0, 0, 1.29109, 2.31238, 0.001143, 
0, 0, 0.754898, 1.32599, 0.000611, 
0, 0, 0.780672, 1.41719, 0.000801, 
0, 0, 0.752455, 1.42815, 0.000919, 
0.207666, 0, 1.43561, 2.69739, 0.001164, 
0, 0, 1.23827, 1.54359, 0.00065, 
0, 0, 0.818692, 1.50214, 0.000478, 
0, 0, 0.993265, 1.59317, 0.000643, 
0, 0, 0.787549, 1.45038, 0.00057, 
0, 0, 0.790785, 1.48072, 0.000757, 
0, 0, 0.794624, 1.43525, 0.000593, 
0, 0, 0.792573, 1.46863, 0.00057, 
0, 0, 1.34907, 2.52152, 0.001468, 
0.026249, 0, 0.909631, 1.5081, 0.000811, 
0, 0, 1.36533, 2.48895, 0.002881, 
0, 0, 1.29818, 1.58032, 0.000958, 
0, 0, 0.799423, 1.39337, 0.00168, 
0, 0, 0.781513, 1.43206, 0.00095, 
0, 0, 1.08823, 1.58015, 0.001395, 
0, 0, 0.816254, 1.45274, 0.001181, 
0, 0, 0.804899, 1.53513, 0.001326, 
0, 0, 0.816076, 1.55387, 0.000715, 
0, 0, 1.3818, 2.9521, 0.001139, 
0.230016, 0, 1.27006, 1.61493, 0.000871, 
0, 0, 0.802766, 1.3743, 0.00057, 
0, 0, 1.38426, 2.63524, 0.00104, 
0, 0, 0.866973, 1.40261, 0.001569, 
0, 0, 1.36441, 2.52042, 0.001158, 
0, 0, 1.44048, 2.88576, 0.001233, 
0, 0, 1.08357, 1.50599, 0.000787, 
0, 0, 1.2961, 1.57197, 0.000697, 
0, 0, 0.834163, 1.60235, 0.000753, 
0, 0, 0.842757, 1.56306, 0.001065, 
0.079094, 0, 1.4228, 2.6827, 0.001391, 
0, 0, 0.74384, 1.35835, 0.00066, 
0, 0, 0.751852, 1.40397, 0.000887, 
0, 0, 1.35781, 2.7574, 0.001044, 
0, 0, 1.04381, 1.55645, 0.00066, 
0, 0, 0.803084, 1.58725, 0.000471, 
0, 0, 0.803904, 1.56036, 0.000777, 
0, 0, 0.812899, 1.46531, 0.000575, 
0, 0, 0.770118, 1.40502, 0.000397, 
0, 0, 0.848357, 1.5824, 0.00136, 
0, 0, 0.836955, 1.4833, 0.00072, 
0.068309, 0, 0.83324, 1.62073, 0.000564, 
0, 0, 0.837338, 1.42597, 0.001, 
0, 0, 1.3836, 2.73392, 0.001076, 
0, 0, 1.38209, 2.63075, 0.001308, 
0, 0, 0.788445, 1.44311, 0.001139, 
0, 0, 0.757108, 1.43759, 0.000538, 
0, 0, 1.33693, 2.87054, 0.000859, 
0, 0, 1.34954, 1.72028, 0.001071, 
0, 0, 0.821563, 1.46577, 0.000674, 
0, 0, 0.798799, 1.49929, 0.000606, 
0.13778, 0, 0.802756, 1.46379, 0.000654, 
0, 0, 0.778989, 1.47953, 0.000587, 
0, 0, 0.813567, 1.45316, 0.000877, 
0, 0, 0.896595, 1.51662, 0.000708, 
0, 0, 0.783462, 1.4936, 0.001259, 
0, 0, 1.20443, 1.42491, 0.00122, 
0, 0, 0.790894, 1.40733, 0.000629, 
0, 0, 0.805832, 1.49089, 0.000973, 
0, 0, 0.821965, 1.38978, 0.000813, 
0.00976, 0, 0.786733, 1.51752, 0.00101, 
0, 0, 0.821642, 1.48786, 0.000771, 
0, 0, 0.792334, 1.48853, 0.000995, 
0, 0, 1.35733, 2.62253, 0.000838, 
0, 0, 0.850747, 1.59623, 0.001151, 
0, 0, 0.801536, 1.43982, 0.001193, 
0, 0, 0.836052, 1.4675, 0.000939, 
0, 0, 1.31635, 1.53647, 0.001257, 
0, 0, 0.817899, 1.47823, 0.000733, 
0, 0, 0.843347, 1.62921, 0.000964, 
0, 0, 0.82584, 1.73581, 0.000806, 
0.122605, 0, 0.803615, 1.42854, 0.000812, 
0, 0, 0.854641, 1.46231, 0.000811, 
0, 0, 0.85491, 1.58947, 0.001192, 
0, 0, 0.847136, 1.53149, 0.000668, 
0, 0, 0.798432, 1.48704, 0.000638, 
0, 0, 1.34186, 2.52453, 0.000856, 
0, 0, 0.806632, 1.44212, 0.000925, 
0, 0, 0.861442, 1.46863, 0.000694, 
0, 0, 1.33017, 2.53395, 0.001049, 
0.117417, 0, 1.33464, 2.46115, 0.001358, 
0, 0, 1.3526, 2.59462, 0.000944, 
0, 0, 1.31696, 2.53422, 0.000789, 
0, 0, 1.33683, 2.50484, 0.001248, 
0, 0, 0.809374, 1.45125, 0.000895, 
0, 0, 1.31932, 2.47991, 0.001073, 
0, 0, 1.33383, 2.63507, 0.001219, 
0, 0, 0.843565, 1.47052, 0.000908, 
0, 0, 1.39708, 2.62174, 0.001075, 
0, 0, 1.30658, 2.63759, 0.001112, 
0, 0, 1.35956, 2.70692, 0.001035, 
0.085753, 0, 1.35536, 2.80581, 0.001205, 
0, 0, 1.29672, 1.62532, 0.000676, 
0, 0, 0.814028, 1.53301, 0.000609, 
0, 0, 1.44326, 2.67889, 0.001119, 
0, 0, 1.35051, 2.51112, 0.000923, 
0, 0, 0.815597, 1.51878, 0.000536, 
0, 0, 0.821798, 1.46651, 0.000613, 
0, 0, 0.771736, 1.43053, 0.000687, 
0, 0, 0.811521, 1.33357, 0.000692, 
0, 0, 0.77669, 1.35818, 0.000938, 
0.118321, 0, 0.827725, 1.45103, 0.00066, 
0, 0, 0.822446, 1.5499, 0.001028, 
0, 0, 0.82085, 1.49449, 0.000849, 
0, 0, 0.84685, 1.50684, 0.000694, 
0, 0, 0.790953, 1.42417, 0.000467, 
0, 0, 0.779792, 1.47446, 0.000698, 
0, 0, 0.804711, 1.48065, 0.000527, 
0, 0, 0.831833, 1.47623, 0.000468, 
0, 0, 0.906973, 1.52046, 0.001283, 
0.029698, 0, 0.823496, 1.55912, 0.000812, 
0, 0, 1.32303, 2.36816, 0.000901, 
0, 0, 0.746091, 1.36183, 0.000974, 
0, 0, 1.36876, 2.62642, 0.001208, 
0, 0, 0.849794, 1.59213, 0.002061, 
0, 0, 0.872676, 1.52217, 0.000718, 
0, 0, 0.886303, 1.65471, 0.000913, 
0, 0, 0.792585, 1.35287, 0.000842, 
0, 0, 0.85864, 1.54659, 0.000842, 
0, 0, 0.818293, 1.45519, 0.000763, 
0.144692, 0, 0.806653, 1.33245, 0.000979, 
0, 0, 0.857973, 1.67801, 0.000842, 
0, 0, 0.799847, 1.47862, 0.00059, 
0, 0, 0.843366, 1.63701, 0.000895, 
0, 0, 0.772923, 1.30888, 0.00063, 
0, 0, 0.787691, 1.60811, 0.000977, 
0, 0, 0.778862, 1.62132, 0.000716, 
0, 0, 0.824287, 1.62511, 0.000702, 
0, 0, 0.800685, 1.48228, 0.000918, 
0.055766, 0, 0.788771, 1.39684, 0.000702, 
0, 0, 0.801428, 1.53971, 0.000738, 
0, 0, 0.80833, 1.49095, 0.001019, 
0, 0, 0.841237, 1.46333, 0.001082, 
0, 0, 1.25204, 1.49396, 0.001002, 
0, 0, 0.785728, 1.44818, 0.001072, 
0, 0, 0.808652, 1.67014, 0.000696, 
0, 0, 1.36214, 2.79317, 0.001656, 
0, 0, 1.40741, 2.96144, 0.001387, 
0, 0, 0.851909, 1.45785, 0.000869, 
0.079456, 0, 1.39291, 2.61204, 0.001146, 
0, 0, 1.33374, 1.54258, 0.000766, 
0, 0, 0.849482, 1.5702, 0.000816, 
0, 0, 0.801779, 1.59176, 0.000698, 
0, 0, 0.840244, 1.44917, 0.000598, 
0, 0, 0.848567, 1.60304, 0.000839, 
0, 0, 0.851877, 1.56291, 0.000749, 
0, 0, 0.799035, 1.4358, 0.000603, 
0, 0, 0.809332, 1.52769, 0.000677, 
0, 0, 0.829834, 1.50372, 0.000657, 
0, 0, 0.821553, 1.52185, 0.000635, 
0.128948, 0, 0.796663, 1.48095, 0.000717, 
0, 0, 0.820086, 1.37834, 0.000813, 
0, 0, 0.849304, 1.47569, 0.000556, 
0, 0, 0.859888, 1.54767, 0.001039, 
0, 0, 0.823726, 1.5167, 0.000542, 
0, 0, 0.874223, 1.31848, 0.000607, 
0, 0, 0.80831, 1.49421, 0.001242, 
0, 0, 0.803617, 1.28254, 0.000992, 
0, 0, 0.882374, 1.32684, 0.000916, 
0.031616, 0, 0.812291, 1.45714, 0.000731, 
0, 0, 0.846557, 1.54485, 0.001014, 
0, 0, 0.85569, 1.43953, 0.000934, 
0, 0, 1.44087, 2.61376, 0.001372, 
0, 0, 0.886155, 1.62436, 0.001616, 
0, 0, 0.858588, 1.56883, 0.001198, 
0, 0, 0.910424, 1.47906, 0.00094, 
0, 0, 0.839995, 1.34592, 0.000744, 
0, 0, 0.953373, 1.79675, 0.001948, 
0.223862, 0, 1.24117, 1.68716, 0.000972, 
0, 0, 0.933994, 1.74825, 0.000983, 
0, 0, 0.882876, 1.68654, 0.000711, 
0, 0, 0.885808, 1.61776, 0.0008, 
0, 0, 0.851494, 1.85702, 0.001143, 
0, 0, 0.804849, 1.46883, 0.000533, 
0, 0, 0.914549, 1.63358, 0.000891, 
0, 0, 0.878929, 1.68108, 0.000724, 
0, 0, 1.01217, 1.48502, 0.000708, 
0, 0, 0.812594, 1.44927, 0.000764, 
0.05138, 0, 0.814888, 1.5656, 0.000733, 
0, 0, 1.46802, 2.39401, 0.000989, 
0, 0, 0.843552, 1.61931, 0.000796, 
0, 0, 1.33948, 2.61271, 0.001152, 
0, 0, 1.44444, 2.61251, 0.001139, 
0, 0, 1.349, 2.58987, 0.00116, 
0, 0, 1.39732, 2.71996, 0.001154, 
0, 0, 0.903731, 1.49925, 0.000751, 
0, 0, 0.775797, 1.3796, 0.000654, 
0, 0, 0.808569, 1.408, 0.001094, 
0.055346, 0, 0.832854, 1.46741, 0.000565, 
0, 0, 0.837208, 1.53931, 0.001105, 
0, 0, 0.8229, 1.40128, 0.000702, 
0, 0, 0.916556, 1.52205, 0.000892, 
0, 0, 0.854411, 1.53442, 0.000883, 
0, 0, 0.84091, 1.56488, 0.00059, 
0, 0, 1.34455, 2.28075, 0.000618, 
0, 0, 1.38208, 2.61071, 0.00134, 
0, 0, 1.33551, 2.45876, 0.001025, 
0, 0, 1.40237, 2.28684, 0.001051, 
0.225789, 0, 1.31417, 2.61994, 0.001337, 
0, 0, 1.40369, 2.74271, 0.000968, 
0, 0, 1.35756, 2.62345, 0.001411, 
0, 0, 1.27487, 2.38116, 0.00119, 
0, 0, 1.37782, 2.33425, 0.000796, 
0, 0, 1.33437, 2.67575, 0.000965, 
0, 0, 0.800419, 1.44478, 0.000629, 
0, 0, 0.81834, 1.49408, 0.00106, 
0, 0, 0.858498, 1.47674, 0.001202, 
0.014596, 0, 0.928294, 1.51418, 0.000647, 
0, 0, 0.869794, 1.60131, 0.000958, 
0, 0, 0.806599, 1.53299, 0.000904, 
0, 0, 1.40984, 2.27624, 0.000535, 
0, 0, 0.866971, 1.59693, 0.00177, 
0, 0, 1.37864, 1.53182, 0.000994, 
0, 0, 0.839373, 1.46968, 0.000916, 
0, 0, 0.803486, 1.42546, 0.00059, 
0, 0, 0.805476, 1.31147, 0.00066, 
0, 0, 0.81997, 1.43, 0.000915, 
0, 0, 0.874094, 1.45648, 0.001369, 
0.11922, 0, 0.806864, 1.53789, 0.00062, 
0, 0, 0.823711, 1.62972, 0.001177, 
0, 0, 0.832668, 1.28957, 0.000705, 
0, 0, 0.832805, 1.9495, 0.000884, 
0, 0, 1.36227, 2.22519, 0.000647, 
0, 0, 0.829356, 1.69636, 0.000642, 
0, 0, 0.783023, 1.48077, 0.000849, 
0, 0, 0.835836, 1.52911, 0.000749, 
0, 0, 0.88768, 1.56862, 0.000742, 
0, 0, 0.937643, 1.58438, 0.000694, 
0.049548, 0, 0.803293, 1.3023, 0.000793, 
0, 0, 0.861019, 1.60555, 0.000557, 
0, 0, 0.850697, 1.52589, 0.000654, 
0, 0, 0.805508, 1.45978, 0.000847, 
0, 0, 1.08701, 1.58995, 0.000626, 
0, 0, 0.887394, 1.43968, 0.000597, 
0, 0, 0.873605, 1.52424, 0.000759, 
0, 0, 0.822316, 1.36973, 0.000927, 
0, 0, 0.839991, 1.35587, 0.000774, 
0, 0, 0.906252, 1.4918, 0.000921, 
0.047465, 0, 0.776766, 1.33165, 0.0007, 
0, 0, 0.814775, 1.43329, 0.000769, 
0, 0, 0.832734, 1.70138, 0.000839, 
0, 0, 0.856372, 1.60609, 0.000711, 
0, 0, 0.817979, 1.56432, 0.000761, 
0, 0, 0.844409, 1.46017, 0.000996, 
0, 0, 0.851158, 1.53299, 0.000544, 
0, 0, 0.844544, 1.49887, 0.000975, 
0, 0, 1.39517, 2.61885, 0.0009, 
0, 0, 0.809489, 1.45002, 0.000738, 
0.12962, 0, 0.885786, 1.5742, 0.000705, 
0, 0, 0.822267, 1.44186, 0.000693, 
0, 0, 1.28329, 2.37767, 0.001367, 
0, 0, 1.24968, 2.32139, 0.001961, 
0, 0, 1.2894, 2.34652, 0.001044, 
0, 0, 1.26257, 2.52103, 0.000777, 
0, 0, 1.19651, 2.21378, 0.00049, 
0, 0, 1.21137, 2.29159, 0.000838, 
0, 0, 1.20562, 2.20653, 0.001132, 
0.015923, 0, 1.27519, 1.79028, 0.000788, 
0, 0, 0.797723, 1.45233, 0.000587, 
0, 0, 0.896621, 1.74047, 0.000842, 
0, 0, 1.37077, 2.70681, 0.000991, 
0, 0, 0.86731, 1.68793, 0.00252, 
0, 0, 1.0114, 1.634, 0.000697, 
0, 0, 1.43816, 2.6468, 0.001179, 
0, 0, 1.3738, 2.6256, 0.001192, 
0, 0, 1.35479, 1.76524, 0.000787, 
0, 0, 1.34744, 2.77793, 0.001249, 
0, 0, 0.865581, 1.43461, 0.001178, 
0.12897, 0, 0.882909, 1.63057, 0.000652, 
0, 0, 0.802212, 1.51127, 0.000451, 
0, 0, 0.816449, 1.4769, 0.001185, 
0, 0, 1.34731, 2.53068, 0.001234, 
0, 0, 1.34029, 2.47504, 0.001107, 
0, 0, 1.41053, 2.99359, 0.001019, 
0, 0, 1.3051, 2.50058, 0.000961, 
0, 0, 1.3609, 2.50721, 0.001036, 
0, 0, 0.771424, 1.35657, 0.000574, 
0, 0, 0.848068, 1.46375, 0.000759, 
0.058551, 0, 0.84169, 1.55826, 0.000634, 
0, 0, 0.81907, 1.57472, 0.000624, 
0, 0, 1.4183, 2.46203, 0.001415, 
0, 0, 1.37571, 2.50174, 0.001239, 
0, 0, 1.4048, 2.45413, 0.000926, 
0, 0, 0.785228, 1.39516, 0.000963, 
0, 0, 0.828035, 1.39969, 0.000668, 
0, 0, 0.794174, 1.35218, 0.000445, 
0, 0, 0.824767, 1.51051, 0.000576, 
0, 0, 0.917646, 1.40757, 0.000923, 
0.051838, 0, 0.813519, 1.40589, 0.000633, 
0, 0, 0.803102, 1.42434, 0.000621, 
0, 0, 0.790077, 1.32013, 0.000683, 
0, 0, 1.33649, 2.49999, 0.001212, 
0, 0, 1.39303, 2.6106, 0.001394, 
0, 0, 1.45927, 2.98805, 0.001244, 
0, 0, 0.786602, 1.58965, 0.000993, 
0, 0, 1.34221, 2.12773, 0.000686, 
0, 0, 0.833451, 1.4127, 0.000539, 
0, 0, 0.822573, 1.54044, 0.00086, 
0.121194, 0, 0.787371, 1.40679, 0.000834, 
0, 0, 0.836173, 1.43252, 0.00095, 
0, 0, 0.855169, 1.49089, 0.000749, 
0, 0, 1.33985, 2.19492, 0.000747, 
0, 0, 1.29854, 1.47369, 0.00104, 
0, 0, 1.39115, 2.2839, 0.000895, 
0, 0, 0.811661, 1.47464, 0.000563, 
0, 0, 0.797634, 1.4638, 0.000821, 
0, 0, 1.37208, 2.80431, 0.001125, 
0.016708, 0, 1.3705, 2.57162, 0.001065, 
0, 0, 0.896957, 1.43815, 0.000633, 
0, 0, 1.28307, 2.36641, 0.001086, 
0, 0, 0.835255, 1.53952, 0.001506, 
0, 0, 0.905505, 1.69001, 0.002262, 
0, 0, 0.848746, 1.44774, 0.000695, 
0, 0, 0.84178, 1.54373, 0.000488, 
0, 0, 0.82714, 1.37972, 0.000808, 
0, 0, 0.848265, 1.57313, 0.000743, 
0, 0, 0.831136, 1.52797, 0.000849, 
0, 0, 0.820938, 1.54223, 0.000843, 
0.126137, 0, 0.827665, 1.49586, 0.000865, 
0, 0, 1.40185, 2.64533, 0.00154, 
0, 0, 1.39244, 2.58306, 0.001013, 
0, 0, 1.43501, 2.62138, 0.001121, 
0, 0, 1.34168, 1.9639, 0.000878, 
0, 0, 0.841239, 1.54443, 0.001316, 
0, 0, 0.8481, 1.51346, 0.001371, 
0, 0, 0.827698, 1.40911, 0.000749, 
0, 0, 0.845549, 1.44627, 0.000791, 
0, 0, 1.40515, 2.50729, 0.001093, 
0.081175, 0, 1.36505, 2.95426, 0.001192, 
0, 0, 0.815569, 1.34769, 0.00112, 
0, 0, 1.37278, 1.42811, 0.000747, 
0, 0, 0.838314, 1.50841, 0.000727, 
0, 0, 1.13026, 1.51525, 0.001043, 
0, 0, 0.810211, 1.4339, 0.000583, 
0, 0, 0.900831, 1.4838, 0.000793, 
0, 0, 0.833369, 1.52097, 0.000788, 
0, 0, 1.28296, 2.47415, 0.001281, 
0, 0, 0.871003, 1.76205, 0.000882, 
0.042564, 0, 0.829411, 1.40337, 0.000908, 
0, 0, 0.785295, 1.45962, 0.000707, 
0, 0, 0.88735, 1.46815, 0.001166, 
0, 0, 0.874946, 1.55464, 0.000703, 
0, 0, 0.844138, 1.39298, 0.000711, 
0, 0, 0.821813, 1.4523, 0.000587, 
0, 0, 0.858309, 1.52999, 0.000516, 
0, 0, 0.845189, 1.40953, 0.000805, 
0, 0, 0.919191, 1.45076, 0.000958, 
0, 0, 1.37104, 2.51542, 0.001192, 
0.245568, 0, 1.41836, 2.53956, 0.000801, 
0, 0, 0.827993, 1.46611, 0.000897, 
0, 0, 0.832648, 1.61876, 0.001061, 
0, 0, 0.868202, 1.45077, 0.000459, 
0, 0, 1.2956, 2.58905, 0.001168, 
0, 0, 0.891277, 1.82679, 0.000969, 
0, 0, 0.847768, 1.65116, 0.000736, 
0, 0, 0.84746, 1.4619, 0.000949, 
0, 0, 0.829801, 1.45925, 0.000725, 
0.009269, 0, 0.84939, 1.36244, 0.001247, 
0, 0, 0.779939, 1.42777, 0.000547, 
0, 0, 0.809033, 1.32313, 0.000758, 
0, 0, 0.821078, 1.80296, 0.000691, 
0, 0, 1.36208, 2.58631, 0.000968, 
0, 0, 0.804974, 1.41041, 0.001222, 
0, 0, 0.839578, 1.38472, 0.000768, 
0, 0, 0.797354, 1.40488, 0.000719, 
0, 0, 0.892727, 1.55216, 0.000742, 
0, 0, 0.864496, 1.4769, 0.001294, 
0, 0, 1.34239, 2.59122, 0.001103, 
0.125428, 0, 0.839209, 1.58501, 0.000861, 
0, 0, 0.834894, 1.43638, 0.000943, 
0, 0, 1.27781, 2.4079, 0.001254, 
0, 0, 0.864262, 1.7959, 0.000981, 
0, 0, 0.848085, 1.57481, 0.001052, 
0, 0, 0.753326, 1.33278, 0.000886, 
0, 0, 0.914102, 1.68406, 0.000959, 
0, 0, 0.83702, 1.57279, 0.000562, 
0, 0, 0.813124, 1.35293, 0.000748, 
0.059499, 0, 0.791358, 1.35988, 0.000598, 
0, 0, 0.86984, 1.52763, 0.000849, 
0, 0, 1.1184, 1.43849, 0.000824, 
0, 0, 0.799543, 1.47294, 0.000543, 
0, 0, 1.07538, 1.70628, 0.000917, 
0, 0, 1.21813, 2.53873, 0.001591, 
0, 0, 0.783648, 1.4344, 0.000823, 
0, 0, 1.17761, 2.43481, 0.001235, 
0, 0, 1.35993, 2.44109, 0.001045, 
0, 0, 1.38413, 2.56408, 0.00124, 
0, 0, 1.35396, 2.42865, 0.001146, 
0.088407, 0, 1.43525, 2.45456, 0.000997, 
0, 0, 1.36061, 2.83121, 0.000602, 
0, 0, 0.787592, 1.70388, 0.000512, 
0, 0, 1.37648, 3.12881, 0.001189, 
0, 0, 1.47176, 2.28363, 0.000802, 
0, 0, 0.761879, 1.35222, 0.000666, 
0, 0, 0.785917, 1.40385, 0.000709, 
0, 0, 0.846603, 1.48763, 0.000654, 
0, 0, 0.759909, 1.39072, 0.000655, 
0, 0, 0.99093, 1.69804, 0.000818, 
0.132268, 0, 0.804535, 1.42046, 0.000695, 
0, 0, 0.807525, 1.39818, 0.000652, 
0, 0, 1.43814, 2.79556, 0.001186, 
0, 0, 1.40781, 2.74163, 0.000937, 
0, 0, 1.371, 1.71737, 0.000895, 
0, 0, 0.83935, 1.39241, 0.00047, 
0, 0, 1.04644, 1.48558, 0.000946, 
0, 0, 1.39591, 2.75644, 0.001469, 
0, 0, 1.28315, 2.75775, 0.001137, 
0.010262, 0, 0.801537, 1.46943, 0.000939, 
0, 0, 1.35075, 2.81033, 0.000991, 
0, 0, 1.31217, 2.46738, 0.000904, 
0, 0, 0.845772, 1.42016, 0.000718, 
0, 0, 0.890252, 1.68039, 0.002558, 
0, 0, 0.888764, 1.46881, 0.000774, 
0, 0, 0.861205, 1.65907, 0.000851, 
0, 0, 0.780021, 1.38343, 0.000584, 
0, 0, 0.830041, 1.47772, 0.000596, 
0, 0, 1.11556, 1.4594, 0.000549, 
0, 0, 0.876932, 1.41637, 0.001763, 
0.134694, 0, 0.758251, 1.38973, 0.000675, 
0, 0, 0.807513, 1.46513, 0.000654, 
0, 0, 1.11428, 1.4376, 0.000575, 
0, 0, 0.817092, 1.98332, 0.000966, 
0, 0, 0.830727, 1.49108, 0.000736, 
0, 0, 0.839676, 1.47038, 0.000833, 
0, 0, 0.824788, 1.45789, 0.000929, 
0, 0, 0.872132, 1.55046, 0.000624, 
0, 0, 0.806629, 1.74048, 0.000604, 
0, 0, 0.802484, 1.45756, 0.000572, 
0.049234, 0, 0.79743, 1.40989, 0.001039, 
0, 0, 0.820642, 1.4283, 0.000656, 
0, 0, 0.886902, 1.58725, 0.000724, 
0, 0, 1.43968, 1.62765, 0.000743, 
0, 0, 0.836537, 1.44188, 0.000636, 
0, 0, 1.3547, 2.5201, 0.000789, 
0, 0, 0.810965, 1.39536, 0.000516, 
0, 0, 1.37587, 2.76892, 0.000945, 
0, 0, 1.31666, 2.56371, 0.001024, 
0, 0, 1.39046, 2.5854, 0.000869, 
0.050765, 0, 0.788903, 1.49862, 0.000625, 
0, 0, 0.796362, 1.40355, 0.000602, 
0, 0, 0.835431, 1.51011, 0.00056, 
0, 0, 0.817714, 1.40732, 0.000803, 
0, 0, 0.810358, 1.64284, 0.000947, 
0, 0, 0.807016, 1.60642, 0.000814, 
0, 0, 0.838715, 1.5754, 0.000647, 
0, 0, 0.84524, 1.40818, 0.000702, 
0, 0, 0.801606, 1.50605, 0.000509, 
0, 0, 0.800533, 1.425, 0.00071, 
0, 0, 1.42514, 2.19276, 0.000965, 
0.149579, 0, 0.830819, 1.43993, 0.000615, 
0, 0, 0.796941, 1.43786, 0.000892, 
0, 0, 0.87406, 1.55208, 0.001264, 
0, 0, 0.842367, 1.56302, 0.001026, 
0, 0, 1.39617, 2.25207, 0.001092, 
0, 0, 0.819971, 1.57114, 0.000623, 
0, 0, 0.864169, 1.41592, 0.000672, 
0, 0, 0.814848, 1.4291, 0.000558, 
0, 0, 0.817803, 1.40074, 0.000641, 
0.009436, 0, 0.846675, 1.62831, 0.000768, 
0, 0, 0.864745, 1.68222, 0.000616, 
0, 0, 0.880354, 1.40163, 0.000658, 
0, 0, 0.919023, 1.59058, 0.001369, 
0, 0, 0.933758, 1.53567, 0.000734, 
0, 0, 0.856655, 1.6805, 0.000675, 
0, 0, 0.8836, 1.62037, 0.000713, 
0, 0, 0.772143, 1.76039, 0.001271, 
0, 0, 1.35793, 2.60275, 0.001229, 
0, 0, 0.892976, 1.44123, 0.000896, 
0.199245, 0, 1.37633, 2.29631, 0.000844, 
0, 0, 1.40889, 1.66647, 0.001011, 
0, 0, 1.3433, 2.64939, 0.001149, 
0, 0, 1.41829, 1.64019, 0.000972, 
0, 0, 1.38957, 1.48955, 0.000721, 
0, 0, 0.843854, 1.59167, 0.000782, 
0, 0, 0.851696, 1.63411, 0.000621, 
0, 0, 0.815699, 1.44289, 0.000577, 
0, 0, 0.82014, 1.50562, 0.000709, 
0.092604, 0, 1.48329, 2.44359, 0.000727, 
0, 0, 0.810213, 1.49161, 0.000702, 
0, 0, 1.33431, 2.54556, 0.001214, 
0, 0, 1.39699, 2.73628, 0.00098, 
0, 0, 1.33227, 2.3151, 0.000814, 
0, 0, 1.36392, 2.53633, 0.001182, 
0, 0, 0.823419, 1.60344, 0.000996, 
0, 0, 0.935831, 1.61349, 0.000716, 
0, 0, 1.41491, 2.75148, 0.000889, 
0, 0, 0.864211, 1.50113, 0.00074, 
0, 0, 0.864978, 1.57479, 0.00067, 
0.050751, 0, 0.850987, 1.59062, 0.000681, 
0, 0, 0.835966, 1.49977, 0.000705, 
0, 0, 0.922827, 1.62658, 0.00079, 
0, 0, 0.848556, 1.73511, 0.000765, 
0, 0, 0.829479, 1.60973, 0.000607, 
0, 0, 0.832529, 1.49351, 0.000752, 
0, 0, 0.83306, 1.46563, 0.000672, 
0, 0, 0.844036, 1.57658, 0.000958, 
0, 0, 0.808721, 1.47997, 0.000631, 
0, 0, 0.849287, 1.6123, 0.002001, 
0.131424, 0, 0.815152, 1.40627, 0.000811, 
0, 0, 1.06452, 1.59482, 0.000649, 
0, 0, 0.798077, 1.31109, 0.00073, 
0, 0, 0.863907, 1.45059, 0.000663, 
0, 0, 0.87203, 1.78102, 0.000773, 
0, 0, 0.87756, 1.58181, 0.00065, 
0, 0, 0.829762, 1.45138, 0.00082, 
0, 0, 1.03252, 1.54994, 0.000855, 
0, 0, 1.29518, 1.77159, 0.000594, 
0.009141, 0, 0.838709, 1.52641, 0.00141, 
0, 0, 1.2413, 1.54633, 0.000801, 
0, 0, 0.82813, 1.61712, 0.000647, 
0, 0, 0.766331, 1.31407, 0.00058, 
0, 0, 0.833668, 1.66045, 0.002509, 
0, 0, 1.3699, 1.4943, 0.000611, 
0, 0, 0.858878, 1.52142, 0.000842, 
0, 0, 0.839925, 1.46665, 0.000691, 
0, 0, 0.852893, 1.43269, 0.000588, 
0, 0, 0.806191, 1.47415, 0.000623, 
0, 0, 0.840407, 1.65187, 0.000979, 
0.13641, 0, 0.840233, 1.52233, 0.000706, 
0, 0, 0.827904, 1.51469, 0.000527, 
0, 0, 0.877474, 1.48893, 0.00073, 
0, 0, 0.857947, 1.45038, 0.000846, 
0, 0, 0.833093, 1.58283, 0.000771, 
0, 0, 0.84684, 1.58779, 0.000835, 
0, 0, 0.837298, 1.49546, 0.000516, 
0, 0, 0.835413, 1.42878, 0.000615, 
0, 0, 1.02526, 2.07496, 0.001092, 
0, 0, 0.86661, 1.56743, 0.000803, 
0.056295, 0, 0.807235, 1.4061, 0.0009, 
0, 0, 0.822407, 1.36182, 0.000677, 
0, 0, 0.799985, 1.55197, 0.00075, 
0, 0, 1.37624, 2.87299, 0.001455, 
0, 0, 1.34882, 2.47226, 0.000968, 
0, 0, 1.06478, 1.46247, 0.001294, 
0, 0, 0.796527, 1.25977, 0.001057, 
0, 0, 0.815873, 1.51386, 0.000647, 
0, 0, 0.761839, 1.31876, 0.000611, 
0, 0, 0.906968, 1.50367, 0.000696, 
0.056642, 0, 0.843234, 1.41366, 0.000752, 
0, 0, 0.856706, 1.58555, 0.00093, 
0, 0, 0.790864, 1.28221, 0.000977, 
0, 0, 0.851713, 1.69949, 0.000774, 
0, 0, 0.936829, 1.39323, 0.000724, 
0, 0, 0.813004, 1.58957, 0.000581, 
0, 0, 0.829452, 1.51983, 0.000594, 
0, 0, 0.811988, 1.43598, 0.000823, 
0, 0, 0.826939, 1.51225, 0.001505, 
0, 0, 1.35612, 2.72411, 0.001228, 
0.220186, 0, 1.35108, 2.76205, 0.001279, 
0, 0, 1.32292, 2.53089, 0.000982, 
0, 0, 1.38839, 2.91325, 0.001684, 
0, 0, 0.844709, 1.3738, 0.000908, 
0, 0, 0.803112, 1.32505, 0.000614, 
0, 0, 1.37928, 2.44557, 0.000679, 
0, 0, 0.831999, 1.54783, 0.000662, 
0, 0, 0.815691, 1.53036, 0.000501, 
0, 0, 0.852659, 1.60135, 0.001018, 
0.010596, 0, 0.821435, 1.52289, 0.000611, 
0, 0, 0.821176, 1.34568, 0.001281, 
0, 0, 0.810452, 1.34082, 0.000802, 
0, 0, 0.780164, 1.44447, 0.000759, 
0, 0, 0.841265, 3.54409, 0.001169, 
0, 0, 0.765402, 1.2517, 0.000656, 
0, 0, 0.859754, 1.53274, 0.0007, 
0, 0, 1.40643, 2.31397, 0.000884, 
0, 0, 0.814333, 1.60199, 0.000449, 
0, 0, 1.25165, 1.98856, 0.000576, 
0, 0, 0.828455, 1.48871, 0.001229, 
0.132398, 0, 0.814843, 1.64399, 0.000722, 
0, 0, 0.802983, 1.55788, 0.000683, 
0, 0, 0.814939, 1.48649, 0.000653, 
0, 0, 0.812247, 1.40757, 0.000809, 
0, 0, 1.33592, 2.19225, 0.000726, 
0, 0, 0.802801, 1.52405, 0.000435, 
0, 0, 0.809745, 1.44309, 0.000645, 
0, 0, 0.997335, 1.15191, 0.000571, 
0, 0, 1.29046, 2.31706, 0.001044, 
0.08128, 0, 1.35605, 1.48625, 0.000807, 
0, 0, 0.8063, 1.53093, 0.0005, 
0, 0, 0.792906, 1.47191, 0.00079, 
0, 0, 0.820885, 1.50167, 0.000992, 
0, 0, 1.31499, 2.62409, 0.001179, 
0, 0, 0.836712, 1.62798, 0.000789, 
0, 0, 0.827888, 1.57557, 0.000465, 
0, 0, 0.816369, 1.49817, 0.001343, 
0, 0, 0.812719, 1.53765, 0.000535, 
0, 0, 1.34477, 2.20339, 0.001027, 
0, 0, 0.820013, 1.59012, 0.000979, 
0.051187, 0, 0.859248, 1.6763, 0.001226, 
0, 0, 0.832124, 1.6288, 0.000689, 
0, 0, 0.826046, 1.42741, 0.000599, 
0, 0, 0.85539, 1.50565, 0.000855, 
0, 0, 0.841884, 1.51715, 0.000637, 
0, 0, 0.845067, 1.57761, 0.000768, 
0, 0, 0.83848, 1.6498, 0.001312, 
0, 0, 0.855674, 1.66354, 0.000927, 
0, 0, 0.803572, 1.52474, 0.000821, 
0, 0, 0.805786, 1.62772, 0.001132, 
0.117257, 0, 0.830072, 1.47009, 0.00066, 
0, 0, 0.848293, 1.54001, 0.000892, 
0, 0, 0.82756, 1.57093, 0.000508, 
0, 0, 0.810351, 1.56259, 0.000837, 
0, 0, 0.838945, 1.59074, 0.000735, 
0, 0, 0.887603, 1.62632, 0.000729, 
0, 0, 0.765313, 1.3885, 0.000499, 
0, 0, 0.852722, 1.54904, 0.000735, 
0, 0, 0.829833, 1.68528, 0.001353, 
0.013717, 0, 1.44997, 2.84671, 0.001114, 
0, 0, 1.3915, 2.73542, 0.000991, 
0, 0, 1.32671, 2.45958, 0.001738, 
0, 0, 0.832459, 1.66709, 0.000671, 
0, 0, 0.808516, 1.49469, 0.001196, 
0, 0, 1.3393, 2.4945, 0.001198, 
0, 0, 1.3026, 2.45115, 0.001165, 
0, 0, 1.26647, 2.39107, 0.00099, 
0, 0, 1.38312, 2.58146, 0.001092, 
0, 0, 1.40709, 2.78461, 0.00123, 
0, 0, 1.38142, 2.42349, 0.00134, 
0, 0, 1.36721, 2.7799, 0.001327, 
0.202099, 0, 1.29416, 1.54412, 0.00076, 
0, 0, 0.858222, 1.54909, 0.000579, 
0, 0, 0.885747, 1.52887, 0.000858, 
0, 0, 0.86371, 1.71542, 0.001126, 
0, 0, 0.823791, 1.59314, 0.000595, 
0, 0, 0.845925, 1.34061, 0.000711, 
0, 0, 0.838304, 1.48603, 0.001142, 
0, 0, 0.833665, 1.50762, 0.000929, 
0, 0, 0.820517, 1.29695, 0.000839, 
0.055905, 0, 0.79492, 1.38369, 0.00113, 
0, 0, 1.39068, 2.98321, 0.000981, 
0, 0, 1.27215, 2.02058, 0.000857, 
0, 0, 0.834528, 1.46517, 0.000664, 
0, 0, 0.834962, 1.38444, 0.000622, 
0, 0, 0.783586, 1.4134, 0.000718, 
0, 0, 1.38499, 2.89414, 0.001204, 
0, 0, 1.38242, 2.37496, 0.000819, 
0, 0, 0.797514, 1.58748, 0.000601, 
0, 0, 0.795863, 1.50667, 0.000815, 
0.057878, 0, 0.793684, 1.59896, 0.000814, 
0, 0, 0.85372, 1.48775, 0.000642, 
0, 0, 0.839074, 1.4669, 0.00091, 
0, 0, 1.40853, 2.71239, 0.001356, 
0, 0, 1.28858, 1.5391, 0.00085, 
0, 0, 0.82412, 1.66117, 0.000918, 
0, 0, 0.824002, 1.46066, 0.000903, 
0, 0, 0.802077, 1.48392, 0.000753, 
0, 0, 0.803766, 1.4184, 0.000906, 
0, 0, 0.903245, 1.56759, 0.000896, 
0.123031, 0, 0.805219, 1.57032, 0.000725, 
0, 0, 0.803211, 1.54027, 0.000665, 
0, 0, 0.791898, 1.38329, 0.000724, 
0, 0, 0.840483, 1.47669, 0.000676, 
0, 0, 1.35853, 2.7036, 0.001093, 
0, 0, 1.34222, 2.04399, 0.00106, 
0, 0, 0.817498, 1.4966, 0.000973, 
0, 0, 0.846653, 1.60266, 0.000888, 
0, 0, 0.788072, 1.26305, 0.000497, 
0.009692, 0, 0.847153, 1.60981, 0.000706, 
0, 0, 0.781902, 1.33472, 0.00052, 
0, 0, 0.849854, 1.67724, 0.000618, 
0, 0, 0.88005, 1.53859, 0.0008, 
0, 0, 1.11178, 2.43848, 0.002588, 
0, 0, 1.37232, 2.67523, 0.000854, 
0, 0, 0.777506, 1.25017, 0.000639, 
0, 0, 0.814558, 1.45578, 0.000594, 
0, 0, 0.849655, 1.4716, 0.000544, 
0, 0, 0.919229, 1.4211, 0.000529, 
0, 0, 0.820536, 1.47084, 0.000923, 
0.141922, 0, 0.793189, 1.49038, 0.000801, 
0, 0, 0.83258, 1.42128, 0.000959, 
0, 0, 0.836784, 1.56802, 0.000914, 
0, 0, 0.991231, 2.21039, 0.001143, 
0, 0, 0.840846, 1.37905, 0.000658, 
0, 0, 0.840271, 1.50612, 0.000676, 
0, 0, 0.818161, 1.56641, 0.000685, 
0, 0, 1.0477, 1.56662, 0.000761, 
0, 0, 0.833894, 2.64298, 0.00135, 
0.0902, 0, 1.46634, 2.51416, 0.001629, 
0, 0, 1.29325, 1.37779, 0.000798, 
0, 0, 0.780476, 1.56358, 0.00076, 
0, 0, 1.3306, 2.55589, 0.001022, 
0, 0, 1.37002, 2.65554, 0.001306, 
0, 0, 1.1389, 1.4487, 0.000954, 
0, 0, 0.831133, 1.39669, 0.000458, 
0, 0, 0.821199, 1.43994, 0.000886, 
0, 0, 0.889202, 1.44175, 0.00097, 
0, 0, 0.806225, 1.4146, 0.000667, 
0, 0, 0.811763, 1.4095, 0.000948, 
0.058521, 0, 0.820363, 1.63643, 0.000761, 
0, 0, 0.822801, 1.42813, 0.000998, 
0, 0, 0.801979, 1.42504, 0.001002, 
0, 0, 1.19493, 2.03002, 0.001323, 
0, 0, 1.10714, 1.62683, 0.00104, 
0, 0, 0.827873, 1.51481, 0.00071, 
0, 0, 0.792474, 1.46086, 0.000596, 
0, 0, 0.832873, 1.37311, 0.000869, 
0, 0, 0.789705, 1.38936, 0.000646, 
0, 0, 0.876081, 1.63602, 0.001164, 
0.137798, 0, 0.789829, 1.44364, 0.000945, 
0, 0, 0.794825, 1.4862, 0.00092, 
0, 0, 0.865074, 1.78426, 0.000979, 
0, 0, 1.37009, 2.78482, 0.001162, 
0, 0, 1.3813, 2.75518, 0.001131, 
0, 0, 1.32873, 2.16943, 0.000804, 
0, 0, 1.06077, 1.37317, 0.000699, 
0, 0, 0.804012, 1.43096, 0.00058, 
0, 0, 0.822877, 1.51847, 0.000579, 
0.008908, 0, 0.907145, 1.61671, 0.000592, 
0, 0, 0.845072, 1.60511, 0.000639, 
0, 0, 0.818972, 1.59982, 0.000703, 
0, 0, 1.08142, 1.53442, 0.00113, 
0, 0, 1.36137, 1.59396, 0.001604, 
0, 0, 1.3144, 2.07787, 0.000826, 
0, 0, 1.19585, 2.07515, 0.00083, 
0, 0, 1.41909, 2.43086, 0.001575, 
0, 0, 1.32466, 2.68286, 0.000991, 
0, 0, 0.848099, 1.61491, 0.000749, 
0, 0, 1.33877, 2.78043, 0.001854, 
0.132249, 0, 0.79473, 1.25753, 0.000755, 
0, 0, 1.2754, 1.52576, 0.000959, 
0, 0, 0.931952, 1.74288, 0.001091, 
0, 0, 0.860767, 1.45543, 0.000865, 
0, 0, 1.38103, 2.72245, 0.001138, 
0, 0, 1.1835, 1.56239, 0.000957, 
0, 0, 0.822205, 1.48412, 0.000625, 
0, 0, 0.839375, 1.62426, 0.00087, 
0, 0, 0.838688, 1.57648, 0.00064, 
0.052117, 0, 0.840383, 1.30384, 0.000934, 
0, 0, 0.810991, 1.405, 0.000734, 
0, 0, 0.917904, 1.64281, 0.000724, 
0, 0, 1.42836, 2.93838, 0.001394, 
0, 0, 0.811551, 1.41983, 0.001265, 
0, 0, 1.406, 2.17641, 0.000631, 
0, 0, 1.33545, 1.58495, 0.000455, 
0, 0, 0.873491, 1.63467, 0.000641, 
0, 0, 0.772971, 1.47743, 0.00062, 
0, 0, 0.824756, 1.56475, 0.00066, 
0, 0, 0.834159, 1.44672, 0.000835, 
0.050936, 0, 0.835883, 1.54774, 0.000823, 
0, 0, 0.834635, 1.54693, 0.000487, 
0, 0, 0.840682, 1.63473, 0.000863, 
0, 0, 0.872236, 1.47006, 0.000855, 
0, 0, 1.41984, 3.00335, 0.001189, 
0, 0, 1.39158, 2.61989, 0.001223, 
0, 0, 1.35632, 2.59705, 0.001555, 
0, 0, 0.786741, 1.40365, 0.00062, 
0, 0, 1.33626, 2.6085, 0.002059, 
0, 0, 1.34387, 2.81141, 0.000919, 
0.185425, 0, 1.31827, 2.60564, 0.001099, 
0, 0, 1.29652, 1.54083, 0.000752, 
0, 0, 0.803394, 1.513, 0.000624, 
0, 0, 0.847854, 1.49978, 0.000834, 
0, 0, 0.83175, 1.47, 0.000594, 
0, 0, 0.830285, 1.43629, 0.000847, 
0, 0, 0.810312, 1.53542, 0.001033, 
0, 0, 0.898622, 1.6187, 0.000582, 
0, 0, 0.792305, 1.61578, 0.000593, 
0.011259, 0, 0.843119, 1.43968, 0.001162, 
0, 0, 0.861279, 1.63636, 0.00069, 
0, 0, 0.841253, 1.6275, 0.000683, 
0, 0, 0.817071, 1.25781, 0.000671, 
0, 0, 0.863323, 1.62148, 0.002117, 
0, 0, 1.36566, 2.76868, 0.002033, 
0, 0, 1.05715, 1.6256, 0.001033, 
0, 0, 0.826636, 1.45289, 0.000533, 
0, 0, 1.16594, 1.44056, 0.000584, 
0, 0, 0.887185, 1.53637, 0.001006, 
0, 0, 0.970448, 1.43072, 0.000705, 
0.120848, 0, 0.844617, 1.45432, 0.000804, 
0, 0, 0.83043, 1.57892, 0.000671, 
0, 0, 0.823395, 1.4853, 0.00067, 
0, 0, 0.859405, 1.64885, 0.000666, 
0, 0, 0.878464, 1.50098, 0.001447, 
0, 0, 1.10954, 1.57212, 0.000807, 
0, 0, 1.36306, 2.55197, 0.001235, 
0, 0, 0.864143, 1.4461, 0.00129, 
0, 0, 0.858959, 1.57423, 0.000696, 
0.054693, 0, 0.84048, 1.49345, 0.000918, 
0, 0, 0.828307, 1.39018, 0.001088, 
0, 0, 0.849098, 1.42298, 0.000721, 
0, 0, 1.38586, 2.58799, 0.001218, 
0, 0, 0.823502, 1.45395, 0.000561, 
0, 0, 1.44284, 1.67346, 0.000694, 
0, 0, 0.785015, 1.47566, 0.000433, 
0, 0, 0.881025, 1.6002, 0.000555, 
0, 0, 0.867283, 1.59842, 0.00052, 
0, 0, 0.807347, 1.4275, 0.000673, 
0, 0, 0.890636, 1.43872, 0.000993, 
0.057492, 0, 0.79588, 1.43037, 0.000621, 
0, 0, 0.858698, 1.69328, 0.00054, 
0, 0, 0.851698, 1.52163, 0.00064, 
0, 0, 0.862423, 1.42156, 0.001176, 
0, 0, 1.04324, 1.53046, 0.000925, 
0, 0, 0.886225, 1.52653, 0.000559, 
0, 0, 0.821088, 1.41063, 0.000719, 
0, 0, 0.887, 1.61684, 0.000701, 
0, 0, 0.853149, 1.57159, 0.000668, 
0, 0, 0.894451, 1.44689, 0.00068, 
0.137005, 0, 0.826067, 1.52136, 0.00075, 
0, 0, 0.856802, 1.65946, 0.000601, 
0, 0, 0.862815, 1.49268, 0.000725, 
0, 0, 0.843614, 2.67837, 0.001294, 
0, 0, 0.829291, 1.62704, 0.001051, 
0, 0, 0.895454, 1.54988, 0.001058, 
0, 0, 1.39638, 2.60074, 0.001156, 
0, 0, 0.81109, 1.54248, 0.001073, 
0, 0, 0.854745, 1.5237, 0.000707, 
0.015195, 0, 1.24571, 1.44755, 0.001136, 
0, 0, 0.853343, 1.47577, 0.000617, 
0, 0, 0.86259, 1.41396, 0.000547, 
0, 0, 0.806139, 1.42093, 0.000912, 
0, 0, 0.864622, 1.63341, 0.00203, 
0, 0, 0.929675, 1.5829, 0.000855, 
0, 0, 0.961822, 1.3466, 0.000656, 
0, 0, 0.775036, 1.38675, 0.000533, 
0, 0, 0.805421, 1.59421, 0.000456, 
0, 0, 0.960774, 1.70482, 0.000634, 
0, 0, 0.910861, 1.65796, 0.000594, 
0.125178, 0, 0.781582, 1.45543, 0.000556, 
0, 0, 0.815876, 1.45173, 0.000645, 
0, 0, 0.837779, 1.60249, 0.001133, 
0, 0, 1.37328, 2.56265, 0.000717, 
0, 0, 1.1357, 1.66808, 0.001726, 
0, 0, 0.848307, 1.5629, 0.000693, 
0, 0, 0.780851, 1.55459, 0.000509, 
0, 0, 1.22983, 2.34892, 0.001158, 
0, 0, 1.28012, 2.47599, 0.001064, 
0, 0, 1.25792, 2.60874, 0.00137, 
0.079086, 0, 1.35555, 2.50021, 0.001472, 
0, 0, 1.3071, 2.61555, 0.001061, 
0, 0, 1.3094, 1.81815, 0.000786, 
0, 0, 0.793002, 1.37508, 0.000406, 
0, 0, 0.836215, 1.64799, 0.000653, 
0, 0, 0.868325, 1.6615, 0.000721, 
0, 0, 0.806111, 1.56401, 0.00075, 
0, 0, 0.860249, 1.4944, 0.001012, 
0, 0, 0.797478, 1.47464, 0.000679, 
0, 0, 0.806547, 1.43011, 0.000715, 
0.053086, 0, 0.812285, 1.41151, 0.000893, 
0, 0, 0.81282, 1.30938, 0.000565, 
0, 0, 0.838147, 1.42035, 0.000668, 
0, 0, 0.831725, 1.44241, 0.001088, 
0, 0, 1.4288, 2.88357, 0.001171, 
0, 0, 1.25712, 1.51999, 0.000836, 
0, 0, 0.841157, 1.69641, 0.00076, 
0, 0, 0.835782, 1.67593, 0.0006, 
0, 0, 0.813616, 1.45664, 0.000702, 
0, 0, 0.774533, 1.64502, 0.001006, 
0.177073, 0, 0.793051, 1.55107, 0.000672, 
0, 0, 1.41272, 2.40622, 0.001043, 
0, 0, 0.837639, 1.63549, 0.000673, 
0, 0, 0.897184, 1.59177, 0.001372, 
0, 0, 0.808071, 1.33689, 0.000963, 
0, 0, 0.850853, 1.61942, 0.00097, 
0, 0, 0.788325, 1.45375, 0.000618, 
0, 0, 0.795884, 1.34116, 0.001208, 
0, 0, 0.803545, 1.65261, 0.000776, 
0.013621, 0, 1.32279, 2.48683, 0.001228, 
0, 0, 0.802669, 1.24821, 0.000808, 
0, 0, 1.021, 1.5413, 0.000707, 
0, 0, 0.774653, 1.3926, 0.000529, 
0, 0, 0.868354, 1.66781, 0.002166, 
0, 0, 1.28725, 2.53398, 0.001104, 
0, 0, 0.848865, 1.46588, 0.001048, 
0, 0, 1.25579, 2.51926, 0.000835, 
0, 0, 0.809017, 1.33831, 0.000521, 
0, 0, 0.832582, 1.56279, 0.000832, 
0, 0, 0.800376, 1.3221, 0.00064, 
0.190206, 0, 1.31372, 2.13269, 0.000942, 
0, 0, 1.33088, 2.27907, 0.001033, 
0, 0, 1.33918, 2.29073, 0.000891, 
0, 0, 1.33657, 2.48178, 0.001036, 
0, 0, 1.38387, 2.7639, 0.001203, 
0, 0, 1.35138, 2.62908, 0.001131, 
0, 0, 1.33563, 2.79641, 0.001047, 
0, 0, 1.26875, 1.29846, 0.000717, 
0, 0, 0.797455, 1.36597, 0.000769, 
0, 0, 0.864472, 1.41811, 0.000546, 
0.066842, 0, 0.784453, 1.43864, 0.000727, 
0, 0, 0.84507, 1.50284, 0.001174, 
0, 0, 0.81019, 1.27178, 0.000609, 
0, 0, 0.86513, 1.5908, 0.001236, 
0, 0, 0.809109, 1.41912, 0.000604, 
0, 0, 0.839628, 1.60902, 0.00072, 
0, 0, 0.804819, 1.38326, 0.000611, 
0, 0, 0.805958, 1.63813, 0.000476, 
0, 0, 0.822095, 1.60412, 0.000849, 
0, 0, 0.831628, 1.41518, 0.000954, 
0.050481, 0, 0.805101, 1.52518, 0.00107, 
0, 0, 0.823059, 1.42624, 0.000598, 
0, 0, 0.814203, 1.67893, 0.00066, 
0, 0, 0.813416, 1.49699, 0.000963, 
0, 0, 0.787532, 1.53539, 0.00075, 
0, 0, 1.38021, 2.32436, 0.000728, 
0, 0, 1.20351, 1.38223, 0.000816, 
0, 0, 0.865944, 1.61765, 0.000824, 
0, 0, 0.958294, 1.4108, 0.001042, 
0, 0, 0.829558, 1.62691, 0.000742, 
0.122341, 0, 0.803291, 1.4885, 0.001179, 
0, 0, 0.815863, 1.52011, 0.000834, 
0, 0, 0.806417, 1.63778, 0.00049, 
0, 0, 0.83573, 1.51205, 0.00088, 
0, 0, 0.847775, 1.44858, 0.000939, 
0, 0, 0.877715, 1.72531, 0.001005, 
0, 0, 1.37593, 2.76386, 0.00106, 
0, 0, 1.39231, 2.53309, 0.001057, 
0, 0, 1.30573, 2.2394, 0.001255, 
0.015166, 0, 1.40396, 2.38219, 0.000988, 
0, 0, 0.814028, 1.56564, 0.000967, 
0, 0, 1.37642, 2.71273, 0.001107, 
0, 0, 1.32015, 2.22688, 0.001364, 
0, 0, 0.906856, 3.31094, 0.001181, 
0, 0, 0.834325, 1.56411, 0.000692, 
0, 0, 1.36596, 2.45977, 0.000748, 
0, 0, 0.807631, 1.48219, 0.000868, 
0, 0, 0.786112, 1.50621, 0.000655, 
0, 0, 0.804123, 1.42144, 0.000652, 
0, 0, 0.823818, 1.60942, 0.001075, 
0.19331, 0, 1.4575, 2.73908, 0.001191, 
0, 0, 1.29993, 2.59827, 0.000925, 
0, 0, 0.77548, 1.45275, 0.000804, 
0, 0, 0.79204, 1.37906, 0.000771, 
0, 0, 0.812989, 1.40321, 0.00071, 
0, 0, 1.38968, 2.62698, 0.001345, 
0, 0, 1.31573, 2.67978, 0.001057, 
0, 0, 1.388, 2.81716, 0.000942, 
0, 0, 0.787033, 1.52408, 0.000852, 
0, 0, 1.36773, 1.55348, 0.000724, 
0.064494, 0, 0.810709, 1.56611, 0.000607, 
0, 0, 0.848951, 1.62853, 0.000882, 
0, 0, 0.831888, 1.64915, 0.000756, 
0, 0, 0.809711, 1.52039, 0.000924, 
0, 0, 0.829749, 1.57199, 0.000797, 
0, 0, 0.833059, 1.66013, 0.000722, 
0, 0, 0.759752, 1.38278, 0.001079, 
0, 0, 0.780154, 1.35932, 0.000649, 
0, 0, 1.34751, 2.96375, 0.001076, 
0, 0, 0.783666, 1.59321, 0.000925, 
0.046123, 0, 0.79244, 1.6307, 0.000801, 
0, 0, 1.33797, 2.78406, 0.000927, 
0, 0, 0.797804, 1.52565, 0.001077, 
0, 0, 1.39293, 2.63746, 0.001157, 
0, 0, 1.36194, 2.43827, 0.001135, 
0, 0, 0.803348, 1.34864, 0.00063, 
0, 0, 0.81036, 1.31574, 0.000645, 
0, 0, 0.814206, 1.53211, 0.000515, 
0, 0, 0.803016, 1.56198, 0.000701, 
0, 0, 0.791776, 1.36287, 0.000578, 
0.113067, 0, 0.827088, 1.51205, 0.000862, 
0, 0, 0.855967, 1.49174, 0.000584, 
0, 0, 0.855138, 1.6839, 0.00067, 
0, 0, 0.785465, 1.59921, 0.000766, 
0, 0, 0.811767, 1.58919, 0.001019, 
0, 0, 0.785684, 1.53398, 0.001015, 
0, 0, 1.42123, 1.61962, 0.001242, 
0, 0, 0.758589, 1.40301, 0.000642, 
0, 0, 0.78861, 1.52726, 0.000938, 
0, 0, 0.783805, 1.55195, 0.000744, 
0.015358, 0, 1.42546, 2.88377, 0.001213, 
0, 0, 1.18528, 1.60318, 0.000916, 
0, 0, 0.766324, 1.51555, 0.000509, 
0, 0, 0.847963, 1.76997, 0.001134, 
0, 0, 1.3088, 1.8352, 0.000725, 
0, 0, 0.834879, 1.43395, 0.0006, 
0, 0, 0.760847, 1.37164, 0.000905, 
0, 0, 0.802196, 1.50195, 0.000549, 
0, 0, 0.771105, 1.26288, 0.000645, 
0, 0, 0.792745, 1.42205, 0.001083, 
0.120326, 0, 0.819383, 1.61881, 0.000668, 
0, 0, 0.902812, 1.56676, 0.000625, 
0, 0, 0.820585, 1.42665, 0.000622, 
0, 0, 0.838426, 1.50807, 0.001137, 
0, 0, 0.827957, 1.52796, 0.000667, 
0, 0, 0.821857, 1.48613, 0.000706, 
0, 0, 0.835894, 1.5763, 0.001284, 
0, 0, 0.850449, 1.44951, 0.000542, 
0, 0, 0.884506, 1.58087, 0.001104, 
0, 0, 0.862182, 1.59535, 0.000688, 
0.055632, 0, 0.81908, 1.65078, 0.000623, 
0, 0, 0.865992, 1.53968, 0.000606, 
0, 0, 0.846981, 1.4675, 0.000672, 
0, 0, 0.83878, 1.44106, 0.000637, 
0, 0, 0.865475, 1.53938, 0.001222, 
0, 0, 1.38545, 2.55414, 0.001257, 
0, 0, 0.824507, 1.71202, 0.000904, 
0, 0, 1.37655, 2.15545, 0.00069, 
0, 0, 1.25691, 2.43684, 0.001509, 
0, 0, 0.853149, 1.51857, 0.00111, 
0.055404, 0, 0.817096, 1.39598, 0.000913, 
0, 0, 0.816775, 1.56628, 0.000538, 
0, 0, 0.839238, 1.50979, 0.001, 
0, 0, 0.917684, 1.67567, 0.000837, 
0, 0, 0.839458, 1.4923, 0.00062, 
0, 0, 1.01192, 1.44202, 0.001045, 
0, 0, 0.773603, 1.45896, 0.001281, 
0, 0, 0.790714, 1.39335, 0.000534, 
0, 0, 1.38956, 2.24275, 0.000725, 
0, 0, 0.797551, 1.44666, 0.000855, 
0.118924, 0, 0.789294, 1.41246, 0.00074, 
0, 0, 0.916024, 1.57157, 0.000782, 
0, 0, 0.867858, 1.58424, 0.000683, 
0, 0, 0.82075, 1.51288, 0.000672, 
0, 0, 0.830517, 1.53327, 0.000773, 
0, 0, 0.841319, 1.42931, 0.000877, 
0, 0, 0.82061, 1.44207, 0.000633, 
0, 0, 0.880817, 1.5418, 0.000526, 
0, 0, 0.838965, 1.52223, 0.001228, 
0.016501, 0, 0.853841, 1.48576, 0.001321, 
0, 0, 0.838517, 1.52508, 0.000744, 
0, 0, 0.838915, 1.61967, 0.001493, 
0, 0, 0.827149, 1.41312, 0.0006, 
0, 0, 1.43721, 1.57874, 0.001396, 
0, 0, 0.875139, 1.5546, 0.001031, 
0, 0, 0.879378, 1.7433, 0.000727, 
0, 0, 0.782294, 1.45606, 0.000895, 
0, 0, 0.782206, 1.45341, 0.000666, 
0, 0, 0.81701, 1.51779, 0.001025, 
0, 0, 0.812882, 1.37573, 0.000697, 
0.120482, 0, 0.775204, 1.3393, 0.000796, 
0, 0, 0.804868, 1.42375, 0.000957, 
0, 0, 0.798146, 1.54186, 0.000713, 
0, 0, 0.86697, 1.51294, 0.000735, 
0, 0, 1.09634, 1.54621, 0.000747, 
0, 0, 1.38947, 2.5678, 0.001056, 
0, 0, 1.28291, 2.35972, 0.001079, 
0, 0, 0.763635, 1.3491, 0.000645, 
0, 0, 1.26852, 2.30668, 0.00091, 
0, 0, 1.27987, 2.36885, 0.00113, 
0.043589, 0, 0.824601, 1.56459, 0.001041, 
0, 0, 0.826755, 1.41248, 0.001013, 
0, 0, 1.34441, 2.55995, 0.001897, 
0, 0, 1.34111, 2.51998, 0.001232, 
0, 0, 1.01739, 1.59925, 0.000887, 
0, 0, 1.33546, 2.8319, 0.001172, 
0, 0, 0.78718, 1.33712, 0.000533, 
0, 0, 1.29714, 2.30084, 0.000969, 
0, 0, 1.37903, 2.80042, 0.001427, 
0, 0, 1.37996, 2.39886, 0.001197, 
0.052648, 0, 0.802942, 1.37248, 0.000855, 
0, 0, 0.765018, 1.31518, 0.000553, 
0, 0, 0.768333, 1.32165, 0.000531, 
0, 0, 0.803978, 1.34147, 0.000741, 
0, 0, 1.4762, 2.81507, 0.001663, 
0, 0, 1.3646, 2.64286, 0.001549, 
0, 0, 1.19779, 1.41736, 0.00075, 
0, 0, 0.834017, 1.4555, 0.000594, 
0, 0, 0.83773, 1.69786, 0.000878, 
0, 0, 0.851888, 1.50673, 0.000679, 
0.115648, 0, 0.802934, 1.41333, 0.000674, 
0, 0, 0.832005, 1.6924, 0.000984, 
0, 0, 0.858469, 1.37246, 0.000694, 
0, 0, 0.835851, 1.35843, 0.000782, 
0, 0, 0.79615, 1.34947, 0.000643, 
0, 0, 0.77758, 1.34777, 0.000613, 
0, 0, 0.760402, 1.34833, 0.000689, 
0, 0, 0.786979, 1.3617, 0.001052, 
0, 0, 0.856713, 1.47378, 0.000698, 
0.009242, 0, 0.864154, 1.42541, 0.000645, 
0, 0, 0.765482, 1.38596, 0.000608, 
0, 0, 0.845087, 1.48012, 0.000605, 
0, 0, 0.87281, 1.57382, 0.000757, 
0, 0, 0.836856, 1.51056, 0.001837, 
0, 0, 1.41869, 2.87429, 0.001931, 
0, 0, 0.831473, 1.54145, 0.0009, 
0, 0, 1.28658, 2.30948, 0.000902, 
0, 0, 1.40129, 2.47885, 0.001236, 
0, 0, 0.824659, 1.47034, 0.000812, 
0, 0, 0.820226, 1.44392, 0.000788, 
0.118882, 0, 0.82312, 1.45358, 0.000546, 
0, 0, 0.829511, 1.48495, 0.029577, 
0, 0, 1.3959, 2.50335, 0.001345, 
0, 0, 0.823668, 1.50035, 0.000692, 
0, 0, 0.812598, 1.43902, 0.000939, 
0, 0, 0.836795, 1.52673, 0.001103, 
0, 0, 0.800605, 1.49955, 0.000523, 
0, 0, 0.842192, 1.44318, 0.000942, 
0, 0, 0.815782, 1.41224, 0.000642, 
0, 0, 1.37787, 2.76007, 0.001299, 
0.051237, 0, 0.819557, 1.3884, 0.00065, 
0, 0, 0.843096, 1.48667, 0.000689, 
0, 0, 0.826127, 1.44104, 0.000537, 
0, 0, 0.851541, 1.4124, 0.000963, 
0, 0, 1.38144, 2.26654, 0.0007, 
0, 0, 0.824816, 1.40149, 0.000671, 
0, 0, 0.807208, 1.62073, 0.000613, 
0, 0, 0.859748, 1.50053, 0.000633, 
0, 0, 0.798624, 1.47843, 0.000559, 
0, 0, 0.795454, 1.33512, 0.000676, 
0.053935, 0, 0.796776, 1.47452, 0.00063, 
0, 0, 0.854557, 1.45371, 0.000703, 
0, 0, 0.854513, 1.33358, 0.000782, 
0, 0, 1.00266, 1.62054, 0.000862, 
0, 0, 1.01408, 1.59983, 0.000575, 
0, 0, 0.897149, 1.55776, 0.000542, 
0, 0, 0.805564, 1.45797, 0.000659, 
0, 0, 0.803354, 1.38658, 0.000514, 
0, 0, 0.794449, 1.34391, 0.00094, 
0, 0, 0.873158, 1.52866, 0.000927, 
0.118661, 0, 0.80709, 1.46087, 0.00066, 
0, 0, 0.825418, 1.42594, 0.000555, 
0, 0, 0.835975, 1.5, 0.000659, 
0, 0, 0.856895, 1.51323, 0.000689, 
0, 0, 0.868849, 1.63083, 0.000804, 
0, 0, 1.20436, 1.40791, 0.000548, 
0, 0, 0.850458, 1.55724, 0.001036, 
0, 0, 0.824874, 1.40151, 0.000671, 
0, 0, 0.81984, 1.46593, 0.000545, 
0.009412, 0, 0.842984, 1.41208, 0.001083, 
0, 0, 0.832132, 1.42263, 0.000555, 
0, 0, 0.828411, 1.40104, 0.000579, 
0, 0, 0.833969, 1.44108, 0.000536, 
0, 0, 0.823502, 1.57457, 0.002719, 
0, 0, 0.832231, 1.45788, 0.000696, 
0, 0, 0.827667, 1.42397, 0.00064, 
0, 0, 0.867285, 1.68571, 0.000665, 
0, 0, 0.877225, 1.43026, 0.000621, 
0, 0, 0.855242, 1.51136, 0.000646, 
0, 0, 0.881277, 1.6515, 0.000737, 
0.132204, 0, 0.820584, 1.53975, 0.000685, 
0, 0, 0.876505, 1.43801, 0.00083, 
0, 0, 0.827163, 1.48402, 0.000747, 
0, 0, 0.864451, 1.48133, 0.000824, 
0, 0, 0.803101, 1.39936, 0.000653, 
0, 0, 0.813772, 1.53204, 0.000668, 
0, 0, 0.795274, 1.3823, 0.001004, 
0, 0, 0.80307, 1.44849, 0.000515, 
0, 0, 0.826856, 1.49863, 0.000644, 
0.065225, 0, 0.848817, 1.44842, 0.000681, 
0, 0, 0.865955, 1.45047, 0.001163, 
0, 0, 0.830091, 1.41408, 0.000801, 
0, 0, 0.845939, 1.52331, 0.000684, 
0, 0, 0.852205, 1.52819, 0.001029, 
0, 0, 1.40017, 2.50205, 0.001013, 
0, 0, 0.832643, 1.56246, 0.00083, 
0, 0, 1.37046, 2.07669, 0.000771, 
0, 0, 0.812937, 1.50398, 0.000679, 
0, 0, 0.843199, 1.65665, 0.001131, 
0, 0, 0.841684, 1.41822, 0.001334, 
0.053445, 0, 0.875754, 1.56938, 0.000667, 
0, 0, 0.807325, 1.59434, 0.000905, 
0, 0, 1.21041, 2.20826, 0.000796, 
0, 0, 1.4881, 2.74433, 0.001473, 
0, 0, 0.853559, 2.14126, 0.000873, 
0, 0, 0.836775, 1.64719, 0.000737, 
0, 0, 0.792957, 1.50524, 0.000593, 
0, 0, 0.870569, 1.41699, 0.000797, 
0, 0, 0.830132, 1.47768, 0.000949, 
0, 0, 0.798441, 1.32716, 0.001012, 
0.129518, 0, 0.871019, 1.52931, 0.000671, 
0, 0, 0.875555, 1.67591, 0.00103, 
0, 0, 0.830347, 1.45256, 0.000767, 
0, 0, 1.28448, 2.34169, 0.001383, 
0, 0, 1.07787, 1.55655, 0.000953, 
0, 0, 0.858946, 1.43829, 0.001192, 
0, 0, 0.796089, 1.39562, 0.000494, 
0, 0, 0.809691, 1.39384, 0.001003, 
0, 0, 0.81367, 1.40197, 0.000946, 
0.010112, 0, 0.864496, 1.42076, 0.000668, 
0, 0, 0.846312, 1.42759, 0.000718, 
0, 0, 0.806472, 1.3428, 0.000538, 
0, 0, 0.887055, 1.43093, 0.000588, 
0, 0, 0.886443, 1.64397, 0.001256, 
0, 0, 0.845249, 1.51805, 0.000884, 
0, 0, 1.46723, 3.09397, 0.001196, 
0, 0, 0.862002, 1.72641, 0.000899, 
0, 0, 0.81629, 1.34389, 0.000598, 
0, 0, 0.848893, 1.4922, 0.000616, 
0, 0, 1.16806, 1.62458, 0.001171, 
0.117214, 0, 0.804062, 1.51272, 0.000549, 
0, 0, 0.832631, 1.52282, 0.001125, 
0, 0, 0.845293, 1.71687, 0.000649, 
0, 0, 0.829233, 1.68447, 0.000584, 
0, 0, 0.814196, 1.53294, 0.000693, 
0, 0, 0.777467, 1.38002, 0.000642, 
0, 0, 0.845194, 1.53337, 0.000653, 
0, 0, 0.805935, 1.56796, 0.000483, 
0, 0, 0.798354, 1.5052, 0.000666, 
0, 0, 1.23489, 2.0128, 0.000726, 
0.083697, 0, 0.930282, 1.6081, 0.000613, 
0, 0, 1.10705, 2.67053, 0.001773, 
0, 0, 0.8151, 1.41352, 0.00074, 
0, 0, 0.833667, 1.42234, 0.000654, 
0, 0, 1.40278, 2.33359, 0.000669, 
0, 0, 0.780117, 1.43116, 0.000657, 
0, 0, 0.816444, 1.41723, 0.000507, 
0, 0, 0.775959, 1.54283, 0.000737, 
0, 0, 1.37343, 2.53323, 0.001095, 
0, 0, 0.826722, 1.52409, 0.000776, 
0.086308, 0, 1.39724, 2.31889, 0.000724, 
0, 0, 0.836831, 1.37833, 0.000451, 
0, 0, 0.877287, 1.53238, 0.000772, 
0, 0, 0.829741, 1.50241, 0.000645, 
0, 0, 0.804639, 1.32848, 0.000672, 
0, 0, 0.883814, 1.577, 0.000793, 
0, 0, 0.852002, 1.38019, 0.001013, 
0, 0, 0.834927, 1.55293, 0.000806, 
0, 0, 0.873059, 1.56068, 0.001174, 
0, 0, 0.855893, 1.51057, 0.000688, 
0.132248, 0, 0.790737, 1.59716, 0.000625, 
0, 0, 0.847829, 1.4685, 0.001028, 
0, 0, 0.82936, 1.48087, 0.000542, 
0, 0, 0.799523, 1.40911, 0.000533, 
0, 0, 1.36424, 2.85365, 0.001441, 
0, 0, 0.839196, 1.59905, 0.000781, 
0, 0, 0.771672, 1.37793, 0.000678, 
0, 0, 1.35211, 2.41746, 0.001145, 
0, 0, 0.830705, 1.42683, 0.000618, 
0.014676, 0, 1.394, 2.48733, 0.001061, 
0, 0, 0.970656, 1.43804, 0.000739, 
0, 0, 1.29095, 1.96691, 0.000631, 
0, 0, 0.801063, 1.491, 0.000648, 
0, 0, 0.863028, 1.60659, 0.002366, 
0, 0, 0.799857, 1.3471, 0.000626, 
0, 0, 0.823912, 1.39659, 0.000636, 
0, 0, 0.814922, 1.52684, 0.000824, 
0, 0, 0.79608, 1.42522, 0.000588, 
0, 0, 0.860165, 1.57845, 0.000669, 
0, 0, 1.18552, 2.1752, 0.001188, 
0, 0, 0.838228, 1.55763, 0.000635, 
0.117228, 0, 0.849814, 1.5549, 0.000524, 
0, 0, 0.826218, 1.4444, 0.000591, 
0, 0, 0.857111, 1.76948, 0.000947, 
0, 0, 0.802408, 1.38824, 0.000925, 
0, 0, 1.02482, 1.50681, 0.000792, 
0, 0, 0.834284, 1.54968, 0.000895, 
0, 0, 0.856677, 1.40273, 0.000934, 
0, 0, 0.804111, 1.54807, 0.000833, 
0, 0, 0.830723, 1.5286, 0.000531, 
0.048213, 0, 0.758601, 1.37302, 0.001376, 
0, 0, 0.773272, 1.34443, 0.000565, 
0, 0, 0.801109, 1.55326, 0.000581, 
0, 0, 0.821521, 1.44854, 0.00065, 
0, 0, 0.798795, 1.50429, 0.000759, 
0, 0, 0.795963, 1.31008, 0.000845, 
0, 0, 0.787031, 1.58245, 0.000647, 
0, 0, 0.842622, 1.50413, 0.000702, 
0, 0, 0.840392, 1.53479, 0.000721, 
0.071389, 0, 1.37567, 2.49694, 0.0011, 
0, 0, 1.38736, 3.108, 0.001151, 
0, 0, 1.35159, 2.49128, 0.001012, 
0, 0, 1.31833, 1.68712, 0.000747, 
0, 0, 1.40445, 2.69767, 0.001154, 
0, 0, 0.867215, 1.58933, 0.000751, 
0, 0, 1.3151, 2.35437, 0.00137, 
0, 0, 0.821241, 1.61318, 0.000604, 
0, 0, 0.854289, 1.55638, 0.000655, 
0, 0, 0.808098, 1.60251, 0.000782, 
0, 0, 1.47346, 2.73026, 0.001561, 
0.125817, 0, 0.833383, 1.47267, 0.000685, 
0, 0, 0.833419, 1.68597, 0.000651, 
0, 0, 0.812428, 1.43696, 0.000647, 
0, 0, 0.864754, 1.52023, 0.001118, 
0, 0, 0.816815, 1.48073, 0.00071, 
0, 0, 0.829518, 1.38666, 0.000891, 
0, 0, 1.36778, 2.65737, 0.001173, 
0, 0, 1.37623, 2.22717, 0.000839, 
0, 0, 1.37271, 2.49532, 0.001186, 
0.013217, 0, 1.41298, 2.84567, 0.000991, 
0, 0, 1.36645, 2.91348, 0.000994, 
0, 0, 1.3511, 2.55989, 0.000981, 
0, 0, 1.35856, 1.83331, 0.000956, 
0, 0, 0.801184, 1.56046, 0.001648, 
0, 0, 0.956981, 1.63763, 0.000867, 
0, 0, 0.80552, 1.34987, 0.000996, 
0, 0, 1.31081, 2.37854, 0.001026, 
0, 0, 1.2808, 2.01793, 0.000936, 
0, 0, 0.825863, 1.55092, 0.000955, 
0, 0, 0.857349, 1.58061, 0.000745, 
0.155218, 0, 0.868963, 1.59773, 0.000734, 
0, 0, 0.843847, 1.36967, 0.001034, 
0, 0, 0.951554, 2.0525, 0.000708, 
0, 0, 0.905903, 1.64686, 0.001786, 
0, 0, 0.847753, 1.50343, 0.000615, 
0, 0, 0.823229, 1.43948, 0.000556, 
0, 0, 0.832337, 1.52681, 0.000802, 
0, 0, 0.86893, 1.49531, 0.000801, 
0, 0, 0.83088, 1.48126, 0.000859, 
0, 0, 0.871391, 1.59387, 0.000804, 
0, 0, 0.803115, 1.347, 0.001146, 
0.058729, 0, 0.841818, 1.42313, 0.00066, 
0, 0, 0.796723, 1.46648, 0.000774, 
0, 0, 1.37386, 2.67152, 0.001471, 
0, 0, 1.43719, 2.26662, 0.000858, 
0, 0, 0.830637, 1.53033, 0.000445, 
0, 0, 1.33795, 2.18427, 0.000747, 
0, 0, 1.39527, 2.60936, 0.001074, 
0, 0, 1.29029, 1.94311, 0.00149, 
0, 0, 0.83319, 1.55593, 0.000771, 
0.08614, 0, 1.33773, 2.13937, 0.000729, 
0, 0, 1.36842, 2.49567, 0.001138, 
0, 0, 1.46363, 1.4965, 0.00078, 
0, 0, 0.877984, 1.64626, 0.000659, 
0, 0, 1.27361, 2.37727, 0.001396, 
0, 0, 1.32651, 2.62005, 0.001204, 
0, 0, 1.36494, 2.6145, 0.000985, 
0, 0, 1.39237, 2.7661, 0.001038, 
0, 0, 1.32259, 2.60492, 0.001211, 
0, 0, 0.816055, 1.39136, 0.000698, 
0.197561, 0, 1.41158, 3.10026, 0.001111, 
0, 0, 1.13619, 1.47507, 0.000705, 
0, 0, 0.877717, 1.44856, 0.001301, 
0, 0, 0.874406, 1.50561, 0.00072, 
0, 0, 0.84571, 1.57883, 0.001055, 
0, 0, 0.83361, 1.64372, 0.00072, 
0, 0, 0.790055, 1.48325, 0.000694, 
0, 0, 0.855827, 1.49916, 0.000495, 
0, 0, 0.79168, 1.3471, 0.000555, 
0.010622, 0, 0.832885, 1.38537, 0.001413, 
0, 0, 0.787436, 1.32855, 0.000691, 
0, 0, 0.816584, 1.57464, 0.000616, 
0, 0, 0.797906, 1.52804, 0.001416, 
0, 0, 0.861818, 1.58051, 0.00145, 
0, 0, 0.875786, 1.85971, 0.001175, 
0, 0, 0.78766, 1.51671, 0.000793, 
0, 0, 0.824329, 1.55814, 0.000942, 
0, 0, 0.784025, 2.50705, 0.000815, 
0, 0, 0.781757, 1.53093, 0.000772, 
0, 0, 0.857034, 1.4227, 0.000803, 
0.121795, 0, 0.784193, 1.48419, 0.000629, 
0, 0, 0.835931, 1.47622, 0.000749, 
0, 0, 0.795768, 1.5745, 0.00105, 
0, 0, 0.846515, 1.5718, 0.000589, 
0, 0, 1.30076, 2.31015, 0.001002, 
0, 0, 1.32091, 2.49733, 0.000877, 
0, 0, 1.31231, 2.14909, 0.000773, 
0, 0, 0.817839, 1.61998, 0.000465, 
0, 0, 0.800463, 1.47535, 0.000718, 
0.048536, 0, 0.87574, 1.54135, 0.000904, 
0, 0, 0.81329, 1.56804, 0.000847, 
0, 0, 0.898634, 1.57606, 0.000914, 
0, 0, 0.786341, 1.35564, 0.000799, 
0, 0, 1.20508, 1.41531, 0.001077, 
0, 0, 0.870072, 1.59091, 0.001087, 
0, 0, 0.806949, 1.42767, 0.000907, 
0, 0, 0.807733, 1.50146, 0.000999, 
0, 0, 0.810046, 1.66257, 0.000722, 
0, 0, 0.763833, 1.34489, 0.000749, 
0, 0, 0.856059, 1.5359, 0.000683, 
0.083587, 0, 1.41591, 1.68798, 0.000666, 
0, 0, 0.815275, 1.43056, 0.000775, 
0, 0, 0.97279, 1.4933, 0.00056, 
0, 0, 0.860935, 1.57716, 0.001109, 
0, 0, 0.809955, 1.46976, 0.000696, 
0, 0, 0.8343, 1.49625, 0.000617, 
0, 0, 0.854201, 1.79765, 0.000669, 
0, 0, 0.810605, 1.52798, 0.000647, 
0, 0, 0.922155, 1.63048, 0.000528, 
0, 0, 0.875666, 1.50907, 0.000735, 
0, 0, 0.821089, 1.48677, 0.001159, 
0.128669, 0, 0.821945, 1.56057, 0.000571, 
0, 0, 1.31379, 2.64956, 0.000853, 
0, 0, 1.33457, 2.50112, 0.001106, 
0, 0, 1.36482, 2.59073, 0.001053, 
0, 0, 1.35607, 2.71094, 0.000893, 
0, 0, 1.37296, 2.55419, 0.001176, 
0, 0, 1.0614, 1.55701, 0.000751, 
0, 0, 0.844431, 1.53103, 0.000918, 
0.00913, 0, 0.837157, 1.72626, 0.000791, 
0, 0, 0.834063, 1.75531, 0.00073, 
0, 0, 0.837096, 1.40489, 0.000605, 
0, 0, 0.855299, 1.67668, 0.000782, 
0, 0, 1.42357, 1.52758, 0.001655, 
0, 0, 0.809179, 1.34053, 0.001068, 
0, 0, 1.36949, 2.73653, 0.001125, 
0, 0, 0.785073, 1.43218, 0.001129, 
0, 0, 0.838725, 1.51264, 0.000531, 
0, 0, 0.829781, 1.46191, 0.000828, 
0, 0, 0.87768, 1.48389, 0.001212, 
0, 0, 1.29158, 2.43001, 0.001365, 
0.153988, 0, 0.866549, 1.50103, 0.000758, 
0, 0, 0.790354, 1.33232, 0.000606, 
0, 0, 0.83811, 1.51932, 0.00112, 
0, 0, 0.826418, 1.47339, 0.001014, 
0, 0, 0.825349, 1.48629, 0.00062, 
0, 0, 0.831346, 1.46524, 0.000838, 
0, 0, 1.38578, 2.76082, 0.001096, 
0, 0, 1.41532, 2.69841, 0.001052, 
0, 0, 0.849078, 1.5394, 0.000827, 
0.071661, 0, 0.809472, 1.49762, 0.000616, 
0, 0, 1.24296, 2.37017, 0.001167, 
0, 0, 0.838901, 1.55839, 0.00108, 
0, 0, 1.34742, 2.53984, 0.00096, 
0, 0, 1.38034, 2.59251, 0.001521, 
0, 0, 1.3384, 2.57102, 0.001068, 
0, 0, 0.804599, 1.43306, 0.000727, 
0, 0, 0.777671, 1.48417, 0.000493, 
0, 0, 0.787206, 1.47788, 0.000757, 
0, 0, 0.816848, 1.55348, 0.000706, 
0.054428, 0, 0.727891, 1.32953, 0.000574, 
0, 0, 0.772348, 1.35084, 0.000616, 
0, 0, 0.819975, 1.52567, 0.000508, 
0, 0, 0.919982, 1.52347, 0.001014, 
0, 0, 0.839974, 1.47526, 0.000552, 
0, 0, 0.853606, 1.56401, 0.000511, 
0, 0, 0.810675, 1.45541, 0.000486, 
0, 0, 0.828761, 1.5138, 0.000569, 
0, 0, 0.789053, 1.40313, 0.000823, 
0, 0, 0.903262, 1.51693, 0.000701, 
0.123155, 0, 0.80824, 1.67061, 0.001337, 
0, 0, 0.812716, 1.50473, 0.00059, 
0, 0, 0.829154, 1.60374, 0.000947, 
0, 0, 0.865263, 1.50854, 0.000652, 
0, 0, 1.34813, 2.59242, 0.001254, 
0, 0, 1.26271, 1.52744, 0.001206, 
0, 0, 0.767319, 1.47176, 0.000474, 
0, 0, 1.3602, 2.53878, 0.001214, 
0, 0, 1.42864, 2.79878, 0.001113, 
0.015404, 0, 1.17593, 1.49841, 0.000992, 
0, 0, 1.3526, 1.63705, 0.000659, 
0, 0, 0.821324, 1.50941, 0.000625, 
0, 0, 1.34808, 2.10261, 0.00096, 
0, 0, 1.46288, 1.80701, 0.008629, 
0, 0, 1.33289, 2.45279, 0.001084, 
0, 0, 0.990987, 1.40307, 0.000734, 
0, 0, 1.21783, 1.62278, 0.00069, 
0, 0, 0.81339, 1.47229, 0.000668, 
0, 0, 0.841294, 1.45015, 0.00058, 
0, 0, 0.858865, 1.47071, 0.000969, 
0.123192, 0, 0.789704, 1.41105, 0.000681, 
0, 0, 0.814248, 1.34462, 0.000466, 
0, 0, 1.41579, 2.65565, 0.001222, 
0, 0, 1.37722, 2.64444, 0.001345, 
0, 0, 1.22517, 1.41305, 0.000765, 
0, 0, 1.35565, 2.51794, 0.00081, 
0, 0, 1.35792, 2.62275, 0.001156, 
0, 0, 0.81233, 1.35828, 0.000796, 
0, 0, 0.796166, 1.48595, 0.000385, 
0, 0, 0.904782, 1.72024, 0.000901, 
0.050412, 0, 0.823716, 1.53772, 0.000732, 
0, 0, 0.799102, 1.47293, 0.000548, 
0, 0, 0.864069, 1.58029, 0.000661, 
0, 0, 0.885102, 1.52978, 0.000683, 
0, 0, 0.841269, 1.49624, 0.00066, 
0, 0, 0.884545, 1.5042, 0.000766, 
0, 0, 0.887857, 1.38505, 0.000813, 
0, 0, 0.893559, 1.45101, 0.001523, 
0, 0, 0.847544, 1.48591, 0.001008, 
0, 0, 0.853915, 1.42667, 0.001216, 
0.048414, 0, 0.844048, 1.63124, 0.000692, 
0, 0, 0.836305, 1.45082, 0.00067, 
0, 0, 0.831554, 1.40281, 0.000995, 
0, 0, 0.863389, 1.58144, 0.000758, 
0, 0, 1.42765, 2.34679, 0.000983, 
0, 0, 0.88048, 1.7471, 0.000735, 
0, 0, 0.784809, 1.3873, 0.000555, 
0, 0, 0.824319, 1.6094, 0.000677, 
0, 0, 1.36269, 2.53277, 0.001213, 
0, 0, 0.833621, 1.52349, 0.000774, 
0.130313, 0, 0.793409, 1.57303, 0.000503, 
0, 0, 0.848719, 1.40977, 0.000747, 
0, 0, 0.827832, 1.44185, 0.000747, 
0, 0, 1.39622, 2.47013, 0.001135, 
0, 0, 1.35317, 1.71944, 0.000896, 
0, 0, 0.828235, 1.44742, 0.000714, 
0, 0, 0.81541, 1.74843, 0.000668, 
0, 0, 1.37793, 2.47568, 0.00113, 
0, 0, 1.32574, 1.4692, 0.000697, 
0.015174, 0, 1.32384, 2.5299, 0.001045, 
0, 0, 0.795944, 1.47947, 0.000723, 
0, 0, 1.37856, 2.68203, 0.000863, 
0, 0, 0.818296, 1.40107, 0.000567, 
0, 0, 0.89777, 1.7234, 0.002101, 
0, 0, 0.860006, 1.51227, 0.001478, 
0, 0, 0.829538, 1.56757, 0.00141, 
0, 0, 0.857888, 1.54869, 0.001265, 
0, 0, 0.822464, 1.41436, 0.000667, 
0, 0, 0.873034, 1.7157, 0.000736, 
0, 0, 1.44931, 2.58471, 0.001258, 
0.119091, 0, 0.822637, 1.60832, 0.000847, 
0, 0, 0.81547, 1.42768, 0.000789, 
0, 0, 0.766243, 1.34214, 0.000659, 
0, 0, 1.38784, 2.54562, 0.000759, 
0, 0, 0.869515, 1.64582, 0.000735, 
0, 0, 0.823747, 1.42392, 0.000565, 
0, 0, 0.825121, 1.53075, 0.000831, 
0, 0, 0.807699, 1.39179, 0.00069, 
0, 0, 0.846679, 1.49128, 0.000904, 
0.065856, 0, 0.828764, 1.46443, 0.000636, 
0, 0, 0.84167, 1.518, 0.000955, 
0, 0, 0.844295, 1.57073, 0.000903, 
0, 0, 0.807603, 1.38117, 0.00047, 
0, 0, 0.889022, 1.48656, 0.000866, 
0, 0, 1.00342, 1.36912, 0.00125, 
0, 0, 0.86072, 1.4058, 0.000564, 
0, 0, 0.833525, 1.38891, 0.000553, 
0, 0, 0.834713, 1.40401, 0.000796, 
0, 0, 0.880642, 1.64815, 0.00122, 
0, 0, 0.795184, 1.43796, 0.000768, 
0.051483, 0, 0.842569, 1.48389, 0.00105, 
0, 0, 1.31293, 1.73523, 0.000706, 
0, 0, 1.39742, 2.7084, 0.001144, 
0, 0, 1.40746, 1.60784, 0.000969, 
0, 0, 0.849784, 1.53981, 0.000703, 
0, 0, 0.851641, 1.44827, 0.000775, 
0, 0, 0.818064, 1.36474, 0.000816, 
0, 0, 0.859365, 1.61067, 0.000811, 
0, 0, 0.830949, 1.49583, 0.000706, 
0, 0, 1.44724, 2.51901, 0.001196, 
0, 0, 1.23755, 1.59645, 0.000764, 
0.121894, 0, 0.89945, 1.5769, 0.000696, 
0, 0, 0.888351, 1.46129, 0.000589, 
0, 0, 0.874838, 1.44892, 0.000688, 
0, 0, 0.838335, 1.40806, 0.000609, 
0, 0, 0.861329, 1.64328, 0.000594, 
0, 0, 0.868223, 1.45773, 0.000657, 
0, 0, 0.862421, 1.53736, 0.000571, 
0, 0, 0.810206, 1.56309, 0.001038, 
0.015589, 0, 1.21218, 2.17627, 0.001223, 
0, 0, 1.22229, 2.38158, 0.00115, 
0, 0, 0.820562, 1.4644, 0.0006, 
0, 0, 0.875989, 1.61505, 0.001014, 
0, 0, 0.837258, 1.77318, 0.00173, 
0, 0, 0.873019, 1.54491, 0.001009, 
0, 0, 0.823207, 1.50557, 0.001139, 
0, 0, 0.82839, 1.39145, 0.0006, 
0, 0, 0.890004, 1.508, 0.000682, 
0, 0, 0.791116, 1.38607, 0.000623, 
0, 0, 0.937246, 1.6832, 0.000751, 
0.131514, 0, 0.813253, 1.42447, 0.000761, 
0, 0, 0.891743, 1.45093, 0.000665, 
0, 0, 1.2165, 1.57826, 0.001055, 
0, 0, 0.948411, 1.71062, 0.000805, 
0, 0, 0.883924, 1.44898, 0.000647, 
0, 0, 0.841963, 1.5125, 0.000617, 
0, 0, 0.90193, 1.61707, 0.000793, 
0, 0, 0.889532, 1.49918, 0.000673, 
0, 0, 0.822862, 1.45733, 0.000768, 
0, 0, 0.823317, 1.46213, 0.000652, 
0.058119, 0, 0.815372, 1.48049, 0.000842, 
0, 0, 0.875913, 1.59712, 0.001385, 
0, 0, 0.801161, 1.48458, 0.000649, 
0, 0, 0.786779, 1.40298, 0.000853, 
0, 0, 0.856206, 1.51122, 0.001039, 
0, 0, 0.854697, 1.50031, 0.000707, 
0, 0, 0.882577, 1.64068, 0.001011, 
0, 0, 1.397, 2.61821, 0.000707, 
0, 0, 0.826018, 1.66102, 0.000586, 
0, 0, 0.841003, 1.6417, 0.000897, 
0.058733, 0, 0.870001, 1.40024, 0.000669, 
0, 0, 0.823469, 1.41876, 0.000484, 
0, 0, 0.843698, 1.68685, 0.000547, 
0, 0, 0.88632, 1.80404, 0.000808, 
0, 0, 0.833162, 1.44904, 0.000609, 
0, 0, 0.862315, 1.47927, 0.000471, 
0, 0, 0.808381, 1.42036, 0.000607, 
0, 0, 0.848493, 1.43333, 0.000805, 
0, 0, 0.800786, 1.38192, 0.000837, 
0, 0, 0.922918, 1.5195, 0.000783, 
0.121976, 0, 0.842836, 1.41815, 0.000772, 
0, 0, 0.859695, 1.52996, 0.000603, 
0, 0, 0.887463, 1.58362, 0.000796, 
0, 0, 0.866222, 1.38407, 0.00057, 
0, 0, 0.844726, 1.56376, 0.000991, 
0, 0, 0.881957, 1.43733, 0.000505, 
0, 0, 0.855908, 1.45025, 0.000866, 
0, 0, 0.830694, 1.45721, 0.000708, 
0, 0, 0.859206, 1.4365, 0.000834, 
0.010531, 0, 0.867273, 1.525, 0.001128, 
0, 0, 0.911776, 1.72376, 0.001126, 
0, 0, 0.879525, 1.47795, 0.000695, 
0, 0, 0.869884, 1.50552, 0.000532, 
0, 0, 1.39216, 1.71181, 0.001587, 
0, 0, 0.877463, 1.82339, 0.000666, 
0, 0, 0.888806, 1.69639, 0.000973, 
0, 0, 0.887155, 1.46152, 0.000531, 
0, 0, 0.848424, 1.51156, 0.000639, 
0, 0, 0.885101, 1.40686, 0.000629, 
0, 0, 0.86652, 1.41241, 0.001052, 
0.122697, 0, 0.848805, 1.45555, 0.000868, 
0, 0, 0.916874, 1.40446, 0.000925, 
0, 0, 0.820496, 1.42283, 0.0006, 
0, 0, 0.900417, 1.49023, 0.001133, 
0, 0, 0.89337, 1.46199, 0.000656, 
0, 0, 0.845067, 1.39814, 0.000771, 
0, 0, 1.27696, 2.36893, 0.000701, 
0, 0, 1.25425, 2.15852, 0.000412, 
0, 0, 0.819578, 1.44938, 0.001207, 
0.063535, 0, 0.86441, 1.46408, 0.000598, 
0, 0, 0.857996, 1.43349, 0.00104, 
0, 0, 0.853629, 1.49433, 0.000832, 
0, 0, 0.802339, 1.46022, 0.000594, 
0, 0, 0.850018, 1.40942, 0.000705, 
0, 0, 1.51729, 2.88582, 0.001162, 
0, 0, 0.788258, 1.50631, 0.000938, 
0, 0, 0.824494, 1.41739, 0.000985, 
0, 0, 0.89164, 1.40634, 0.000684, 
0, 0, 0.851623, 1.41402, 0.000685, 
0, 0, 0.9057, 1.51412, 0.000794, 
0.050571, 0, 0.788111, 1.41638, 0.000481, 
0, 0, 0.864004, 1.49297, 0.000663, 
0, 0, 0.877286, 1.65569, 0.000578, 
0, 0, 0.807231, 1.46042, 0.00065, 
0, 0, 1.34389, 2.41196, 0.000649, 
0, 0, 0.937032, 1.66506, 0.000742, 
0, 0, 0.853563, 1.5566, 0.000578, 
0, 0, 0.91217, 1.5775, 0.000932, 
0, 0, 1.47077, 2.59353, 0.000669, 
0, 0, 0.902177, 1.68943, 0.000917, 
0.130175, 0, 0.828502, 1.45343, 0.000817, 
0, 0, 0.868234, 1.47734, 0.000509, 
0, 0, 0.8135, 1.43472, 0.000585, 
0, 0, 1.58029, 2.81912, 0.001594, 
0, 0, 1.39788, 2.57838, 0.001091, 
0, 0, 1.39327, 2.53663, 0.000813, 
0, 0, 0.848082, 1.45198, 0.000462, 
0, 0, 1.47397, 2.46241, 0.000667, 
0, 0, 0.836119, 1.55236, 0.000592, 
0.010364, 0, 0.852734, 1.44577, 0.000592, 
0, 0, 0.87654, 1.54127, 0.000928, 
0, 0, 0.875351, 1.41003, 0.000787, 
0, 0, 0.844355, 1.46972, 0.000713, 
0, 0, 0.888775, 1.68768, 0.001425, 
0, 0, 0.830511, 1.49673, 0.000721, 
0, 0, 0.843324, 1.45865, 0.000812, 
0, 0, 0.834392, 1.615, 0.000857, 
0, 0, 0.937741, 1.55668, 0.000589, 
0, 0, 0.829775, 1.53979, 0.00064, 
0, 0, 0.935664, 1.4431, 0.000878, 
0.129962, 0, 0.805149, 1.4954, 0.0008, 
0, 0, 0.875493, 1.61992, 0.00078, 
0, 0, 1.4214, 2.62719, 0.001054, 
0, 0, 1.49791, 2.75022, 0.001145, 
0, 0, 0.893119, 1.4631, 0.000749, 
0, 0, 0.875202, 1.49266, 0.000711, 
0, 0, 0.838799, 1.53503, 0.000674, 
0, 0, 0.861898, 1.49393, 0.000664, 
0, 0, 1.41972, 2.75724, 0.001044, 
0, 0, 0.778073, 1.44334, 0.001033, 
0.081491, 0, 1.37586, 2.51671, 0.001193, 
0, 0, 0.85273, 1.63122, 0.000567, 
0, 0, 1.43853, 2.82727, 0.001161, 
0, 0, 1.49737, 1.47602, 0.001022, 
0, 0, 0.839883, 1.57547, 0.000559, 
0, 0, 0.834167, 1.4936, 0.000592, 
0, 0, 0.830642, 1.41519, 0.000721, 
0, 0, 1.35428, 1.5505, 0.000647, 
0, 0, 0.803692, 1.38865, 0.000527, 
0, 0, 0.840149, 1.46606, 0.000768, 
0.067876, 0, 0.846152, 1.45792, 0.001213, 
0, 0, 0.893666, 1.65582, 0.00063, 
0, 0, 0.878156, 1.37941, 0.000686, 
0, 0, 0.884572, 1.54546, 0.000659, 
0, 0, 1.26179, 2.39242, 0.000909, 
0, 0, 1.44781, 3.10122, 0.001516, 
0, 0, 1.44685, 2.9032, 0.001181, 
0, 0, 0.928446, 1.6722, 0.001448, 
0, 0, 0.898528, 1.69546, 0.000571, 
0, 0, 0.869905, 1.55015, 0.00063, 
0.127428, 0, 0.852793, 1.71706, 0.000936, 
0, 0, 0.8714, 1.39099, 0.000555, 
0, 0, 0.828638, 1.53362, 0.000554, 
0, 0, 0.884516, 1.63006, 0.000513, 
0, 0, 0.881019, 1.50431, 0.000986, 
0, 0, 1.41917, 2.13421, 0.000744, 
0, 0, 0.872781, 1.39317, 0.001096, 
0, 0, 1.40348, 2.76226, 0.001272, 
0, 0, 1.41259, 2.58238, 0.001092, 
0.014004, 0, 1.41371, 2.47557, 0.001025, 
0, 0, 1.17805, 1.58674, 0.000881, 
0, 0, 0.889232, 1.48598, 0.000931, 
0, 0, 0.855514, 1.45736, 0.000573, 
0, 0, 1.11907, 1.61471, 0.001984, 
0, 0, 0.817206, 1.40712, 0.000692, 
0, 0, 0.864765, 1.43543, 0.000465, 
0, 0, 0.88407, 1.68307, 0.001086, 
0, 0, 1.37919, 2.25569, 0.000829, 
0, 0, 0.797122, 1.3868, 0.000499, 
0, 0, 0.859316, 1.54969, 0.000728, 
0.20058, 0, 1.42603, 2.6206, 0.001267, 
0, 0, 0.898401, 1.66169, 0.000691, 
0, 0, 1.37314, 2.51836, 0.001048, 
0, 0, 1.38678, 2.53766, 0.001187, 
0, 0, 0.816906, 1.43967, 0.00084, 
0, 0, 0.84168, 1.43158, 0.000496, 
0, 0, 0.843515, 1.45664, 0.000708, 
0, 0, 1.49704, 2.93997, 0.001175, 
0, 0, 1.4192, 3.08748, 0.001435, 
0.088093, 0, 1.44604, 2.78107, 0.0013, 
0, 0, 1.33872, 2.59742, 0.001161, 
0, 0, 1.0209, 1.4805, 0.000751, 
0, 0, 0.866917, 1.6646, 0.000729, 
0, 0, 0.822043, 1.55781, 0.000705, 
0, 0, 1.41599, 1.64171, 0.000625, 
0, 0, 0.796045, 1.34031, 0.000532, 
0, 0, 1.37554, 2.49377, 0.001513, 
0, 0, 1.36558, 2.52662, 0.001248, 
0, 0, 1.05247, 1.41163, 0.000799, 
0, 0, 0.825264, 1.45101, 0.001062, 
0.052119, 0, 0.829486, 1.51184, 0.000811, 
0, 0, 0.825406, 1.52354, 0.000509, 
0, 0, 1.39911, 2.5229, 0.0011, 
0, 0, 1.43046, 2.81583, 0.001157, 
0, 0, 1.4368, 2.41328, 0.000725, 
0, 0, 0.887864, 1.47254, 0.000601, 
0, 0, 0.836964, 1.43649, 0.00083, 
0, 0, 1.29569, 2.21167, 0.00072, 
0, 0, 1.20651, 2.13294, 0.001508, 
0, 0, 1.49248, 2.8675, 0.001431, 
0.211513, 0, 1.42647, 2.66309, 0.0013, 
0, 0, 1.37659, 2.43797, 0.001155, 
0, 0, 1.29363, 2.43939, 0.001001, 
0, 0, 0.811258, 1.41214, 0.000865, 
0, 0, 0.876564, 1.56446, 0.000708, 
0, 0, 0.859597, 1.41835, 0.001002, 
0, 0, 1.31096, 2.4054, 0.00104, 
0, 0, 0.861795, 1.42817, 0.000578, 
0, 0, 1.39786, 2.56782, 0.002049, 
0.014781, 0, 1.24283, 1.53021, 0.000906, 
0, 0, 1.40055, 2.5337, 0.001092, 
0, 0, 0.835704, 1.45593, 0.000673, 
0, 0, 0.828313, 1.40249, 0.000704, 
0, 0, 0.92462, 1.74774, 0.002912, 
0, 0, 0.901507, 1.67261, 0.000801, 
0, 0, 0.83014, 1.41406, 0.000914, 
0, 0, 1.4317, 2.41755, 0.001705, 
0, 0, 0.875112, 1.62904, 0.000642, 
0, 0, 0.858897, 1.60455, 0.000683, 
0, 0, 1.4384, 2.26305, 0.001127, 
0.22126, 0, 1.13944, 1.51148, 0.001076, 
0, 0, 0.824861, 1.40756, 0.000642, 
0, 0, 0.814281, 1.39571, 0.000564, 
0, 0, 0.851658, 1.47356, 0.000849, 
0, 0, 0.804434, 1.43719, 0.000598, 
0, 0, 1.43691, 2.87886, 0.001186, 
0, 0, 1.36654, 2.49574, 0.001024, 
0, 0, 1.28324, 1.57156, 0.000788, 
0, 0, 0.773191, 1.3358, 0.000633, 
0, 0, 1.19471, 1.56544, 0.000706, 
0.053654, 0, 0.850875, 1.74908, 0.000968, 
0, 0, 0.826981, 1.5221, 0.000902, 
0, 0, 0.779801, 1.44694, 0.000735, 
0, 0, 0.899753, 1.62807, 0.000569, 
0, 0, 0.790589, 1.48739, 0.000827, 
0, 0, 0.842271, 1.5574, 0.000703, 
0, 0, 0.828586, 1.81861, 0.000678, 
0, 0, 0.839138, 1.49302, 0.000577, 
0, 0, 0.824074, 1.44869, 0.000639, 
0, 0, 0.843303, 1.506, 0.000654, 
0.049278, 0, 0.813965, 1.5514, 0.000774, 
0, 0, 0.88121, 1.49219, 0.000721, 
0, 0, 0.800385, 1.41908, 0.000487, 
0, 0, 1.44234, 2.36131, 0.000696, 
0, 0, 1.25706, 1.39214, 0.001206, 
0, 0, 0.814949, 1.5778, 0.000886, 
0, 0, 0.876798, 1.55849, 0.000848, 
0, 0, 0.845407, 1.46959, 0.000814, 
0, 0, 0.829733, 1.39149, 0.000638, 
0, 0, 1.39933, 2.65953, 0.001888, 
0.115614, 0, 0.786736, 1.43401, 0.000868, 
0, 0, 0.841305, 1.49046, 0.000498, 
0, 0, 0.844283, 1.61736, 0.000657, 
0, 0, 0.898724, 1.60229, 0.000734, 
0, 0, 1.42786, 2.50851, 0.000597, 
0, 0, 0.819459, 1.39894, 0.000749, 
0, 0, 0.846529, 1.6507, 0.000734, 
0, 0, 0.815505, 1.45661, 0.00064, 
0, 0, 0.821593, 1.54922, 0.000655, 
0.009137, 0, 0.85173, 1.48819, 0.001026, 
0, 0, 0.825276, 1.35161, 0.00066, 
0, 0, 1.38777, 1.50114, 0.000668, 
0, 0, 0.811364, 1.52707, 0.00082, 
0, 0, 0.843746, 2.69279, 0.001135, 
0, 0, 0.78279, 1.52424, 0.000668, 
0, 0, 1.36412, 2.51268, 0.001319, 
0, 0, 1.16197, 1.36668, 0.000751, 
0, 0, 1.4356, 2.70114, 0.001189, 
0, 0, 1.26307, 2.42605, 0.001363, 
0, 0, 1.40699, 2.91865, 0.001108, 
0.185342, 0, 1.38106, 2.7097, 0.00127, 
0, 0, 1.10414, 1.50415, 0.001117, 
0, 0, 1.42372, 2.47167, 0.000765, 
0, 0, 0.835305, 1.50266, 0.000945, 
0, 0, 1.42207, 1.56983, 0.000746, 
0, 0, 0.874333, 1.62417, 0.000624, 
0, 0, 1.27846, 1.97372, 0.000465, 
0, 0, 0.816064, 1.32224, 0.000769, 
0, 0, 0.773577, 1.32827, 0.000616, 
0.058991, 0, 0.845376, 1.52132, 0.000854, 
0, 0, 0.912545, 1.79256, 0.001352, 
0, 0, 0.805636, 1.48246, 0.000649, 
0, 0, 0.857241, 1.60796, 0.00072, 
0, 0, 1.43746, 2.8218, 0.001504, 
0, 0, 1.4014, 2.4679, 0.000894, 
0, 0, 0.808744, 1.5475, 0.000531, 
0, 0, 0.813627, 1.51259, 0.000671, 
0, 0, 0.857301, 1.5258, 0.000794, 
0, 0, 1.38086, 2.64967, 0.000996, 
0, 0, 1.37486, 2.63749, 0.001774, 
0.089203, 0, 1.41922, 2.68717, 0.001243, 
0, 0, 1.42392, 1.55783, 0.000798, 
0, 0, 0.808497, 1.34124, 0.000527, 
0, 0, 0.8049, 1.36787, 0.000613, 
0, 0, 0.865297, 1.45534, 0.000649, 
0, 0, 0.758483, 1.3664, 0.00047, 
0, 0, 0.780134, 1.34346, 0.000551, 
0, 0, 0.897472, 1.36946, 0.000846, 
0, 0, 0.777241, 1.36137, 0.000656, 
0, 0, 0.818053, 1.42139, 0.000644, 
0.12928, 0, 0.820358, 1.42176, 0.000691, 
0, 0, 0.839415, 1.42198, 0.000428, 
0, 0, 0.839015, 1.45092, 0.000784, 
0, 0, 0.843555, 1.59755, 0.000675, 
0, 0, 0.892052, 1.49639, 0.001205, 
0, 0, 0.84753, 1.59102, 0.000948, 
0, 0, 0.878229, 1.62908, 0.001007, 
0, 0, 0.7952, 1.37254, 0.000567, 
0, 0, 0.827043, 1.43343, 0.000688, 
0.014652, 0, 0.83621, 1.49232, 0.000925, 
0, 0, 0.830973, 1.56353, 0.001016, 
0, 0, 0.853392, 1.42938, 0.000717, 
0, 0, 0.841192, 1.6178, 0.000553, 
0, 0, 0.846084, 1.67112, 0.002474, 
0, 0, 0.867704, 1.56105, 0.00065, 
0, 0, 0.869145, 1.53253, 0.000717, 
0, 0, 0.789767, 1.3955, 0.000641, 
0, 0, 0.812851, 1.3296, 0.000446, 
0, 0, 0.777863, 1.37012, 0.000653, 
0, 0, 0.90643, 1.63201, 0.00076, 
0.123844, 0, 0.864054, 1.41364, 0.001872, 
0, 0, 0.849994, 1.42976, 0.000859, 
0, 0, 0.828031, 1.42782, 0.000553, 
0, 0, 0.812941, 1.38832, 0.00062, 
0, 0, 0.82958, 1.37911, 0.000624, 
0, 0, 0.838008, 1.41281, 0.00071, 
0, 0, 0.85769, 1.789, 0.000799, 
0, 0, 1.12432, 1.63467, 0.000684, 
0, 0, 1.42619, 3.71764, 0.000902, 
0, 0, 1.30082, 2.6106, 0.000964, 
0.077376, 0, 1.21394, 2.34158, 0.001025, 
0, 0, 1.38154, 2.56235, 0.001031, 
0, 0, 0.785434, 1.40137, 0.000831, 
0, 0, 0.824842, 1.46839, 0.000616, 
0, 0, 0.809865, 1.45236, 0.000847, 
0, 0, 1.40291, 2.7504, 0.001204, 
0, 0, 0.845432, 1.41728, 0.00088, 
0, 0, 0.839963, 1.41629, 0.000692, 
0, 0, 0.82574, 1.56028, 0.000688, 
0, 0, 0.817226, 1.40458, 0.000868, 
0.050864, 0, 0.812763, 1.40845, 0.000975, 
0, 0, 0.833861, 1.38652, 0.000724, 
0, 0, 1.34102, 2.56459, 0.001448, 
0, 0, 1.15288, 1.60477, 0.001228, 
0, 0, 0.851244, 1.48222, 0.001278, 
0, 0, 0.84702, 1.49894, 0.000724, 
0, 0, 0.829795, 1.45521, 0.000745, 
0, 0, 0.985827, 1.6771, 0.000838, 
0, 0, 0.807841, 1.40908, 0.000665, 
0, 0, 0.815979, 1.53668, 0.001195, 
0.140016, 0, 0.83092, 1.47296, 0.001136, 
0, 0, 1.13736, 1.45797, 0.000926, 
0, 0, 0.810667, 1.41558, 0.000903, 
0, 0, 0.811824, 1.3482, 0.000994, 
0, 0, 0.786058, 1.33368, 0.000755, 
0, 0, 0.850147, 1.6677, 0.000464, 
0, 0, 0.779233, 1.33763, 0.000821, 
0, 0, 0.850456, 1.46228, 0.000538, 
0, 0, 1.08023, 1.45878, 0.000843, 
0.011297, 0, 0.837675, 1.35595, 0.000649, 
0, 0, 0.822536, 1.40797, 0.000796, 
0, 0, 0.846471, 1.51891, 0.000668, 
0, 0, 0.837348, 1.54, 0.000456, 
0, 0, 0.804792, 2.40757, 0.001443, 
0, 0, 0.830466, 1.54757, 0.00064, 
0, 0, 0.838714, 1.4263, 0.000728, 
0, 0, 0.805013, 1.41092, 0.000458, 
0, 0, 0.868873, 1.4208, 0.000607, 
0, 0, 0.830448, 1.5126, 0.000831, 
0, 0, 0.844362, 1.48837, 0.000753, 
0.130127, 0, 0.84193, 1.62784, 0.00101, 
0, 0, 0.820695, 1.38902, 0.000705, 
0, 0, 0.830692, 1.5649, 0.000704, 
0, 0, 0.893287, 1.52188, 0.001093, 
0, 0, 0.816285, 1.49239, 0.000643, 
0, 0, 0.850297, 1.69453, 0.001151, 
0, 0, 0.785465, 1.34139, 0.000633, 
0, 0, 0.791146, 1.50247, 0.000797, 
0, 0, 0.792615, 1.47064, 0.000928, 
0.053122, 0, 0.84012, 1.55944, 0.000643, 
0, 0, 0.811286, 1.45456, 0.000899, 
0, 0, 0.819418, 1.68126, 0.00052, 
0, 0, 0.857738, 1.77286, 0.000841, 
0, 0, 1.33191, 2.57185, 0.000915, 
0, 0, 1.40295, 2.56931, 0.001437, 
0, 0, 0.809811, 1.50822, 0.000959, 
0, 0, 0.817259, 1.42387, 0.000822, 
0, 0, 0.789767, 1.35298, 0.000929, 
0, 0, 1.40769, 2.60604, 0.001246, 
0, 0, 0.870715, 2.4793, 0.001306, 
0.083586, 0, 1.35108, 2.51637, 0.001141, 
0, 0, 1.33799, 1.40059, 0.000819, 
0, 0, 0.812822, 1.3931, 0.000561, 
0, 0, 1.36622, 2.5843, 0.001403, 
0, 0, 0.902579, 1.46441, 0.00078, 
0, 0, 1.385, 2.24593, 0.000573, 
0, 0, 0.836501, 1.51796, 0.000499, 
0, 0, 0.816928, 1.34583, 0.000651, 
0, 0, 0.859599, 1.53375, 0.000993, 
0, 0, 0.831438, 1.41057, 0.000665, 
0.19871, 0, 1.4683, 2.96259, 0.00114, 
0, 0, 1.33479, 2.56237, 0.001054, 
0, 0, 0.756013, 1.42652, 0.000767, 
0, 0, 1.32252, 2.40256, 0.001181, 
0, 0, 1.3905, 2.57009, 0.001444, 
0, 0, 1.33978, 2.50922, 0.001404, 
0, 0, 1.42205, 3.13877, 0.001057, 
0, 0, 1.4068, 1.90183, 0.000887, 
0, 0, 0.817926, 1.59776, 0.000664, 
0.015539, 0, 1.34023, 1.48034, 0.000734, 
0, 0, 0.824448, 1.46, 0.000592, 
0, 0, 0.86749, 1.43026, 0.000756, 
0, 0, 0.862064, 1.5943, 0.00091, 
0, 0, 0.806577, 1.40658, 0.001139, 
0, 0, 0.844999, 1.48219, 0.000649, 
0, 0, 0.795118, 1.28612, 0.000522, 
0, 0, 0.84039, 1.65554, 0.000641, 
0, 0, 0.911287, 1.40243, 0.000998, 
0, 0, 0.827583, 1.50184, 0.000944, 
0, 0, 0.863282, 2.04357, 0.000993, 
0.124351, 0, 0.811182, 1.42073, 0.000831, 
0, 0, 0.81884, 1.44181, 0.000548, 
0, 0, 0.845696, 1.37132, 0.000766, 
0, 0, 0.841164, 1.43493, 0.001012, 
0, 0, 0.843215, 1.45368, 0.000749, 
0, 0, 1.40154, 2.72153, 0.001076, 
0, 0, 0.770387, 1.36305, 0.000694, 
0, 0, 0.802342, 1.3295, 0.000808, 
0, 0, 1.2608, 2.30004, 0.001012, 
0, 0, 0.801959, 1.38409, 0.000767, 
0.083951, 0, 1.32519, 2.08316, 0.000666, 
0, 0, 0.812434, 1.34987, 0.000431, 
0, 0, 0.846146, 1.42283, 0.000995, 
0, 0, 0.85904, 1.59698, 0.000749, 
0, 0, 0.837182, 1.63762, 0.001013, 
0, 0, 0.822042, 1.63963, 0.001813, 
0, 0, 0.811509, 1.41199, 0.000839, 
0, 0, 1.36282, 2.84312, 0.00112, 
0, 0, 0.787352, 1.40497, 0.000982, 
0, 0, 1.36973, 2.66046, 0.001129, 
0.074884, 0, 1.41652, 2.63749, 0.001455, 
0, 0, 1.13656, 1.43599, 0.000847, 
0, 0, 0.859636, 1.47141, 0.000643, 
0, 0, 0.839949, 1.57804, 0.000705, 
0, 0, 1.35943, 1.93851, 0.001008, 
0, 0, 1.28919, 2.41971, 0.000739, 
0, 0, 1.25151, 2.50372, 0.00071, 
0, 0, 1.23069, 2.21679, 0.000897, 
0, 0, 1.22029, 2.47764, 0.001165, 
0, 0, 0.836814, 1.53518, 0.001291, 
0.12077, 0, 0.83525, 1.57449, 0.000641, 
0, 0, 0.822243, 1.649, 0.000852, 
0, 0, 0.822297, 1.5854, 0.00104, 
0, 0, 1.35751, 2.51136, 0.000916, 
0, 0, 0.917444, 1.58811, 0.001102, 
0, 0, 0.811013, 1.49619, 0.000882, 
0, 0, 0.775604, 1.21489, 0.000727, 
0, 0, 0.813963, 1.51412, 0.000585, 
0, 0, 0.822764, 1.52775, 0.001141, 
0.011317, 0, 0.862544, 1.62059, 0.000674, 
0, 0, 0.810483, 1.40936, 0.00064, 
0, 0, 0.863592, 1.63073, 0.000957, 
0, 0, 0.8155, 1.56373, 0.000736, 
0, 0, 0.942567, 1.78786, 0.002796, 
0, 0, 1.36757, 2.24298, 0.001069, 
0, 0, 0.79305, 1.39917, 0.00059, 
0, 0, 0.803666, 1.4626, 0.000494, 
0, 0, 0.861807, 1.50747, 0.000621, 
0, 0, 0.814752, 1.5885, 0.000801, 
0, 0, 0.918429, 1.50212, 0.001076, 
0.213304, 0, 0.802629, 1.66, 0.000742, 
0, 0, 0.851896, 1.51298, 0.000604, 
0, 0, 0.837626, 1.57303, 0.000928, 
0, 0, 0.85945, 1.48096, 0.001077, 
0, 0, 1.35234, 2.03944, 0.000719, 
0, 0, 0.843492, 1.62093, 0.000646, 
0, 0, 0.796468, 1.41265, 0.000703, 
0, 0, 1.30207, 1.6488, 0.001082, 
0, 0, 0.812554, 1.67044, 0.000593, 
0.07021, 0, 0.869557, 1.59385, 0.000852, 
0, 0, 0.776982, 1.3909, 0.000693, 
0, 0, 0.778019, 1.41333, 0.000678, 
0, 0, 0.894867, 1.53972, 0.000755, 
0, 0, 1.38431, 2.23873, 0.000762, 
0, 0, 0.821356, 1.32709, 0.000555, 
0, 0, 0.806514, 1.56376, 0.000548, 
0, 0, 0.853689, 1.62433, 0.00071, 
0, 0, 0.818896, 1.48282, 0.000868, 
0, 0, 0.831437, 1.45329, 0.000687, 
0, 0, 1.41285, 1.55019, 0.000891, 
0.060514, 0, 0.806583, 1.43426, 0.001134, 
0, 0, 1.06011, 1.60996, 0.00067, 
0, 0, 1.35423, 2.6054, 0.001093, 
0, 0, 1.32796, 2.2814, 0.001364, 
0, 0, 1.40183, 2.83436, 0.001202, 
0, 0, 1.36745, 2.89166, 0.001273, 
0, 0, 1.35195, 2.33796, 0.000926, 
0, 0, 0.835416, 1.58973, 0.00048, 
0, 0, 0.81268, 1.4392, 0.000765, 
0, 0, 0.839128, 1.50724, 0.001273, 
0.138733, 0, 0.825243, 1.70137, 0.000909, 
0, 0, 0.847308, 1.44301, 0.000782, 
0, 0, 0.819299, 1.57395, 0.000569, 
0, 0, 0.886221, 1.64902, 0.000617, 
0, 0, 1.3329, 1.95183, 0.000934, 
0, 0, 0.781972, 1.45323, 0.00088, 
0, 0, 0.798473, 1.36471, 0.000889, 
0, 0, 1.29372, 1.81562, 0.000657, 
0, 0, 1.40283, 2.76305, 0.001347, 
0.010159, 0, 0.838238, 1.41171, 0.000691, 
0, 0, 0.845873, 1.66944, 0.000924, 
0, 0, 0.892484, 1.69359, 0.001171, 
0, 0, 0.78864, 1.39003, 0.00058, 
0, 0, 0.900933, 1.71286, 0.001971, 
0, 0, 1.26456, 2.31067, 0.000652, 
0, 0, 0.792555, 1.49528, 0.000539, 
0, 0, 0.775725, 1.53198, 0.000633, 
0, 0, 1.34415, 2.64673, 0.000874, 
0, 0, 0.827581, 1.61918, 0.000663, 
0, 0, 0.777237, 1.54191, 0.000691, 
0.124288, 0, 0.782184, 1.4988, 0.001374, 
0, 0, 0.812912, 1.50714, 0.001073, 
0, 0, 0.833733, 1.48911, 0.000644, 
0, 0, 0.85958, 1.56851, 0.000862, 
0, 0, 1.33812, 2.55574, 0.00101, 
0, 0, 0.840239, 1.31979, 0.000959, 
0, 0, 0.81418, 1.40427, 0.000617, 
0, 0, 0.798296, 1.32865, 0.001157, 
0, 0, 0.829507, 1.50306, 0.000852, 
0, 0, 0.814121, 1.40806, 0.001085, 
0.054667, 0, 0.747116, 1.34036, 0.001088, 
0, 0, 0.78735, 1.31628, 0.000576, 
0, 0, 0.840477, 1.58662, 0.000553, 
0, 0, 0.838276, 1.49165, 0.00103, 
0, 0, 0.832627, 1.57758, 0.000645, 
0, 0, 0.809342, 1.47507, 0.000477, 
0, 0, 0.798904, 1.45724, 0.000524, 
0, 0, 0.82283, 1.46127, 0.000783, 
0, 0, 0.811003, 1.4398, 0.00066, 
0, 0, 0.812892, 1.49507, 0.001039, 
0.052524, 0, 0.807062, 1.33465, 0.000927, 
0, 0, 0.818545, 1.46564, 0.000704, 
0, 0, 0.79522, 1.49583, 0.000438, 
0, 0, 0.823974, 1.43255, 0.000694, 
0, 0, 1.33382, 2.56753, 0.001095, 
0, 0, 1.15179, 1.30357, 0.001183, 
0, 0, 0.77392, 1.28618, 0.00055, 
0, 0, 0.769187, 1.30533, 0.000776, 
0, 0, 0.788066, 1.31593, 0.001388, 
0, 0, 0.836737, 1.28565, 0.000659, 
0.202008, 0, 1.28285, 1.93591, 0.000908, 
0, 0, 0.810007, 1.26862, 0.001008, 
0, 0, 1.29437, 2.22627, 0.001085, 
0, 0, 1.45132, 2.7098, 0.001205, 
0, 0, 1.08102, 1.59301, 0.001177, 
0, 0, 0.852337, 1.55885, 0.001165, 
0, 0, 0.828279, 1.49026, 0.000618, 
0, 0, 1.39733, 2.89717, 0.000945, 
0, 0, 1.37559, 2.91687, 0.001216, 
0.015106, 0, 1.28579, 2.30172, 0.00121, 
0, 0, 0.911839, 1.48169, 0.000809, 
0, 0, 0.807114, 1.2516, 0.000818, 
0, 0, 0.843458, 1.65458, 0.000958, 
0, 0, 1.62658, 1.78942, 0.001501, 
0, 0, 1.36334, 2.29774, 0.001191, 
0, 0, 1.35605, 1.65757, 0.001494, 
0, 0, 0.794246, 1.42611, 0.000754, 
0, 0, 1.28759, 2.22755, 0.001101, 
0, 0, 1.26918, 2.28381, 0.001226, 
0, 0, 1.37769, 2.77741, 0.001139, 
0.127652, 0, 0.877001, 2.74271, 0.001521, 
0, 0, 0.821233, 1.63384, 0.001011, 
0, 0, 1.31524, 2.63192, 0.00177, 
0, 0, 1.38178, 2.74161, 0.001168, 
0, 0, 1.3246, 2.34215, 0.001215, 
0, 0, 1.3404, 2.82702, 0.001349, 
0, 0, 1.30784, 2.59475, 0.001022, 
0, 0, 1.25119, 1.36424, 0.001063, 
0, 0, 0.790288, 1.19913, 0.000572, 
0.048603, 0, 0.757792, 1.30743, 0.000599, 
0, 0, 0.833718, 1.51543, 0.000835, 
0, 0, 0.775264, 1.31302, 0.000669, 
0, 0, 0.84524, 1.47822, 0.000487, 
0, 0, 0.889091, 1.60077, 0.001348, 
0, 0, 0.892041, 1.69442, 0.000682, 
0, 0, 0.834026, 1.52086, 0.000937, 
0, 0, 0.901883, 1.60763, 0.000526, 
0, 0, 0.778579, 1.49254, 0.000577, 
0, 0, 0.833119, 2.4284, 0.001306, 
0, 0, 0.944641, 1.27669, 0.001037, 
0.053457, 0, 0.887452, 1.58692, 0.001107, 
0, 0, 0.83956, 1.46303, 0.000735, 
0, 0, 0.813087, 1.61187, 0.000873, 
0, 0, 0.885945, 1.70559, 0.000807, 
0, 0, 1.35757, 2.51481, 0.000728, 
0, 0, 0.774415, 1.25668, 0.000673, 
0, 0, 0.813918, 1.39457, 0.000923, 
0, 0, 0.839517, 1.67665, 0.000769, 
0, 0, 0.843191, 1.59385, 0.000784, 
0, 0, 0.817907, 1.6202, 0.000816, 
0, 0, 0.803685, 1.37455, 0.000627, 
0.130654, 0, 0.817029, 1.45277, 0.000659, 
0, 0, 0.783775, 1.25984, 0.000622, 
0, 0, 0.824745, 1.53991, 0.0009, 
0, 0, 1.1725, 1.50999, 0.000607, 
0, 0, 0.800308, 1.31093, 0.001103, 
0, 0, 1.03995, 1.30407, 0.001143, 
0, 0, 0.868297, 1.25384, 0.000635, 
0, 0, 0.79527, 1.32938, 0.001178, 
0.009738, 0, 0.881012, 1.49962, 0.000839, 
0, 0, 0.799367, 1.40181, 0.000806, 
0, 0, 0.907346, 1.64033, 0.000629, 
0, 0, 0.761691, 1.23573, 0.000576, 
0, 0, 0.815927, 1.42939, 0.00113, 
0, 0, 0.798787, 1.33851, 0.000817, 
0, 0, 0.862699, 1.67888, 0.000552, 
0, 0, 0.776037, 1.23493, 0.000565, 
0, 0, 0.802162, 1.29431, 0.000568, 
0, 0, 0.785318, 1.63446, 0.000545, 
0, 0, 0.829605, 1.36286, 0.00112, 
0, 0, 0.788909, 1.3487, 0.000574, 
0.12526, 0, 0.783971, 1.28912, 0.000684, 
0, 0, 0.759108, 1.29151, 0.000536, 
0, 0, 1.39488, 2.38335, 0.001202, 
0, 0, 0.806278, 1.35783, 0.000838, 
0, 0, 0.855663, 1.32016, 0.000749, 
0, 0, 0.812275, 1.43726, 0.000856, 
0, 0, 0.893043, 1.43592, 0.000706, 
0, 0, 0.90478, 2.369, 0.00091, 
0, 0, 0.821742, 1.75823, 0.001092, 
0.053066, 0, 0.811368, 1.53832, 0.000737, 
0, 0, 1.44439, 2.63627, 0.000895, 
0, 0, 0.836749, 1.51925, 0.000621, 
0, 0, 0.85562, 1.50844, 0.000631, 
0, 0, 0.840544, 1.58241, 0.000609, 
0, 0, 0.824327, 1.46283, 0.001079, 
0, 0, 0.821406, 1.62519, 0.000605, 
0, 0, 0.785128, 1.24279, 0.000739, 
0, 0, 1.43443, 2.90509, 0.00105, 
0, 0, 1.38947, 2.32668, 0.000751, 
0.054906, 0, 0.869789, 1.53763, 0.000728, 
0, 0, 0.844116, 1.53728, 0.00069, 
0, 0, 0.817406, 1.47452, 0.000428, 
0, 0, 1.40419, 2.64116, 0.001702, 
0, 0, 0.860284, 1.53251, 0.000798, 
0, 0, 0.886554, 1.62315, 0.000733, 
0, 0, 1.41951, 2.74497, 0.00103, 
0, 0, 0.835296, 1.60504, 0.000693, 
0, 0, 1.308, 2.43411, 0.000896, 
0, 0, 1.37156, 2.50468, 0.00109, 
0.199235, 0, 1.37807, 2.43209, 0.001494, 
0, 0, 1.45087, 2.68228, 0.000879, 
0, 0, 1.39174, 2.5632, 0.001152, 
0, 0, 1.3804, 2.60376, 0.001343, 
0, 0, 1.42877, 2.45866, 0.000833, 
0, 0, 0.848672, 1.47872, 0.00063, 
0, 0, 1.35014, 2.57909, 0.000658, 
0, 0, 1.40645, 1.52717, 0.000682, 
0, 0, 0.8077, 1.46422, 0.00096, 
0.009941, 0, 0.865372, 1.55003, 0.000953, 
0, 0, 0.81661, 1.2755, 0.000565, 
0, 0, 0.864715, 1.43098, 0.000617, 
0, 0, 0.834159, 1.5196, 0.000755, 
0, 0, 0.896109, 1.61994, 0.001316, 
0, 0, 0.896921, 1.54199, 0.000581, 
0, 0, 0.824157, 1.49474, 0.00071, 
0, 0, 0.786906, 1.45831, 0.000594, 
0, 0, 0.825298, 1.37057, 0.000458, 
0, 0, 0.839332, 1.4716, 0.001022, 
0, 0, 0.87306, 1.58599, 0.001323, 
0.119276, 0, 0.898567, 1.78706, 0.001436, 
0, 0, 0.942907, 1.86975, 0.001363, 
0, 0, 1.39809, 1.76216, 0.001418, 
0, 0, 0.873929, 1.53772, 0.001014, 
0, 0, 1.37044, 2.37357, 0.000761, 
0, 0, 1.40758, 2.90757, 0.000858, 
0, 0, 1.41909, 2.56665, 0.001051, 
0, 0, 1.38038, 2.36816, 0.001021, 
0, 0, 0.872555, 1.70635, 0.000695, 
0.051739, 0, 0.870953, 1.61423, 0.000949, 
0, 0, 0.862335, 1.64177, 0.000845, 
0, 0, 0.871961, 1.55054, 0.000984, 
0, 0, 0.86614, 1.54194, 0.000923, 
0, 0, 0.834375, 1.56761, 0.000692, 
0, 0, 1.39234, 1.77982, 0.000703, 
0, 0, 0.84602, 1.51343, 0.000836, 
0, 0, 0.83128, 1.46181, 0.000498, 
0, 0, 0.875661, 1.51518, 0.001038, 
0, 0, 0.843475, 1.60302, 0.000859, 
0, 0, 0.873054, 1.58383, 0.00096, 
0.053247, 0, 0.809678, 1.38695, 0.000501, 
0, 0, 0.838943, 1.50111, 0.000731, 
0, 0, 0.815083, 1.5446, 0.000555, 
0, 0, 0.855372, 1.74169, 0.000523, 
0, 0, 1.4378, 2.07069, 0.000891, 
0, 0, 1.43152, 2.81961, 0.001206, 
0, 0, 0.88499, 1.51631, 0.000911, 
0, 0, 0.90609, 1.67757, 0.000493, 
0, 0, 0.799392, 1.39632, 0.000671, 
0, 0, 1.44855, 2.66545, 0.001377, 
0.196832, 0, 1.43615, 2.79754, 0.001013, 
0, 0, 1.42943, 2.83859, 0.000917, 
0, 0, 0.888563, 1.51992, 0.000869, 
0, 0, 0.859693, 1.55481, 0.000663, 
0, 0, 0.859774, 1.52813, 0.000596, 
0, 0, 0.8572, 1.62742, 0.000762, 
0, 0, 1.38993, 2.92899, 0.001273, 
0, 0, 0.912502, 1.4509, 0.00057, 
0, 0, 0.847649, 1.60307, 0.000601, 
0, 0, 1.3762, 2.6126, 0.001104, 
0.017712, 0, 0.903627, 1.54753, 0.001194, 
0, 0, 0.886141, 1.51172, 0.000902, 
0, 0, 0.816614, 1.43221, 0.000739, 
0, 0, 0.933216, 1.70586, 0.001258, 
0, 0, 1.40936, 2.75507, 0.001074, 
0, 0, 1.04548, 1.47777, 0.000648, 
0, 0, 0.87786, 1.4641, 0.000986, 
0, 0, 1.38229, 2.58239, 0.00109, 
0, 0, 1.41954, 2.74189, 0.001237, 
0, 0, 1.4077, 2.66299, 0.001317, 
0.185408, 0, 1.41599, 2.90518, 0.001114, 
0, 0, 1.10121, 1.45062, 0.000724, 
0, 0, 0.79264, 1.48813, 0.000555, 
0, 0, 1.0277, 1.47649, 0.000691, 
0, 0, 0.847339, 1.50987, 0.000697, 
0, 0, 1.47041, 1.76665, 0.001017, 
0, 0, 0.830237, 1.50509, 0.000602, 
0, 0, 0.855202, 1.43493, 0.000578, 
0, 0, 0.838008, 1.47381, 0.000718, 
0, 0, 0.83062, 1.5621, 0.001224, 
0.051937, 0, 0.80319, 1.54241, 0.000726, 
0, 0, 0.837435, 1.48545, 0.000738, 
0, 0, 0.864822, 1.62311, 0.000812, 
0, 0, 1.45398, 2.92316, 0.001313, 
0, 0, 1.46731, 2.78979, 0.000925, 
0, 0, 0.848741, 1.57286, 0.000887, 
0, 0, 1.37799, 2.18259, 0.000619, 
0, 0, 0.83117, 1.37539, 0.000629, 
0, 0, 1.19149, 2.06547, 0.001194, 
0, 0, 0.825753, 1.39483, 0.000738, 
0.050932, 0, 0.859922, 1.44096, 0.001001, 
0, 0, 0.84064, 1.4519, 0.000718, 
0, 0, 0.852455, 1.53484, 0.000518, 
0, 0, 1.41965, 1.60246, 0.000992, 
0, 0, 1.42075, 2.60536, 0.001031, 
0, 0, 1.21499, 1.46587, 0.000818, 
0, 0, 0.843909, 1.48316, 0.001774, 
0, 0, 0.846727, 1.50995, 0.000951, 
0, 0, 0.879297, 1.75525, 0.00107, 
0, 0, 0.823702, 1.57255, 0.000869, 
0.14087, 0, 0.874701, 1.6676, 0.000827, 
0, 0, 0.8522, 1.54017, 0.00066, 
0, 0, 0.820462, 1.60503, 0.000645, 
0, 0, 0.861408, 1.44799, 0.000808, 
0, 0, 0.828268, 1.46188, 0.000739, 
0, 0, 0.845072, 1.53343, 0.000611, 
0, 0, 0.792238, 1.57069, 0.000745, 
0, 0, 0.87701, 1.55991, 0.00057, 
0, 0, 0.946476, 1.6309, 0.000653, 
0.009064, 0, 0.868413, 1.47182, 0.00079, 
0, 0, 0.864178, 1.4584, 0.000516, 
0, 0, 0.858947, 1.50487, 0.001052, 
0, 0, 0.84211, 1.5253, 0.000623, 
0, 0, 1.54841, 1.64674, 0.001418, 
0, 0, 1.20432, 1.52104, 0.000693, 
0, 0, 0.819981, 1.5445, 0.000566, 
0, 0, 0.857248, 1.62535, 0.000656, 
0, 0, 0.848992, 1.54983, 0.000431, 
0, 0, 0.767367, 1.25024, 0.000551, 
0, 0, 0.91636, 1.6971, 0.000922, 
0.117183, 0, 0.817549, 1.66752, 0.001038, 
0, 0, 1.0855, 1.53863, 0.000566, 
0, 0, 0.852538, 1.43789, 0.001388, 
0, 0, 0.900682, 1.52625, 0.001016, 
0, 0, 0.879427, 1.50318, 0.001151, 
0, 0, 0.870981, 1.48979, 0.000679, 
0, 0, 0.8805, 1.53713, 0.000719, 
0, 0, 0.887428, 1.50986, 0.000732, 
0, 0, 0.884374, 1.47086, 0.000868, 
0, 0, 0.886035, 1.56494, 0.000599, 
0.055237, 0, 0.858801, 1.59288, 0.000706, 
0, 0, 1.38308, 2.37598, 0.000615, 
0, 0, 0.827871, 1.5016, 0.000649, 
0, 0, 1.29921, 2.36179, 0.001017, 
0, 0, 1.39448, 2.30778, 0.000934, 
0, 0, 0.906626, 1.78279, 0.001041, 
0, 0, 0.823021, 1.44323, 0.000476, 
0, 0, 0.880257, 1.42912, 0.000729, 
0, 0, 0.849563, 1.55218, 0.000679, 
0, 0, 0.878288, 1.62204, 0.000687, 
0.052889, 0, 0.851933, 1.62002, 0.000484, 
0, 0, 1.40967, 2.66642, 0.001159, 
0, 0, 1.44561, 2.54881, 0.000759, 
0, 0, 1.43988, 2.86642, 0.001487, 
0, 0, 1.11003, 1.31231, 0.000709, 
0, 0, 0.848234, 1.54562, 0.000614, 
0, 0, 0.855337, 1.6182, 0.000556, 
0, 0, 1.42288, 2.07383, 0.000661, 
0, 0, 0.872979, 1.47163, 0.000542, 
0, 0, 0.829097, 1.36641, 0.000781, 
0.113056, 0, 0.826444, 1.54781, 0.000744, 
0, 0, 0.839496, 1.61653, 0.000812, 
0, 0, 0.8561, 1.43711, 0.000577, 
0, 0, 0.86393, 1.62167, 0.000894, 
0, 0, 1.32031, 1.50109, 0.000737, 
0, 0, 1.32389, 1.39373, 0.000605, 
0, 0, 1.41466, 2.6834, 0.000897, 
0, 0, 0.917009, 1.52262, 0.000855, 
0, 0, 0.870348, 1.51399, 0.000824, 
0.010382, 0, 0.898862, 1.71139, 0.000761, 
0, 0, 0.854764, 1.7167, 0.000818, 
0, 0, 1.42017, 2.64609, 0.00118, 
0, 0, 1.38688, 2.63435, 0.001124, 
0, 0, 0.869018, 1.71683, 0.001521, 
0, 0, 0.826334, 1.34241, 0.000703, 
0, 0, 0.809804, 1.32036, 0.000677, 
0, 0, 1.45236, 2.77444, 0.001079, 
0, 0, 1.38467, 2.2647, 0.000982, 
0, 0, 1.3535, 2.58478, 0.000558, 
0, 0, 0.87034, 1.57833, 0.000698, 
0.122378, 0, 0.812385, 1.53747, 0.000613, 
0, 0, 1.3963, 1.66831, 0.00108, 
0, 0, 0.815877, 1.29655, 0.000885, 
0, 0, 1.41877, 1.87484, 0.000926, 
0, 0, 0.811249, 1.37741, 0.000753, 
0, 0, 0.819917, 1.33069, 0.000904, 
0, 0, 0.9869, 1.422, 0.000674, 
0, 0, 0.818583, 1.32772, 0.000624, 
0, 0, 0.843713, 1.63154, 0.000512, 
0.063543, 0, 0.82323, 1.4102, 0.000816, 
0, 0, 0.893496, 1.67508, 0.000791, 
0, 0, 0.861639, 1.55254, 0.000623, 
0, 0, 0.874221, 1.47912, 0.000827, 
0, 0, 0.833442, 1.35379, 0.000981, 
0, 0, 0.80515, 1.3326, 0.000632, 
0, 0, 0.775299, 1.32923, 0.000576, 
0, 0, 1.3215, 2.37176, 0.001071, 
0, 0, 1.3499, 1.58363, 0.000822, 
0, 0, 1.41632, 2.71848, 0.00114, 
0, 0, 1.43425, 2.72208, 0.001308, 
0.043577, 0, 0.831538, 1.37916, 0.000716, 
0, 0, 1.38017, 1.60069, 0.000621, 
0, 0, 0.863343, 1.66834, 0.000484, 
0, 0, 0.842085, 1.46658, 0.000691, 
0, 0, 0.863342, 1.50387, 0.000669, 
0, 0, 0.822183, 1.63471, 0.000787, 
0, 0, 0.886351, 1.59284, 0.001189, 
0, 0, 1.08929, 1.54451, 0.000482, 
0, 0, 0.795649, 1.38275, 0.000673, 
0, 0, 0.880723, 1.51414, 0.000665, 
0.198117, 0, 1.42666, 2.50679, 0.001123, 
0, 0, 0.877435, 1.50446, 0.001099, 
0, 0, 0.879777, 1.49338, 0.000922, 
0, 0, 1.46447, 2.88176, 0.001353, 
0, 0, 1.40563, 2.21779, 0.000806, 
0, 0, 1.37177, 2.76354, 0.001147, 
0, 0, 1.38185, 2.67936, 0.00137, 
0, 0, 1.29922, 2.2381, 0.000848, 
0, 0, 1.33107, 1.43854, 0.00085, 
0.008426, 0, 0.83404, 1.54976, 0.00067, 
0, 0, 1.42634, 2.65481, 0.001166, 
0, 0, 1.37343, 2.42493, 0.001828, 
0, 0, 1.45473, 2.6106, 0.001015, 
0, 0, 0.840186, 1.44656, 0.001678, 
0, 0, 0.849658, 1.63217, 0.001762, 
0, 0, 0.869551, 1.48976, 0.001415, 
0, 0, 1.40546, 2.77284, 0.001269, 
0, 0, 0.83971, 1.47603, 0.000762, 
0, 0, 1.38551, 2.15779, 0.000702, 
0, 0, 0.845912, 1.48253, 0.000756, 
0.119038, 0, 0.862912, 1.70266, 0.001316, 
0, 0, 0.851294, 1.5284, 0.000872, 
0, 0, 0.867839, 1.54629, 0.000484, 
0, 0, 0.911135, 1.72427, 0.000876, 
0, 0, 0.84116, 1.32278, 0.000674, 
0, 0, 0.84691, 1.58697, 0.000651, 
0, 0, 0.862656, 1.61604, 0.000696, 
0, 0, 0.846018, 1.48146, 0.000599, 
0, 0, 0.839368, 1.45535, 0.000516, 
0, 0, 0.837318, 1.46667, 0.000571, 
0.06561, 0, 0.849849, 1.56864, 0.001047, 
0, 0, 0.842019, 1.49944, 0.000679, 
0, 0, 0.794885, 1.51608, 0.000455, 
0, 0, 1.52272, 2.6716, 0.001162, 
0, 0, 1.44973, 2.99658, 0.001224, 
0, 0, 1.3764, 2.70664, 0.001055, 
0, 0, 1.39289, 2.70973, 0.00112, 
0, 0, 1.37569, 2.63901, 0.001016, 
0, 0, 1.36103, 2.75529, 0.000979, 
0, 0, 1.44882, 2.36969, 0.001188, 
0.082622, 0, 1.43101, 2.77934, 0.00114, 
0, 0, 1.36993, 2.57594, 0.00095, 
0, 0, 1.46955, 2.90863, 0.0011, 
0, 0, 1.40676, 2.66211, 0.00105, 
0, 0, 1.42503, 2.39238, 0.000962, 
0, 0, 1.39966, 2.58727, 0.001026, 
0, 0, 1.41584, 2.68403, 0.001206, 
0, 0, 1.43609, 2.78398, 0.001153, 
0, 0, 1.10939, 2.28784, 0.000897, 
0, 0, 0.848313, 1.51049, 0.000609, 
0, 0, 0.879731, 1.6117, 0.000804, 
0.112707, 0, 0.85379, 1.50721, 0.000547, 
0, 0, 0.867053, 1.44895, 0.000599, 
0, 0, 0.856001, 1.50955, 0.000604, 
0, 0, 0.85184, 1.52337, 0.000698, 
0, 0, 0.834542, 1.46377, 0.000694, 
0, 0, 0.83578, 1.37087, 0.000611, 
0, 0, 0.859264, 1.49735, 0.000547, 
0, 0, 0.856141, 1.58717, 0.00099, 
0.014186, 0, 1.42016, 2.15372, 0.000962, 
0, 0, 0.894093, 1.30885, 0.000686, 
0, 0, 0.873713, 1.60094, 0.000782, 
0, 0, 0.938718, 1.54108, 0.000523, 
0, 0, 1.42826, 1.92252, 0.001177, 
0, 0, 0.895395, 1.53253, 0.000798, 
0, 0, 0.900046, 1.54059, 0.000563, 
0, 0, 0.817882, 1.53001, 0.000539, 
0, 0, 0.852313, 1.58966, 0.000869, 
0, 0, 0.822476, 1.27435, 0.000767, 
0, 0, 0.874019, 1.49134, 0.000711, 
0.185255, 0, 1.3457, 2.23919, 0.001225, 
0, 0, 1.40915, 2.84241, 0.001076, 
0, 0, 1.4436, 2.65539, 0.000959, 
0, 0, 1.45756, 2.79557, 0.001362, 
0, 0, 1.39788, 2.68921, 0.001007, 
0, 0, 1.42514, 2.75435, 0.001152, 
0, 0, 1.40824, 2.67308, 0.001343, 
0, 0, 1.46364, 2.8759, 0.001346, 
0, 0, 1.00534, 1.46154, 0.000729, 
0, 0, 0.821155, 1.45872, 0.000748, 
0.060412, 0, 0.869522, 1.48665, 0.001073, 
0, 0, 0.837174, 1.42733, 0.000571, 
0, 0, 0.898583, 1.46254, 0.001093, 
0, 0, 0.932535, 1.70381, 0.001264, 
0, 0, 1.02965, 1.47089, 0.000869, 
0, 0, 0.855006, 1.58312, 0.001042, 
0, 0, 0.84911, 1.65065, 0.000474, 
0, 0, 0.876508, 1.39562, 0.00074, 
0, 0, 0.81917, 1.34902, 0.000731, 
0.049968, 0, 0.849795, 1.37501, 0.000699, 
0, 0, 1.39117, 2.54703, 0.00153, 
0, 0, 1.36723, 2.90038, 0.001277, 
0, 0, 1.37891, 2.74695, 0.000968, 
0, 0, 0.898628, 1.70367, 0.00137, 
0, 0, 1.26411, 1.5075, 0.000704, 
0, 0, 0.878273, 1.54377, 0.000747, 
0, 0, 0.871479, 1.61444, 0.000696, 
0, 0, 0.825004, 1.61402, 0.000512, 
0, 0, 1.41458, 2.55644, 0.000773, 
0, 0, 1.33826, 2.0777, 0.001007, 
0, 0, 1.42905, 2.63465, 0.001119, 
0.208765, 0, 1.44217, 2.5667, 0.00109, 
0, 0, 1.28316, 2.3626, 0.000966, 
0, 0, 1.321, 2.37922, 0.000635, 
0, 0, 1.43547, 2.56463, 0.000727, 
0, 0, 0.8515, 1.56556, 0.000536, 
0, 0, 0.810298, 1.46049, 0.000895, 
0, 0, 0.841969, 1.41925, 0.00083, 
0, 0, 0.86704, 1.5782, 0.000694, 
0.012962, 0, 1.49849, 1.58136, 0.001024, 
0, 0, 0.804047, 1.54191, 0.000674, 
0, 0, 0.818434, 1.62434, 0.000938, 
0, 0, 0.834628, 1.38404, 0.000628, 
0, 0, 0.870001, 1.5676, 0.002243, 
0, 0, 1.35358, 1.41649, 0.000803, 
0, 0, 1.43501, 2.52631, 0.001373, 
0, 0, 1.2953, 1.43276, 0.000866, 
0, 0, 0.789113, 1.34184, 0.000612, 
0, 0, 0.815241, 1.48116, 0.00077, 
0, 0, 0.868938, 1.6534, 0.000643, 
0.113246, 0, 0.850824, 1.53632, 0.000471, 
0, 0, 0.835324, 1.43267, 0.000603, 
0, 0, 0.873299, 1.5293, 0.00101, 
0, 0, 0.887313, 1.53039, 0.000724, 
0, 0, 0.854213, 1.42643, 0.000817, 
0, 0, 1.44892, 2.96268, 0.001114, 
0, 0, 0.863731, 1.51724, 0.000986, 
0, 0, 0.834301, 1.46127, 0.000769, 
0, 0, 1.19046, 1.62082, 0.000581, 
0.094623, 0, 0.842609, 1.47771, 0.000848, 
0, 0, 0.881892, 1.72045, 0.000958, 
0, 0, 0.928945, 1.47423, 0.000846, 
0, 0, 0.857914, 1.42889, 0.000542, 
0, 0, 0.863053, 1.4846, 0.000619, 
0, 0, 1.52363, 1.63483, 0.000613, 
0, 0, 0.848241, 1.52578, 0.000691, 
0, 0, 0.865284, 1.45983, 0.000966, 
0, 0, 0.880459, 1.5447, 0.00087, 
0, 0, 0.839921, 1.50666, 0.000581, 
0, 0, 0.900739, 1.75398, 0.000745, 
0.047035, 0, 0.834569, 1.46005, 0.000932, 
0, 0, 0.93878, 1.71012, 0.000998, 
0, 0, 0.866754, 1.46044, 0.000604, 
0, 0, 1.19917, 2.04172, 0.00139, 
0, 0, 0.928279, 1.66553, 0.000736, 
0, 0, 0.840888, 1.62559, 0.00047, 
0, 0, 0.8368, 1.4048, 0.000643, 
0, 0, 0.871116, 1.36363, 0.000592, 
0, 0, 0.854949, 1.44488, 0.000724, 
0, 0, 0.874096, 1.56873, 0.001112, 
0.121242, 0, 0.838654, 1.58647, 0.000819, 
0, 0, 0.898805, 1.42648, 0.001002, 
0, 0, 0.872944, 1.55169, 0.001398, 
0, 0, 0.914648, 1.52363, 0.000849, 
0, 0, 1.45066, 1.8187, 0.00087, 
0, 0, 0.890495, 1.52322, 0.000685, 
0, 0, 0.831383, 1.43446, 0.00054, 
0, 0, 0.878036, 1.50688, 0.000869, 
0, 0, 0.872296, 1.64449, 0.001073, 
0.010332, 0, 0.859455, 1.67963, 0.000796, 
0, 0, 0.807687, 1.49476, 0.000856, 
0, 0, 1.43893, 2.65722, 0.000741, 
0, 0, 0.831201, 1.50455, 0.00084, 
0, 0, 1.51654, 1.7571, 0.001581, 
0, 0, 1.34177, 1.93639, 0.000723, 
0, 0, 1.38428, 1.47006, 0.000775, 
0, 0, 0.863213, 1.50155, 0.000825, 
0, 0, 1.47191, 2.91835, 0.000769, 
0, 0, 0.884685, 1.59641, 0.001032, 
0, 0, 0.83729, 1.37224, 0.000692, 
0.162739, 0, 0.826481, 1.64396, 0.000955, 
0, 0, 0.847775, 1.45311, 0.000891, 
0, 0, 0.933875, 1.52932, 0.000661, 
0, 0, 0.887107, 1.47009, 0.000522, 
0, 0, 0.866007, 1.40046, 0.000594, 
0, 0, 0.94737, 1.75423, 0.00084, 
0, 0, 0.80373, 1.38957, 0.000997, 
0, 0, 1.44946, 2.31252, 0.000828, 
0, 0, 1.47691, 2.87335, 0.001112, 
0, 0, 0.937978, 1.55973, 0.000891, 
0.050258, 0, 0.842273, 1.49837, 0.000596, 
0, 0, 0.842145, 1.47119, 0.000666, 
0, 0, 0.880411, 1.59087, 0.000696, 
0, 0, 0.890331, 1.4933, 0.001232, 
0, 0, 0.86373, 1.56672, 0.000647, 
0, 0, 1.39872, 1.98067, 0.000655, 
0, 0, 0.847502, 1.44998, 0.00072, 
0, 0, 0.900747, 1.47385, 0.000577, 
0, 0, 1.42599, 2.67969, 0.000969, 
0, 0, 0.885068, 1.45184, 0.00107, 
0.084757, 0, 0.838011, 1.43335, 0.000855, 
0, 0, 0.858834, 1.49804, 0.000741, 
0, 0, 0.870272, 1.65043, 0.000598, 
0, 0, 0.831645, 1.4325, 0.000627, 
0, 0, 0.884777, 1.54934, 0.000733, 
0, 0, 0.864023, 1.4447, 0.000938, 
0, 0, 0.855701, 1.48597, 0.00073, 
0, 0, 0.827236, 1.4786, 0.000597, 
0, 0, 0.888744, 1.53064, 0.000766, 
0, 0, 1.38587, 2.29635, 0.000906, 
0.212912, 0, 1.49551, 3.13322, 0.00127, 
0, 0, 0.829128, 1.42211, 0.00072, 
0, 0, 0.838308, 1.64718, 0.00063, 
0, 0, 1.45927, 3.06658, 0.001266, 
0, 0, 0.912463, 1.81791, 0.00087, 
0, 0, 0.854419, 1.4113, 0.000682, 
0, 0, 0.785271, 1.43506, 0.000392, 
0, 0, 0.882382, 1.61875, 0.001186, 
0, 0, 0.801855, 1.54463, 0.000699, 
0.014027, 0, 1.36376, 1.83265, 0.000924, 
0, 0, 1.03591, 1.67221, 0.001097, 
0, 0, 0.83153, 1.43169, 0.000887, 
0, 0, 0.831995, 1.54188, 0.000677, 
0, 0, 0.849408, 1.51627, 0.001654, 
0, 0, 0.829258, 1.50994, 0.000944, 
0, 0, 0.803913, 1.41985, 0.000592, 
0, 0, 0.90795, 1.71909, 0.000765, 
0, 0, 0.865466, 1.37343, 0.000567, 
0, 0, 0.819646, 1.50842, 0.000595, 
0, 0, 0.838536, 1.43025, 0.000655, 
0, 0, 0.871858, 1.67318, 0.000741, 
0.125413, 0, 0.823276, 1.46949, 0.000535, 
0, 0, 0.828789, 1.53843, 0.000712, 
0, 0, 0.854324, 1.40531, 0.001129, 
0, 0, 0.841696, 1.52808, 0.000789, 
0, 0, 1.01529, 1.62895, 0.000703, 
0, 0, 1.37918, 2.72358, 0.001056, 
0, 0, 1.14643, 1.44682, 0.00073, 
0, 0, 1.42388, 2.78256, 0.001262, 
0.058146, 0, 0.818459, 1.50105, 0.000748, 
0, 0, 1.3537, 2.70387, 0.000983, 
0, 0, 0.828419, 1.69394, 0.00049, 
0, 0, 0.826224, 1.3536, 0.000585, 
0, 0, 1.14232, 1.50502, 0.000665, 
0, 0, 0.842947, 1.53341, 0.000687, 
0, 0, 0.851844, 1.54808, 0.000803, 
0, 0, 0.837669, 1.40358, 0.000579, 
0, 0, 0.849269, 1.64508, 0.000596, 
0, 0, 0.870943, 1.58301, 0.001032, 
0, 0, 0.75049, 1.27165, 0.001052, 
0.052411, 0, 0.817916, 1.53383, 0.000745, 
0, 0, 0.865102, 1.66386, 0.000969, 
0, 0, 0.810646, 1.42026, 0.000714, 
0, 0, 0.818921, 1.45707, 0.001106, 
0, 0, 0.877232, 1.61986, 0.000729, 
0, 0, 0.84269, 1.58169, 0.000591, 
0, 0, 0.830833, 1.51066, 0.000797, 
0, 0, 0.855954, 1.53602, 0.000564, 
0, 0, 0.79238, 1.45384, 0.000784, 
0, 0, 0.834025, 1.4446, 0.000668, 
0.197568, 0, 1.41259, 2.8783, 0.001125, 
0, 0, 0.784898, 1.46129, 0.000779, 
0, 0, 1.4055, 1.92462, 0.000896, 
0, 0, 1.40682, 2.68932, 0.001044, 
0, 0, 0.870015, 1.59619, 0.000776, 
0, 0, 0.832531, 1.4681, 0.000787, 
0, 0, 0.813409, 1.34855, 0.000538, 
0, 0, 0.84062, 1.50488, 0.000761, 
0, 0, 0.832007, 1.47422, 0.000689, 
0.013959, 0, 1.40532, 2.47606, 0.000771, 
0, 0, 0.807151, 1.45827, 0.000693, 
0, 0, 0.825524, 1.43246, 0.001059, 
0, 0, 0.823943, 1.64944, 0.000811, 
0, 0, 0.906736, 1.79951, 0.002401, 
0, 0, 1.39078, 2.13805, 0.000722, 
0, 0, 0.806716, 1.41294, 0.000596, 
0, 0, 0.851431, 1.61754, 0.001506, 
0, 0, 0.827513, 1.42124, 0.000539, 
0, 0, 0.803594, 1.58325, 0.000491, 
0, 0, 0.856066, 1.55377, 0.00077, 
0.125192, 0, 0.781822, 1.36318, 0.001619, 
0, 0, 0.946353, 1.64779, 0.000714, 
0, 0, 0.853985, 1.48004, 0.000677, 
0, 0, 0.844054, 1.51109, 0.001037, 
0, 0, 0.85809, 1.47696, 0.000816, 
0, 0, 0.828698, 1.3957, 0.000497, 
0, 0, 0.806237, 1.528, 0.000833, 
0, 0, 0.817452, 1.45312, 0.000694, 
0, 0, 1.02661, 1.50544, 0.000569, 
0, 0, 0.859356, 1.47771, 0.00066, 
0.054677, 0, 0.796936, 1.50836, 0.000618, 
0, 0, 0.823764, 1.62223, 0.000595, 
0, 0, 0.819621, 1.40601, 0.001279, 
0, 0, 0.866987, 1.51025, 0.001086, 
0, 0, 0.845245, 1.4532, 0.000632, 
0, 0, 0.814344, 1.46776, 0.00054, 
0, 0, 0.816211, 1.45413, 0.001111, 
0, 0, 0.796908, 1.38526, 0.000686, 
0, 0, 0.813616, 1.4814, 0.000571, 
0, 0, 1.3736, 2.64137, 0.001398, 
0.081328, 0, 0.934786, 1.52807, 0.000758, 
0, 0, 0.783624, 1.2401, 0.000467, 
0, 0, 1.38445, 2.67418, 0.001013, 
0, 0, 0.813383, 1.55194, 0.000997, 
0, 0, 1.37362, 2.28077, 0.00061, 
0, 0, 0.86113, 1.41003, 0.000561, 
0, 0, 0.840734, 1.77341, 0.000602, 
0, 0, 0.897853, 1.59961, 0.000538, 
0, 0, 0.893202, 1.60514, 0.000739, 
0, 0, 0.828422, 1.56443, 0.001014, 
0.12421, 0, 0.813603, 1.52963, 0.000606, 
0, 0, 0.765575, 1.25421, 0.001442, 
0, 0, 0.844136, 1.47311, 0.001067, 
0, 0, 0.925016, 1.75672, 0.001047, 
0, 0, 0.844425, 1.37159, 0.000878, 
0, 0, 0.846754, 1.65796, 0.000711, 
0, 0, 1.41221, 2.71456, 0.001039, 
0, 0, 1.37068, 2.20432, 0.000624, 
0, 0, 1.34089, 2.59586, 0.001075, 
0.013149, 0, 1.37983, 2.60256, 0.001104, 
0, 0, 0.832951, 1.46183, 0.00083, 
0, 0, 0.880548, 1.52249, 0.001035, 
0, 0, 0.853889, 1.50612, 0.000596, 
0, 0, 0.85609, 1.58829, 0.001699, 
0, 0, 1.42002, 2.6421, 0.00189, 
0, 0, 1.36243, 2.92835, 0.001494, 
0, 0, 1.39993, 2.60861, 0.001141, 
0, 0, 1.39576, 2.67575, 0.001052, 
0, 0, 1.41161, 2.83159, 0.001089, 
0, 0, 1.36058, 2.70599, 0.001152, 
0.195253, 0, 1.46331, 2.80488, 0.001468, 
0, 0, 1.25039, 2.44591, 0.001085, 
0, 0, 0.809685, 1.50591, 0.00064, 
0, 0, 1.34398, 2.51318, 0.001001, 
0, 0, 0.801728, 1.38559, 0.000767, 
0, 0, 0.811056, 1.4524, 0.00054, 
0, 0, 0.823761, 1.77508, 0.000594, 
0, 0, 0.771725, 1.4389, 0.000927, 
0, 0, 0.781244, 1.44593, 0.000653, 
0.085369, 0, 1.40159, 2.71494, 0.001563, 
0, 0, 0.834805, 1.46265, 0.000726, 
0, 0, 1.35795, 2.51551, 0.000641, 
0, 0, 0.736213, 1.35453, 0.00051, 
0, 0, 1.3248, 2.05655, 0.00092, 
0, 0, 1.39814, 2.68863, 0.001048, 
0, 0, 0.790624, 1.56375, 0.000997, 
0, 0, 0.78041, 1.49993, 0.00065, 
0, 0, 0.821162, 1.44277, 0.000541, 
0, 0, 0.780708, 1.39497, 0.001175, 
0, 0, 0.856722, 1.62939, 0.000783, 
0.073437, 0, 0.829085, 1.38161, 0.001387, 
0, 0, 0.851102, 1.49656, 0.000892, 
0, 0, 0.790815, 1.52331, 0.000926, 
0, 0, 1.28734, 2.42175, 0.001175, 
0, 0, 1.37191, 2.63372, 0.001263, 
0, 0, 1.36674, 2.55689, 0.001181, 
0, 0, 1.38747, 2.68929, 0.001116, 
0, 0, 1.39605, 2.52464, 0.001123, 
0, 0, 1.41658, 2.65204, 0.001139, 
0, 0, 1.33028, 2.59203, 0.001263, 
0.191507, 0, 1.15537, 1.59971, 0.000781, 
0, 0, 0.832296, 1.4983, 0.000499, 
0, 0, 0.84462, 1.39946, 0.000712, 
0, 0, 0.838875, 1.43371, 0.000696, 
0, 0, 0.920314, 1.88871, 0.000724, 
0, 0, 0.835701, 1.52238, 0.000788, 
0, 0, 1.32444, 2.57149, 0.001042, 
0, 0, 0.846856, 1.51191, 0.000725, 
0, 0, 0.828066, 1.57055, 0.000596, 
0.010796, 0, 0.85313, 1.74494, 0.000605, 
0, 0, 0.83649, 1.62034, 0.000634, 
0, 0, 0.8173, 1.55109, 0.000609, 
0, 0, 0.904635, 1.69029, 0.000749, 
0, 0, 1.54194, 1.65139, 0.001, 
0, 0, 1.41961, 2.61186, 0.00115, 
0, 0, 0.833472, 1.60894, 0.000814, 
0, 0, 0.864475, 1.52691, 0.00074, 
0, 0, 0.809347, 1.44761, 0.001878, 
0, 0, 0.815546, 1.33508, 0.000745, 
0, 0, 1.39069, 2.71301, 0.001328, 
0.1947, 0, 0.95586, 1.3365, 0.001113, 
0, 0, 0.850853, 1.5571, 0.000767, 
0, 0, 0.73609, 1.31383, 0.000533, 
0, 0, 0.888454, 1.45866, 0.000701, 
0, 0, 1.10938, 1.64674, 0.000793, 
0, 0, 0.823004, 1.50335, 0.000611, 
0, 0, 0.882491, 1.62515, 0.00069, 
0, 0, 0.869373, 1.5376, 0.000844, 
0, 0, 0.790106, 1.3965, 0.000676, 
0, 0, 1.44154, 2.50317, 0.001092, 
0.056275, 0, 0.874642, 1.6331, 0.000952, 
0, 0, 1.31105, 2.38619, 0.001538, 
0, 0, 1.40389, 1.53237, 0.000897, 
0, 0, 1.25131, 2.33906, 0.001128, 
0, 0, 1.02239, 1.32918, 0.001057, 
0, 0, 0.871343, 1.59572, 0.000554, 
0, 0, 1.29731, 1.63921, 0.000529, 
0, 0, 0.808419, 1.37182, 0.000752, 
0, 0, 1.35433, 2.80577, 0.000931, 
0, 0, 1.24141, 2.40024, 0.000915, 
0.090148, 0, 1.36675, 2.65835, 0.001365, 
0, 0, 0.851674, 1.42482, 0.000784, 
0, 0, 0.836559, 1.43527, 0.000593, 
0, 0, 0.847599, 1.54158, 0.000787, 
0, 0, 0.837489, 1.51941, 0.000578, 
0, 0, 0.854826, 1.55587, 0.00058, 
0, 0, 0.803593, 1.39909, 0.000756, 
0, 0, 0.807215, 1.45709, 0.000429, 
0, 0, 0.785937, 1.44194, 0.00093, 
0, 0, 0.86247, 1.66105, 0.001073, 
0, 0, 1.20537, 1.41524, 0.001219, 
0.135454, 0, 0.787042, 1.35889, 0.00063, 
0, 0, 0.770059, 1.32461, 0.000619, 
0, 0, 0.795904, 1.39928, 0.00091, 
0, 0, 0.858704, 1.55179, 0.000586, 
0, 0, 0.849655, 1.51766, 0.000604, 
0, 0, 0.776296, 1.38644, 0.000606, 
0, 0, 0.883025, 1.52201, 0.000886, 
0, 0, 0.748938, 1.30314, 0.000646, 
0.011392, 0, 0.801117, 1.36254, 0.000898, 
0, 0, 1.29936, 3.0191, 0.001295, 
0, 0, 1.09857, 1.33232, 0.000698, 
0, 0, 0.842303, 1.3624, 0.000912, 
0, 0, 0.836866, 1.40632, 0.002036, 
0, 0, 0.870429, 1.48718, 0.000723, 
0, 0, 0.849321, 1.46031, 0.000963, 
0, 0, 0.799464, 1.31969, 0.000667, 
0, 0, 0.793926, 1.30061, 0.000467, 
0, 0, 1.32174, 2.31602, 0.0014, 
0, 0, 1.40057, 1.97491, 0.000865, 
0.16943, 0, 0.830267, 1.40929, 0.000505, 
0, 0, 0.863778, 1.41121, 0.000659, 
0, 0, 0.854046, 1.68438, 0.000606, 
0, 0, 0.802884, 1.42332, 0.000777, 
0, 0, 0.880581, 1.43751, 0.000985, 
0, 0, 0.921414, 1.85466, 0.000659, 
0, 0, 0.832997, 1.44935, 0.000824, 
0, 0, 0.845479, 1.50466, 0.000463, 
0, 0, 0.894794, 1.78217, 0.000909, 
0, 0, 0.85267, 1.45746, 0.000944, 
0.054774, 0, 0.842312, 1.52979, 0.000904, 
0, 0, 0.851754, 1.59442, 0.001018, 
0, 0, 0.905401, 1.52555, 0.000612, 
0, 0, 0.869536, 1.39031, 0.0005, 
0, 0, 0.771445, 1.39837, 0.001191, 
0, 0, 0.80828, 1.32978, 0.001061, 
0, 0, 0.797753, 1.33915, 0.00056, 
0, 0, 0.810351, 1.35301, 0.000603, 
0, 0, 1.43828, 2.47254, 0.001175, 
0, 0, 1.29534, 2.14768, 0.001349, 
0.079859, 0, 1.35924, 1.45191, 0.00063, 
0, 0, 1.45548, 2.56072, 0.001016, 
0, 0, 1.55252, 3.22423, 0.001221, 
0, 0, 1.44817, 2.54913, 0.000833, 
0, 0, 1.46301, 2.88876, 0.001055, 
0, 0, 0.847994, 1.50939, 0.000722, 
0, 0, 0.801416, 1.55263, 0.000731, 
0, 0, 0.829639, 1.51755, 0.000676, 
0, 0, 0.842345, 1.48767, 0.000614, 
0, 0, 0.796308, 1.49903, 0.000657, 
0.197681, 0, 1.38309, 2.56959, 0.001162, 
0, 0, 0.896732, 1.38321, 0.001536, 
0, 0, 0.830129, 1.47653, 0.000547, 
0, 0, 1.25192, 1.55486, 0.000944, 
0, 0, 0.841302, 1.50255, 0.000601, 
0, 0, 0.890882, 1.40311, 0.000635, 
0, 0, 0.879771, 1.45343, 0.000598, 
0, 0, 0.918055, 1.71725, 0.000595, 
0, 0, 0.839406, 1.4446, 0.000634, 
0, 0, 0.806567, 1.46355, 0.000915, 
0.011786, 0, 0.883695, 1.67632, 0.000989, 
0, 0, 0.869129, 1.52597, 0.000934, 
0, 0, 0.824091, 1.3485, 0.000558, 
0, 0, 0.886218, 1.57252, 0.001983, 
0, 0, 0.828822, 1.47827, 0.000748, 
0, 0, 0.883447, 1.54457, 0.000653, 
0, 0, 0.835383, 1.47551, 0.00097, 
0, 0, 0.868675, 1.53047, 0.000768, 
0, 0, 0.81671, 1.46805, 0.001068, 
0, 0, 1.3988, 2.52931, 0.001295, 
0.191869, 0, 1.36103, 1.45139, 0.00096, 
0, 0, 0.803747, 1.41699, 0.000392, 
0, 0, 0.842029, 1.49677, 0.000733, 
0, 0, 1.49245, 2.56933, 0.001226, 
0, 0, 0.823996, 1.44259, 0.000578, 
0, 0, 1.41042, 2.44832, 0.001494, 
0, 0, 1.46443, 2.42947, 0.000713, 
0, 0, 0.857437, 1.60527, 0.000574, 
0, 0, 1.45748, 2.61547, 0.001035, 
0, 0, 1.05543, 1.469, 0.000984, 
0.076485, 0, 0.949399, 1.43612, 0.000618, 
0, 0, 0.843121, 1.50411, 0.000843, 
0, 0, 0.810155, 1.38232, 0.000611, 
0, 0, 0.957504, 1.62948, 0.001147, 
0, 0, 0.858509, 1.60466, 0.000584, 
0, 0, 0.986908, 2.16434, 0.001195, 
0, 0, 0.84229, 1.50972, 0.000702, 
0, 0, 0.877882, 1.48288, 0.000577, 
0, 0, 0.839889, 1.41615, 0.000948, 
0, 0, 0.877326, 1.59108, 0.000717, 
0.054126, 0, 0.899682, 1.77039, 0.000679, 
0, 0, 1.10034, 1.52811, 0.000605, 
0, 0, 0.875091, 1.55246, 0.000603, 
0, 0, 0.864764, 1.42711, 0.000593, 
0, 0.058863, 2.19597, 1.67677, 0.000756, 
0, 0, 2.12124, 1.75145, 0.000783, 
0, 0, 2.09573, 1.67051, 0.000747, 
0, 0, 2.1879, 1.70737, 0.000746, 
0, 0, 3.69813, 2.97116, 0.001092, 
0, 0, 2.57574, 1.65761, 0.000872, 
0.127643, 0, 2.12664, 1.55569, 0.001093, 
0, 0, 2.27619, 1.59067, 0.000825, 
0, 0, 2.10016, 1.65918, 0.000504, 
0, 0, 3.60429, 3.07774, 0.001164, 
0, 0, 2.85921, 1.67155, 0.000827, 
0, 0, 3.51076, 2.95076, 0.001004, 
0, 0, 2.00115, 1.67978, 0.000549, 
0, 0, 2.29616, 1.67243, 0.000581, 
0, 0, 2.09696, 2.18956, 0.000934, 
0.022841, 0, 3.54021, 3.25669, 0.001227, 
0, 0, 3.60897, 2.17183, 0.001041, 
0, 0, 2.11949, 1.98335, 0.000581, 
0, 0, 2.15619, 1.89639, 0.000616, 
0, 0, 3.78876, 3.95282, 0.002225, 
0, 0, 2.2862, 2.15756, 0.001305, 
0, 0, 2.12931, 1.96227, 0.000687, 
0, 0, 3.7095, 2.38218, 0.00071, 
0, 0, 2.14927, 1.62864, 0.000593, 
0, 0, 2.15271, 1.29681, 0.000505, 
0, 0, 2.13842, 1.34077, 0.000692, 
0.231709, 0, 2.17525, 1.41462, 0.000873, 
0, 0, 2.14632, 1.33005, 0.000576, 
0, 0, 3.62302, 2.3081, 0.001209, 
0, 0, 3.64669, 2.2764, 0.001123, 
0, 0, 3.0269, 1.33588, 0.001076, 
0, 0, 2.12604, 1.43667, 0.001493, 
0, 0, 3.6653, 3.00158, 0.001192, 
0, 0, 2.17252, 1.66531, 0.001433, 
0, 0, 2.12147, 1.66029, 0.000752, 
0, 0, 2.39987, 1.69575, 0.000772, 
0.18551, 0, 2.10378, 1.7426, 0.000769, 
0, 0, 2.1418, 1.74669, 0.000613, 
0, 0, 3.62767, 2.56352, 0.000608, 
0, 0, 3.63512, 2.9884, 0.001592, 
0, 0.091513, 3.52467, 2.04041, 0.000819, 
0, 0, 3.1324, 1.78708, 0.000628, 
0, 0, 2.07585, 1.57454, 0.000535, 
0, 0, 2.06274, 1.5754, 0.000519, 
0, 0, 2.08206, 1.61732, 0.000548, 
0, 0, 2.14411, 1.67502, 0.000764, 
0.157235, 0, 2.09484, 1.6298, 0.000871, 
0, 0, 2.16421, 1.64725, 0.000652, 
0, 0, 3.69906, 3.22839, 0.001025, 
0, 0, 3.11589, 1.84468, 0.001031, 
0, 0, 3.49357, 2.48606, 0.000948, 
0, 0, 247.714, 1.81308, 0.001166, 
0, 0, 3.94379, 1.44684, 0.001299, 
0.203702, 0, 7.80089, 3.25727, 0.000946, 
0, 0, 7.57278, 4.004, 0.001236, 
0, 0, 5.57239, 2.35081, 0.000843, 
0, 0, 4.26646, 2.57944, 0.001443, 
0, 0, 7.46803, 1.94007, 0.000713, 
0, 0, 5.26721, 1.95534, 0.001194, 
0, 0, 5.12395, 1.99896, 0.00109, 
0.16782, 0, 5.29737, 1.96943, 0.000979, 
0, 0, 3.92269, 2.2817, 0.000693, 
0, 0.088072, 3.70164, 3.80416, 0.001033, 
0, 0.102015, 3.29147, 1.70011, 0.000706, 
0, 0.081908, 3.6166, 2.67948, 0.000881, 
0, 0.050423, 1.98464, 2.2387, 0.000907, 
0, 0.056218, 2.10101, 2.32395, 0.000945, 
0, 0.054328, 2.17617, 2.06437, 0.000779, 
0, 0.061328, 2.1467, 2.17921, 0.000588, 
0.144269, 0.060407, 1.97325, 2.5513, 0.000538, 
0, 0.051805, 2.09733, 1.84571, 0.001127, 
0, 0.053999, 2.07445, 1.72995, 0.00106, 
0, 0.088954, 2.37911, 1.57017, 0.001163, 
0, 0.056211, 2.15653, 2.34871, 0.000713, 
0, 0.051031, 2.04718, 2.19578, 0.000494, 
0, 0.068135, 2.0806, 2.75866, 0.000665, 
0, 0.052127, 2.0917, 2.64954, 0.001232, 
0, 0.063085, 1.9585, 2.67641, 0.000636, 
0, 0.08864, 3.51582, 4.43972, 0.000659, 
0.181043, 0.061339, 2.06908, 2.26747, 0.000443, 
0, 0.050977, 2.0896, 2.1952, 0.000529, 
0, 0.083328, 3.56188, 6.4761, 0.001067, 
0, 0.062141, 2.13204, 2.40001, 0.000623, 
0, 0.064106, 2.07718, 1.87446, 0.000461, 
0, 0.053102, 2.10637, 1.50144, 0.000671, 
0, 0.088951, 3.27004, 3.34189, 0.000921, 
0, 0.04818, 1.94233, 1.80049, 0.000864, 
0, 0.086237, 3.42939, 2.77659, 0.000514, 
0, 0.052529, 2.02422, 1.92758, 0.00097, 
0.3198, 0.072102, 2.02353, 1.99234, 0.001108, 
0, 0.0545, 1.95643, 1.939, 0.000625, 
0, 0.056022, 1.95586, 2.04429, 0.000677, 
0, 0.054478, 2.00809, 1.95441, 0.00067, 
0, 0.064505, 1.9709, 3.06748, 0.000408, 
0, 0.051133, 2.05842, 1.86547, 0.000776, 
0, 0.0555, 1.95914, 1.76134, 0.000963, 
0, 0.075435, 2.00793, 1.78186, 0.000554, 
0, 0.05497, 1.90784, 2.14618, 0.000781, 
0.02304, 0.088156, 3.1523, 2.12125, 0.0011, 
0, 0.176331, 1.94708, 2.07325, 0.000491, 
0, 0.172962, 1.97415, 1.77563, 0.000538, 
0, 0.052299, 1.94437, 2.28642, 0.000689, 
0, 0.056022, 2.01445, 2.43585, 0.000808, 
0, 0.287955, 2.04181, 2.21404, 0.001083, 
0, 0.269349, 1.97927, 2.51062, 0.000857, 
0, 0.262748, 1.95056, 2.07055, 0.000899, 
0, 0.447867, 3.32008, 4.6156, 0.001166, 
0, 0.433997, 3.29585, 4.4542, 0.001021, 
0.423034, 0.412474, 2.12262, 3.06679, 0.000675, 
0, 0.228348, 1.98442, 2.82803, 0.000495, 
0, 0.459992, 2.03759, 2.17294, 0.000587, 
0, 0.765875, 2.09025, 3.97582, 0.000602, 
0, 0.451145, 1.99516, 3.50425, 0.000595, 
0, 0.448372, 2.04948, 3.45897, 0.000625, 
0, 0.693171, 1.97645, 2.28872, 0.000607, 
0, 0.740035, 2.07016, 2.21515, 0.00067, 
0, 0.745284, 2.0877, 3.83828, 0.000756, 
0.142273, 0.709257, 2.00241, 3.61178, 0.000782, 
0, 1.09356, 3.12936, 2.66913, 0.000735, 
0, 0.674, 2.07758, 2.30261, 0.000582, 
0, 0.689012, 2.0899, 3.89404, 0.00068, 
0, 0.670089, 2.08009, 2.59909, 0.000612, 
0, 0.414142, 2.05168, 1.88181, 0.00044, 
0, 0.396755, 2.06516, 1.84814, 0.00058, 
0, 0.410616, 2.08617, 2.40075, 0.000745, 
0, 0.420314, 2.1632, 2.48471, 0.000763, 
0, 2.01314, 2.77078, 1.80438, 0.000724, 
0.129436, 1.09466, 2.26689, 1.95654, 0.000739, 
0, 0, 2.26666, 1.75474, 0.000939, 
0, 0, 2.33511, 1.63036, 0.000701, 
0, 0, 3.6718, 2.69357, 0.000914, 
0, 0, 3.19147, 2.60264, 0.000931, 
0, 0, 2.2266, 2.52799, 0.000539, 
0, 0, 2.26421, 2.56011, 0.000787, 
0, 0, 2.177, 1.80546, 0.001107, 
0, 0, 2.24764, 1.75575, 0.000673, 
0, 0, 2.3941, 2.54075, 0.000729, 
0, 0, 2.26476, 1.57004, 0.000793, 
0, 0, 2.1768, 1.78431, 0.000817, 
0.263224, 0, 2.20535, 1.80745, 0.000541, 
0, 0, 2.24878, 3.36824, 0.001085, 
0, 0, 2.22879, 2.21032, 0.000548, 
0, 0, 2.22304, 1.80282, 0.000457, 
0, 0, 2.22547, 1.73738, 0.000836, 
0, 0, 2.06781, 2.39979, 0.000669, 
0, 0, 2.05024, 2.38503, 0.00042, 
0, 0, 2.26384, 1.88482, 0.000739, 
0.073781, 0, 2.15865, 1.85665, 0.00086, 
0, 0, 2.23977, 1.54586, 0.000957, 
0, 0, 2.32664, 1.80814, 0.001014, 
0, 0, 3.82631, 3.43672, 0.001078, 
0, 0, 2.32016, 2.33879, 0.000649, 
0, 0, 2.11539, 2.23262, 0.000975, 
0, 0, 3.66448, 2.81183, 0.001053, 
0, 0, 2.09758, 2.19162, 0.000755, 
0, 0, 2.09267, 1.95348, 0.000774, 
0, 0, 1.84996, 2.39161, 0.000638, 
0.359905, 0, 1.92642, 2.11838, 0.000605, 
0, 0, 1.8636, 1.88971, 0.000787, 
0, 0, 1.90139, 2.15438, 0.000584, 
0, 0, 2.02197, 2.6433, 0.00078, 
0, 0, 2.78997, 2.51016, 0.000896, 
0, 0.984499, 1.91278, 4.01093, 0.000738, 
0, 0, 2.00074, 2.37729, 0.000633, 
0, 0, 1.89378, 1.85176, 0.000706, 
0, 0, 2.03017, 3.2871, 0.000726, 
0, 0, 1.85097, 2.99408, 0.000692, 
0.172991, 0, 1.94254, 2.99048, 0.000836, 
0, 0, 1.78562, 1.83093, 0.000587, 
0, 0, 1.9591, 2.37412, 0.000709, 
0, 0, 1.76728, 2.15934, 0.000899, 
0, 0, 1.76925, 2.43668, 0.000602, 
0, 0, 2.15946, 1.81763, 0.000515, 
0, 0, 2.60388, 1.17392, 0.000431, 
0, 0, 2.80941, 1.15812, 0.000571, 
0, 0, 3.37907, 2.26099, 0.001029, 
0, 0, 2.36477, 1.79631, 0.000701, 
0.130047, 0, 2.06615, 1.53801, 0.000933, 
0, 0, 2.04717, 1.52118, 0.000537, 
0, 0, 2.07744, 1.50371, 0.000499, 
0, 0, 2.19509, 1.54754, 0.000599, 
0, 0, 2.23898, 1.85325, 0.000883, 
0, 0, 2.26108, 1.81965, 0.000698, 
0, 0, 1.73636, 1.84356, 0.00048, 
0, 0, 2.13027, 1.42748, 0.000575, 
0, 0, 1.69611, 2.67029, 0.000839, 
0, 0, 1.81827, 2.08713, 0.000562, 
0.186881, 0, 1.99627, 1.52417, 0.000591, 
0, 0, 2.85846, 3.26632, 0.001021, 
0, 0, 2.86246, 2.51422, 0.000702, 
0, 0, 2.17501, 2.45272, 0.000538, 
0, 0, 1.99716, 1.6765, 0.001227, 
0, 0, 1.93341, 1.9581, 0.000734, 
0, 0, 1.67708, 1.14677, 0.00058, 
0, 0, 1.79809, 2.42596, 0.000633, 
0, 0, 1.78774, 2.28274, 0.000686, 
0.031813, 0, 1.69572, 1.63717, 0.000458, 
0, 0, 1.87028, 1.65089, 0.000539, 
0, 0, 1.74809, 1.52851, 0.000693, 
0, 0, 1.853, 2.052, 0.000908, 
0, 0.25871, 2.26199, 1.7058, 0.000919, 
0, 0, 2.24459, 1.7396, 0.001139, 
0, 0, 2.48254, 4.59115, 0.001254, 
0, 0, 2.15981, 2.68516, 0.000834, 
0, 0, 2.25535, 2.22538, 0.000593, 
0, 0, 2.06596, 1.65739, 0.000557, 
0.329752, 0, 3.76548, 3.55829, 0.001044, 
0, 0, 2.3241, 2.8975, 0.000971, 
0, 0, 3.77815, 3.03076, 0.001109, 
0, 0, 2.30746, 1.61801, 0.00074, 
0, 0, 3.7782, 3.56645, 0.001081, 
0, 0, 3.74932, 5.84401, 0.000796, 
0, 0, 2.192, 2.64274, 0.000525, 
0, 0, 2.20089, 2.2176, 0.000529, 
0, 0, 2.27378, 2.32921, 0.000742, 
0.105286, 0, 2.30117, 1.52257, 0.000527, 
0, 0, 2.30169, 1.26117, 0.00061, 
0, 0, 2.31738, 2.25759, 0.000663, 
0, 0, 2.31724, 2.21691, 0.001, 
0, 0, 2.28094, 2.19065, 0.000571, 
0, 0, 2.31453, 2.53803, 0.000918, 
0, 0, 2.32907, 3.13201, 0.000567, 
0, 0, 2.32332, 2.05966, 0.001023, 
0, 0, 3.16807, 5.30296, 0.001032, 
0, 0, 3.26737, 3.8976, 0.000608, 
0.105671, 0, 3.29679, 6.3657, 0.001099, 
0, 0, 3.85496, 9.944, 0.000776, 
0, 0, 3.33076, 16.5805, 0.001134, 
0, 0, 4.55518, 363.277, 0.000816, 
0, 0.181246, 2.35994, 2.60814, 0.000831, 
0.186103, 0.182662, 2.12522, 2.93713, 0.000742, 
0, 0.184903, 2.13113, 2.91668, 0.001128, 
0, 0.317736, 3.37568, 6.22012, 0.001186, 
0, 0.306979, 3.36583, 5.32316, 0.00129, 
0, 0.175844, 2.73563, 17.713, 0.000745, 
0, 0.174424, 2.05455, 3.8601, 0.001, 
0, 0.272966, 2.2729, 3.55592, 0.001001, 
0.191314, 0.052908, 1.82939, 3.29505, 0.000477, 
0, 0.054442, 1.7994, 3.26575, 0.000746, 
0, 0.187316, 2.06571, 3.53278, 0.000535, 
0, 0.181727, 1.99129, 3.60339, 0.000724, 
0, 0.175186, 2.04973, 3.28039, 0.001011, 
0, 0.062352, 2.13671, 2.93036, 0.000827, 
0, 0.054501, 2.02668, 2.98786, 0.000635, 
0, 0.256747, 1.92203, 3.22806, 0.000636, 
0, 0.258885, 1.99845, 2.76386, 0.000471, 
0, 0.261355, 2.10201, 5.55873, 0.001373, 
0, 0.271647, 2.12516, 5.88773, 0.000644, 
0.238029, 0.258941, 2.01121, 4.58563, 0.000554, 
0, 0.255299, 2.00764, 4.55081, 0.000901, 
0, 0.222712, 2.03419, 4.69487, 0.000648, 
0, 0.249428, 2.0373, 4.59424, 0.000785, 
0, 0.226628, 2.15381, 7.66461, 0.001203, 
0, 0.224202, 2.20453, 8.02068, 0.000583, 
0, 0.239662, 1.99159, 5.86665, 0.000632, 
0, 0.217141, 2.06693, 5.67475, 0.000906, 
0, 0.527287, 1.9631, 3.0794, 0.00096, 
0.127906, 0.516165, 2.39256, 2.93367, 0.000712, 
0, 0.507165, 2.14573, 3.01907, 0.000831, 
0, 0.631194, 2.00809, 2.04323, 0.000793, 
0, 1.28209, 2.34366, 3.28241, 0.001052, 
0, 1.28225, 2.35266, 2.72491, 0.000949, 
0, 1.28195, 2.17737, 3.04332, 0.000571, 
0, 1.55385, 2.97147, 1.8613, 0.000908, 
0, 1.40584, 2.06043, 1.82889, 0.000965, 
0, 1.33848, 2.07253, 1.67959, 0.000948, 
0, 2.03518, 2.27259, 1.77505, 0.001146, 
0, 1.99266, 2.24006, 1.78915, 0.000658, 
0.209779, 1.94061, 2.07986, 0.954552, 0.000535, 
0, 1.28852, 1.95473, 1.15675, 0.000687, 
0, 1.33108, 2.0264, 1.15521, 0.000629, 
0, 1.69811, 2.08241, 1.15008, 0.001682, 
0, 2.96859, 3.05302, 1.11475, 0.001507, 
0, 1.70631, 2.00181, 1.15337, 0.002028, 
0, 72.3792, 14.4321, 0.849817, 0.001083, 
0, 0.016066, 0.57372, 0.269266, 0.001157, 
0.262357, 0.037772, 0.568747, 0.279141, 0.001134, 
0, 0.035825, 0.565759, 0.253531, 0.000667, 
0, 0.036349, 0.573759, 0.337499, 0.000876, 
0, 0.031411, 0.533286, 0.25549, 0.000608, 
0, 0.03616, 0.498283, 0.320574, 0.000625, 
0, 0.044157, 0.453763, 0.258255, 0.000783, 
0.406042, 0.037103, 0.458209, 0.261985, 0.000676, 
0, 0.050004, 0.767979, 0.435385, 0.001041, 
0, 0.056289, 0.793163, 0.453335, 0.001442, 
0, 0.05592, 0.790337, 0.413629, 0.001224, 
0, 0.039866, 0.445897, 0.286208, 0.001301, 
0, 0.037172, 0.439579, 0.267958, 0.000691, 
0, 0.043665, 0.788929, 0.438953, 0.001478, 
0, 0.036007, 0.490551, 0.261711, 0.001043, 
0, 0.053991, 0.806915, 0.421393, 0.001054, 
0, 0.050432, 0.764787, 0.396523, 0.001361, 
0.510984, 0.037447, 0.453108, 0.261952, 0.000913, 
0, 0.041872, 0.678253, 0.351695, 0.000637, 
0, 0.035371, 0.486738, 0.25005, 0.000579, 
0, 0.046235, 0.47342, 0.275975, 0.00113, 
0, 0.049598, 0.493447, 0.331835, 0.000956, 
0, 0.054528, 0.787911, 0.433392, 0.001369, 
0, 0.045906, 0.788971, 0.39318, 0.000957, 
0, 0.043813, 0.794891, 0.385749, 0.000919, 
0, 0.041786, 0.762854, 0.388966, 0.000914, 
0, 0.055274, 0.790429, 0.43714, 0.001036, 
1.30491, 0.048562, 0.641111, 0.278343, 0.001036, 
0, 0.025701, 0.450169, 0.252773, 0.000589, 
0, 0.051227, 0.822477, 0.421114, 0.001015, 
0, 0.056614, 0.81337, 0.437587, 0.001216, 
0, 0.041241, 0.454275, 0.258709, 0.001018, 
0, 0.053246, 0.590893, 0.261042, 0.000724, 
0, 0.047542, 0.787281, 0.41496, 0.001136, 
0, 0.042147, 0.78388, 0.399918, 0.000915, 
0, 0.050448, 0.762549, 0.398255, 0.001073, 
0.110324, 0.041585, 0.727738, 0.384005, 0.00096, 
0, 0.04338, 0.723957, 0.385524, 0.000941, 
0, 0.044731, 0.417896, 0.267737, 0.001393, 
0, 0.05092, 0.74683, 0.392094, 0.001096, 
0, 0.052734, 0.429639, 0.274289, 0.001224, 
0, 0.052389, 0.472887, 0.271836, 0.001108, 
0, 0.050465, 0.762687, 0.423915, 0.00097, 
0, 0.046692, 0.712003, 0.397992, 0.001203, 
0, 0.055082, 0.739997, 0.411403, 0.001105, 
0, 0, 0.724461, 0.400541, 0.001187, 
0, 0, 0.423745, 0.269531, 0.001244, 
1.07476, 0, 0.749184, 0.394845, 0.000915, 
0, 0, 0.725493, 0.385397, 0.001025, 
0, 0, 0.722356, 0.374183, 0.001158, 
0, 0, 0.743336, 0.411262, 0.001228, 
0, 0, 0.737937, 0.412711, 0.001126, 
0, 0, 0.372883, 0.263492, 0.000983, 
0, 0, 0.613268, 0.423462, 0.000858, 
0, 0, 0.674063, 0.428833, 0.000941, 
0, 0, 0.685877, 0.410763, 0.000603, 
0, 0, 0.413229, 0.261819, 0.000882, 
0.350218, 0, 0.39341, 0.258477, 0.000658, 
0, 0, 0.376124, 0.27925, 0.000468, 
0, 0, 0.432246, 0.266013, 0.000732, 
0, 0, 0.392348, 0.2773, 0.000747, 
0, 0, 0.692071, 0.441641, 0.001682, 
0, 0, 0.437399, 0.262932, 0.000886, 
0, 0, 0.398524, 0.258971, 0.000621, 
0, 0, 0.362336, 0.261605, 0.000926, 
0, 0, 0.387535, 0.309168, 0.000949, 
0, 0, 0.398277, 0.258832, 0.001396, 
0.307479, 0, 0.358023, 0.298309, 0.000659, 
0, 0, 0.382526, 0.272343, 0.001175, 
0, 0, 0.659446, 0.440422, 0.001066, 
0, 0, 0.696332, 0.415134, 0.001444, 
0, 0, 0.576917, 0.275997, 0.001008, 
0, 0, 0.386078, 0.293905, 0.001012, 
0, 0, 0.376771, 0.29982, 0.001731, 
0, 0, 0.370773, 0.275856, 0.000802, 
0, 0, 0.370802, 0.270505, 0.000978, 
0, 0, 0.440307, 0.262312, 0.001215, 
0.476251, 0, 0.383267, 0.261369, 0.001235, 
0, 0, 0.351104, 0.266799, 0.00098, 
0, 0, 0.354287, 0.296222, 0.00069, 
0, 0, 0.387592, 0.283154, 0.000949, 
0, 0.039765, 0.421455, 0.416582, 0.001009, 
0, 0, 0.368944, 0.282903, 0.001287, 
0, 0, 0.341263, 0.262378, 0.000529, 
0, 0, 0.342102, 0.268027, 0.001008, 
0, 0, 0.34747, 0.294998, 0.000897, 
0.044935, 0, 0.365403, 0.257035, 0.000595, 
0, 0, 0.388478, 0.271581, 0.000784, 
0, 0, 0.347227, 0.259555, 0.000817, 
0, 0, 0.354612, 0.283447, 0.001101, 
0, 0, 0.388962, 0.297747, 0.001685, 
0, 0, 0.652633, 0.423417, 0.000989, 
0, 0, 0.635279, 0.288283, 0.000959, 
0, 0, 0.37845, 0.273593, 0.000639, 
0, 0, 0.3569, 0.284553, 0.00085, 
0, 0, 0.337618, 0.267146, 0.001095, 
0, 0, 0.365659, 0.272511, 0.000753, 
0.530881, 0, 0.398664, 0.361175, 0.000869, 
0, 0, 0.326503, 0.277186, 0.000664, 
0, 0, 0.372235, 0.264455, 0.000964, 
0, 0, 0.390563, 0.285831, 0.001164, 
0, 0, 0.35017, 0.316149, 0.001081, 
0, 0, 0.352901, 0.276903, 0.000693, 
0, 0, 0.632033, 0.432912, 0.001069, 
0, 0, 0.548601, 0.386436, 0.001055, 
0, 0, 0.341445, 0.276407, 0.000932, 
0.360377, 0, 0.39296, 0.269586, 0.000802, 
0, 0, 0.346995, 0.272683, 0.000736, 
0, 0, 0.617208, 0.426096, 0.000912, 
0, 0, 0.59277, 0.397341, 0.001024, 
0, 0, 0.616191, 0.410048, 0.001249, 
0, 0, 0.619977, 0.395069, 0.000945, 
0, 0, 0.597364, 0.385988, 0.001142, 
0, 0, 0.584274, 0.421502, 0.000821, 
0, 0, 0.345821, 0.273144, 0.000877, 
0, 0, 0.495202, 0.40505, 0.000931, 
0, 0, 0.361574, 0.26564, 0.000724, 
0.197592, 0, 0.344299, 0.258372, 0.000702, 
0, 0, 0.602312, 0.440413, 0.001147, 
0, 0, 0.598698, 0.425182, 0.000983, 
0, 0.057736, 0.509032, 0.277692, 0.001049, 
0, 0, 0.570989, 0.410524, 0.001129, 
0, 0, 0.32884, 0.286292, 0.001011, 
0, 0, 0.344894, 0.308529, 0.000555, 
0, 0, 0.413644, 0.454502, 0.00104, 
0, 0, 0.569252, 0.422202, 0.00121, 
0, 0, 0.426395, 0.284787, 0.000841, 
0.607308, 0, 0.316153, 0.261029, 0.000747, 
0, 0, 0.304172, 0.24881, 0.000425, 
0, 0, 0.344609, 0.291066, 0.001244, 
0, 0, 0.579412, 0.430945, 0.001015, 
0, 0, 0.568474, 0.423722, 0.001002, 
0, 0, 0.42461, 0.276734, 0.000867, 
0, 0, 0.355676, 0.266112, 0.000554, 
0, 0, 0.341041, 0.272849, 0.000542, 
0, 0, 0.323773, 0.269769, 0.000886, 
0.005032, 0, 0.31863, 0.289299, 0.000964, 
0, 0, 0.311488, 0.290876, 0.000808, 
0, 0, 0.579993, 0.416721, 0.00079, 
0, 0, 0.566945, 0.404632, 0.001211, 
0, 0, 0.368879, 0.300557, 0.001744, 
0, 0, 0.329051, 0.258222, 0.000764, 
0, 0, 0.345973, 0.28122, 0.00094, 
0, 0, 0.577378, 0.44952, 0.000973, 
0, 0, 0.310269, 0.265217, 0.000693, 
0, 0, 0.333719, 0.264491, 0.001044, 
0, 0, 0.514136, 0.34626, 0.001046, 
0, 0, 0.441812, 0.365229, 0.001052, 
0.615202, 0, 0.394625, 0.272648, 0.000842, 
0, 0, 0.322649, 0.290598, 0.001027, 
0, 0, 0.337074, 0.283065, 0.000716, 
0, 0, 0.33477, 0.290909, 0.001011, 
0, 0, 0.332191, 0.287924, 0.000624, 
0, 0, 0.506085, 0.361228, 0.001189, 
0.068469, 0, 0.335825, 0.281443, 0.000676, 
0, 0, 0.368488, 0.340642, 0.000802, 
0, 0, 0.320694, 0.251428, 0.000511, 
0, 0.051858, 0.459196, 0.266182, 0.000611, 
0, 0, 0.301717, 0.272175, 0.000441, 
0, 0, 0.328137, 0.268056, 0.000858, 
0, 0, 0.317302, 0.277786, 0.0008, 
0, 0, 0.337748, 0.279995, 0.000677, 
0, 0, 0.316043, 0.275135, 0.000549, 
0, 0, 0.338245, 0.264134, 0.000653, 
0, 0, 0.317461, 0.273815, 0.000671, 
0, 0, 0.345781, 0.267113, 0.00078, 
0.045465, 0, 0.307491, 0.26426, 0.000688, 
0, 0, 0.338619, 0.277029, 0.000903, 
0, 0, 0.311559, 0.265013, 0.000781, 
0, 0, 0.325453, 0.269139, 0.000694, 
0, 0, 0.333025, 0.280782, 0.000803, 
0, 0, 0.312003, 0.287395, 0.000684, 
0, 0, 0.343506, 0.370404, 0.000996, 
0, 0, 0.3227, 0.274678, 0.000613, 
0, 0, 0.315949, 0.347871, 0.001143, 
0, 0, 0.330407, 0.261772, 0.00049, 
0, 0, 0.329087, 0.259164, 0.000759, 
0.245174, 0, 0.309791, 0.25139, 0.000592, 
0, 0, 0.29598, 0.259213, 0.000572, 
0, 0, 0.31281, 0.284292, 0.000722, 
0, 0, 0.546561, 0.442894, 0.001417, 
0, 0, 0.309487, 0.282131, 0.000951, 
0, 0, 0.548028, 0.425376, 0.00113, 
0, 0, 0.530373, 0.393573, 0.001032, 
0, 0, 0.55757, 0.41961, 0.000831, 
0, 0, 0.31002, 0.27068, 0.00086, 
0, 0, 0.313052, 0.283434, 0.000646, 
0, 0, 0.288393, 0.266703, 0.001066, 
0, 0, 0.29183, 0.262669, 0.000605, 
0, 0, 0.300591, 0.28441, 0.00103, 
0, 0, 0.460196, 0.574577, 0.00189, 
0, 0, 0.291077, 0.272741, 0.000721, 
0, 0, 0.302056, 0.281261, 0.001109, 
0, 0, 0.291852, 0.288172, 0.000755, 
0, 0, 0.295307, 0.253788, 0.000741, 
0, 0, 0.447056, 0.371121, 0.001272, 
0, 0, 0.451082, 0.368821, 0.001193, 
0, 0, 0.424432, 0.381893, 0.001068, 
0.083752, 0, 0.281082, 0.335959, 0.001404, 
0, 0, 0.505768, 0.4454, 0.000942, 
0, 0.044391, 0.305772, 0.274045, 0.001059, 
0, 0, 0.300891, 0.30262, 0.000996, 
0, 0, 0.297422, 0.275959, 0.000814, 
0.005976, 0, 0.28021, 0.279331, 0.001165, 
0, 0, 0.29382, 0.267059, 0.000762, 
0, 0, 0.296971, 0.261548, 0.001051, 
0, 0, 0.503638, 0.429724, 0.001347, 
0, 0, 0.368651, 0.264484, 0.000851, 
0, 0, 0.277089, 0.262308, 0.000715, 
0, 0, 0.298138, 0.2748, 0.000657, 
0, 0, 0.29847, 0.277213, 0.000925, 
0, 0, 0.519372, 0.414546, 0.00103, 
0, 0, 0.504485, 0.41271, 0.001066, 
0, 0, 0.292336, 0.262462, 0.000866, 
0, 0, 0.306247, 0.265663, 0.000641, 
0, 0, 0.518729, 0.449086, 0.001073, 
0.005413, 0, 0.286403, 0.269618, 0.001603, 
0, 0, 0.323784, 0.293951, 0.000939, 
0, 0, 0.304476, 0.27048, 0.000801, 
0, 0, 0.305226, 0.274478, 0.000698, 
0, 0, 0.304201, 0.272294, 0.001203, 
0, 0, 0.507194, 0.433227, 0.001049, 
0, 0, 0.459306, 0.397048, 0.001063, 
0, 0, 0.466942, 0.440912, 0.001055, 
0, 0, 0.48037, 0.405051, 0.001075, 
0.021296, 0, 0.451079, 0.392842, 0.000952, 
0, 0, 0.410935, 0.426085, 0.001328, 
0, 0, 0.408553, 0.410028, 0.000921, 
0, 0, 0.394509, 0.418876, 0.000723, 
0, 0, 0.40315, 0.386772, 0.000932, 
0, 0, 0.343139, 0.266472, 0.000738, 
0, 0, 0.268831, 0.272186, 0.000679, 
0, 0, 0.391683, 0.377768, 0.001354, 
0, 0, 0.286192, 0.312902, 0.000812, 
0, 0, 0.478861, 0.440874, 0.001123, 
0, 0, 0.314763, 0.282409, 0.001395, 
0, 0, 0.481714, 0.404862, 0.000993, 
0, 0, 0.288789, 0.325066, 0.000842, 
0, 0, 0.276252, 0.369494, 0.00074, 
0, 0, 0.474536, 0.443877, 0.001373, 
0, 0, 0.311877, 0.307766, 0.001327, 
0, 0, 0.336811, 0.277787, 0.001042, 
0, 0, 0.26737, 0.271289, 0.000634, 
0, 0.053011, 0.383559, 0.277007, 0.001127, 
0, 0, 0.268233, 0.278216, 0.000671, 
0, 0, 0.274554, 0.276719, 0.00047, 
0, 0, 0.327078, 0.259182, 0.00107, 
0.014584, 0, 0.270162, 0.262422, 0.000628, 
0, 0, 0.448901, 0.426658, 0.000857, 
0, 0, 0.453573, 0.425933, 0.00098, 
0, 0, 0.469946, 0.413236, 0.001007, 
0, 0, 0.274834, 0.29552, 0.001233, 
0.003248, 0, 0.29521, 0.306478, 0.001148, 
0, 0, 0.469213, 0.414016, 0.000864, 
0, 0, 0.270405, 0.27944, 0.000645, 
0, 0, 0.280751, 0.29211, 0.000707, 
0, 0, 0.285196, 0.2707, 0.001048, 
0, 0, 0.289482, 0.269972, 0.000759, 
0, 0, 0.282015, 0.258876, 0.00076, 
0, 0, 0.256895, 0.269359, 0.000794, 
0, 0, 0.471089, 0.469544, 0.001492, 
0, 0, 0.366635, 0.397544, 0.001048, 
0, 0, 0.254136, 0.283868, 0.000584, 
0, 0, 0.256186, 0.271795, 0.000882, 
0, 0, 0.253534, 0.27584, 0.001591, 
0, 0, 0.255387, 0.257991, 0.000775, 
0.007118, 0, 0.251123, 0.29634, 0.000681, 
0, 0, 0.250389, 0.293896, 0.000779, 
0, 0, 0.423695, 0.437393, 0.001453, 
0, 0, 0.43566, 0.409407, 0.000852, 
0, 0, 0.42671, 0.411889, 0.001842, 
0, 0, 0.250824, 0.304587, 0.001292, 
0, 0, 0.430875, 0.433661, 0.000918, 
0, 0, 0.415957, 0.412882, 0.001184, 
0, 0, 0.420076, 0.387925, 0.00082, 
0.015599, 0, 0.430935, 0.441436, 0.001084, 
0, 0, 0.260078, 0.268724, 0.001384, 
0, 0, 0.276025, 0.258564, 0.000624, 
0, 0, 0.26191, 0.276258, 0.000772, 
0, 0, 0.239182, 0.264269, 0.000998, 
0, 0, 0.278849, 0.296015, 0.001115, 
0, 0, 0.257226, 0.303465, 0.000708, 
0, 0, 0.244464, 0.266891, 0.000631, 
0, 0, 0.258267, 0.293793, 0.000935, 
0, 0, 0.263686, 0.264239, 0.000733, 
0, 0, 0.318178, 0.289276, 0.000896, 
0, 0, 0.273924, 0.283597, 0.000881, 
0, 0, 0.252012, 0.253703, 0.000581, 
0, 0, 0.260062, 0.279163, 0.000603, 
0, 0.040128, 0.246076, 0.26537, 0.000626, 
0, 0, 0.280077, 0.297655, 0.001151, 
0, 0, 0.253086, 0.26505, 0.000802, 
0, 0, 0.251109, 0.264942, 0.000699, 
0, 0, 0.256728, 0.287349, 0.000806, 
0, 0, 0.43178, 0.442836, 0.001093, 
0, 0, 0.369176, 0.393967, 0.001013, 
0, 0, 0.378754, 0.395575, 0.001023, 
0.011688, 0, 0.379514, 0.425165, 0.00129, 
0, 0, 0.38378, 0.397237, 0.000798, 
0, 0, 0.214529, 0.282451, 0.000784, 
0, 0, 0.268896, 0.280302, 0.001041, 
0, 0, 0.343812, 0.371721, 0.001662, 
0, 0, 0.232638, 0.276887, 0.001378, 
0, 0, 0.391481, 0.430952, 0.001022, 
0, 0, 0.241407, 0.279706, 0.000722, 
0, 0, 0.245398, 0.258049, 0.000697, 
0, 0, 0.379086, 0.428883, 0.001024, 
0, 0, 0.244594, 0.301509, 0.000782, 
0, 0, 0.243146, 0.271702, 0.000743, 
0, 0, 0.248485, 0.265485, 0.000646, 
0, 0, 0.25245, 0.273171, 0.000958, 
0, 0, 0.246606, 0.274021, 0.001219, 
0, 0, 0.251516, 0.27019, 0.000735, 
0, 0, 0.225256, 0.264023, 0.000921, 
0, 0, 0.228962, 0.338185, 0.000706, 
0, 0, 0.230361, 0.287921, 0.000667, 
0, 0, 0.23346, 0.27528, 0.000606, 
0, 0, 0.253853, 0.276379, 0.000947, 
0, 0, 0.257794, 0.262651, 0.000632, 
0, 0, 0.232474, 0.269673, 0.000647, 
0, 0, 0.402938, 0.475991, 0.001803, 
0, 0, 0.242261, 0.280551, 0.001186, 
0, 0, 0.234379, 0.273584, 0.000786, 
0, 0, 0.262796, 0.274956, 0.000752, 
0.049649, 0, 0.2378, 0.254641, 0.000784, 
0, 0, 0.252495, 0.272092, 0.000615, 
0, 0, 0.238499, 0.286921, 0.000542, 
0, 0, 0.238612, 0.263704, 0.000901, 
0, 0, 0.232147, 0.305489, 0.000903, 
0, 0, 0.343777, 0.363572, 0.001777, 
0, 0, 0.261955, 0.280746, 0.001038, 
0, 0, 0.22465, 0.286481, 0.001024, 
0, 0, 0.21756, 0.293737, 0.000701, 
0, 0.037414, 0.195334, 0.287987, 0.000885, 
0, 0, 0.307198, 0.3464, 0.000815, 
0, 0, 0.203295, 0.26576, 0.00063, 
0, 0, 0.210448, 0.251734, 0.000559, 
0, 0, 0.206644, 0.26643, 0.000561, 
0, 0, 0.220214, 0.337033, 0.000668, 
0, 0, 0.31417, 0.389016, 0.001412, 
0, 0, 0.239765, 0.274268, 0.001049, 
0, 0, 0.212819, 0.264802, 0.000854, 
0, 0, 0.215283, 0.266419, 0.000557, 
0, 0, 0.212903, 0.263428, 0.000911, 
0, 0, 0.22545, 0.283635, 0.001269, 
0, 0, 0.358576, 0.43964, 0.000977, 
0.051513, 0, 0.346611, 0.403698, 0.001083, 
0, 0, 0.342774, 0.419832, 0.001071, 
0, 0, 0.341197, 0.383092, 0.00095, 
0, 0, 0.332343, 0.418452, 0.000998, 
0, 0, 0.349819, 0.411319, 0.001477, 
0, 0, 0.343696, 0.297402, 0.000897, 
0, 0, 0.225246, 0.268852, 0.000642, 
0, 0, 0.202516, 0.261738, 0.000528, 
0, 0, 0.224026, 0.261611, 0.000813, 
0, 0, 0.230682, 0.265157, 0.000718, 
0, 0, 0.208809, 0.270855, 0.000668, 
0, 0, 0.206438, 0.249449, 0.000503, 
0, 0, 0.221732, 0.259653, 0.000854, 
0, 0, 0.220665, 0.265016, 0.000979, 
0, 0, 0.21639, 0.268673, 0.000586, 
0, 0, 0.214388, 0.276844, 0.000751, 
0, 0, 0.211741, 0.272399, 0.001132, 
0, 0, 0.201982, 0.27841, 0.000872, 
0, 0, 0.227083, 0.303485, 0.000856, 
0, 0, 0.277086, 0.251311, 0.000388, 
0, 0, 0.21618, 0.263568, 0.000568, 
0, 0, 0.356087, 0.430072, 0.00104, 
0, 0, 0.301228, 0.412507, 0.000988, 
0, 0, 0.304042, 0.392198, 0.001015, 
0, 0, 0.215094, 0.280745, 0.001331, 
0, 0, 0.314669, 0.41416, 0.00112, 
0, 0, 0.195423, 0.267792, 0.001054, 
0, 0, 0.206744, 0.264199, 0.000541, 
0, 0, 0.194936, 0.255167, 0.000385, 
0, 0, 0.18873, 0.267515, 0.000865, 
0, 0.04327, 0.180066, 0.268531, 0.00058, 
0, 0, 0.182287, 0.264173, 0.000677, 
0, 0, 0.197519, 0.273632, 0.000803, 
0, 0, 0.300225, 0.4318, 0.000946, 
0, 0, 0.200998, 0.282218, 0.000815, 
0, 0, 0.314679, 0.430636, 0.001092, 
0, 0, 0.301461, 0.425599, 0.000935, 
0, 0, 0.308567, 0.403316, 0.000938, 
0, 0, 0.193621, 0.265628, 0.00114, 
0, 0, 0.297459, 0.390516, 0.000806, 
0, 0, 0.298494, 0.386342, 0.000761, 
0, 0, 0.286523, 0.382693, 0.00093, 
0, 0, 0.29916, 0.389191, 0.00105, 
0, 0, 0.300818, 0.388735, 0.000934, 
0, 0, 0.352981, 0.525482, 0.002388, 
0, 0, 0.306577, 0.423964, 0.001042, 
0, 0, 0.334211, 0.448389, 0.001074, 
0, 0, 0.248855, 0.263167, 0.001502, 
0, 0, 0.19167, 0.288217, 0.000959, 
0, 0, 0.315936, 0.405533, 0.001018, 
0, 0, 0.299881, 0.396855, 0.000891, 
0, 0, 0.194181, 0.260716, 0.000735, 
0, 0, 0.3042, 0.422749, 0.001106, 
0, 0, 0.231951, 0.266807, 0.000723, 
0, 0, 0.244512, 0.286768, 0.000879, 
0, 0, 0.191169, 0.277475, 0.000538, 
0, 0, 0.187837, 0.278062, 0.000429, 
0, 0, 0.189709, 0.25748, 0.000585, 
0, 0, 0.270864, 0.339554, 0.000889, 
0, 0, 0.164373, 0.270652, 0.000598, 
0, 0, 0.2688, 0.420743, 0.000987, 
0, 0, 0.169331, 0.300136, 0.000743, 
0, 0, 0.175612, 0.267178, 0.000909, 
0, 0, 0.29383, 0.415614, 0.001129, 
0, 0, 0.282114, 0.405024, 0.001077, 
0, 0, 0.283876, 0.416585, 0.00085, 
0, 0, 0.176389, 0.286452, 0.000749, 
0, 0, 0.264254, 0.421542, 0.000792, 
0, 0, 0.283217, 0.458089, 0.001653, 
0, 0, 0.281316, 0.433545, 0.001177, 
0, 0, 0.271838, 0.406423, 0.001031, 
0, 0, 0.288085, 0.438546, 0.001183, 
0, 0, 0.170213, 0.275334, 0.001104, 
0, 0, 0.174425, 0.279418, 0.001127, 
0, 0, 0.17667, 0.281173, 0.000777, 
0, 0, 0.290439, 0.438231, 0.001343, 
0, 0.05093, 0.255965, 0.414768, 0.001053, 
0, 0, 0.265538, 0.401239, 0.0008, 
0, 0, 0.270645, 0.393682, 0.000873, 
0, 0, 0.166528, 0.270112, 0.000868, 
0, 0, 0.166348, 0.251476, 0.000506, 
0, 0, 0.281918, 0.435662, 0.00117, 
0, 0, 0.171115, 0.311309, 0.000782, 
0, 0, 0.267055, 0.417439, 0.001174, 
0, 0, 0.179103, 0.289293, 0.00111, 
0, 0, 0.185059, 0.313098, 0.001007, 
0, 0, 0.1777, 0.262689, 0.00083, 
0, 0, 0.161015, 0.284572, 0.000712, 
0, 0, 0.291437, 0.431488, 0.000954, 
0, 0, 0.244073, 0.251906, 0.000857, 
0, 0, 0.167421, 0.254569, 0.000661, 
0, 0, 0.28791, 0.427789, 0.001359, 
0, 0, 0.270705, 0.406261, 0.000928, 
0, 0, 0.157721, 0.275332, 0.000536, 
0, 0, 0.190521, 0.273114, 0.001205, 
0, 0, 0.15375, 0.264639, 0.000792, 
0, 0, 0.151904, 0.262224, 0.000842, 
0, 0, 0.143912, 0.252357, 0.000617, 
0, 0, 0.24084, 0.402365, 0.000909, 
0, 0, 0.239221, 0.407824, 0.001001, 
0, 0, 0.226297, 0.379772, 0.000904, 
0, 0, 0.230971, 0.379318, 0.001218, 
0, 0, 0.151706, 0.261901, 0.001449, 
0, 0, 0.148018, 0.248987, 0.000537, 
0, 0, 0.24679, 0.4365, 0.001014, 
0, 0, 0.163171, 0.265317, 0.001152, 
0, 0, 0.143622, 0.256519, 0.000983, 
0, 0, 0.252095, 0.434198, 0.001227, 
0, 0, 0.14344, 0.271263, 0.001022, 
0, 0, 0.231479, 0.403675, 0.000789, 
0, 0, 0.163914, 0.269376, 0.000607, 
0, 0, 0.186312, 0.260371, 0.000853, 
0, 0, 0.14381, 0.26124, 0.00043, 
0, 0, 0.171796, 0.280221, 0.000665, 
0, 0, 0.241704, 0.418095, 0.001115, 
0, 0, 0.233062, 0.391842, 0.000936, 
0, 0, 0.229426, 0.39411, 0.001394, 
0, 0, 0.166318, 0.287913, 0.00083, 
0, 0, 0.138173, 0.263624, 0.000494, 
0, 0, 0.199424, 0.289113, 0.000793, 
0, 0, 0.1687, 0.273547, 0.000905, 
0, 0, 0.181877, 0.252074, 0.000754, 
0, 0.040506, 0.148827, 0.263156, 0.000502, 
0, 0, 0.162587, 0.278291, 0.000837, 
0, 0, 0.189899, 0.271074, 0.000838, 
0, 0, 0.160446, 0.280004, 0.000749, 
0, 0, 0.234815, 0.422312, 0.000905, 
0, 0, 0.162772, 0.267311, 0.001199, 
0, 0, 0.151127, 0.256369, 0.000816, 
0, 0, 0.227455, 0.423161, 0.000839, 
0, 0, 0.159168, 0.269886, 0.000941, 
0, 0, 0.140237, 0.263321, 0.000576, 
0, 0, 0.12738, 0.261326, 0.000781, 
0, 0, 0.127418, 0.269262, 0.000793, 
0, 0, 0.141137, 0.267203, 0.000632, 
0, 0, 0.152936, 0.305034, 0.001348, 
0, 0, 0.127176, 0.26765, 0.000715, 
0, 0, 0.144952, 0.272024, 0.001293, 
0, 0, 0.167828, 0.275948, 0.000665, 
0, 0, 0.130805, 0.257324, 0.000561, 
0, 0, 0.154859, 0.275158, 0.000738, 
0, 0, 0.138239, 0.266593, 0.0007, 
0, 0, 0.139426, 0.26413, 0.00049, 
0, 0, 0.168567, 0.267994, 0.000716, 
0, 0, 0.176482, 0.314543, 0.00177, 
0, 0, 0.1525, 0.273479, 0.001032, 
0, 0, 0.142296, 0.264627, 0.000629, 
0, 0, 0.163297, 0.272983, 0.00124, 
0, 0, 0.149176, 0.277893, 0.00087, 
0, 0, 0.207931, 0.427476, 0.001148, 
0, 0, 0.203286, 0.398391, 0.001036, 
0, 0, 0.177765, 0.392345, 0.000834, 
0, 0, 0.155735, 0.287758, 0.00186, 
0, 0, 0.153898, 0.284346, 0.000624, 
0, 0, 0.181125, 0.275585, 0.000918, 
0, 0, 0.230147, 0.427251, 0.000931, 
0, 0, 0.19802, 0.392104, 0.000813, 
0, 0, 0.206112, 0.40683, 0.001015, 
0, 0, 0.124676, 0.262925, 0.000679, 
0, 0, 0.123974, 0.276816, 0.001092, 
0, 0, 0.140719, 0.268791, 0.00078, 
0, 0, 0.133195, 0.260837, 0.00056, 
0, 0, 0.134728, 0.270411, 0.000724, 
0, 0, 0.148569, 0.271142, 0.00082, 
0, 0, 0.148844, 0.284172, 0.000757, 
0, 0, 0.143962, 0.259919, 0.000895, 
0, 0, 0.134522, 0.277378, 0.00076, 
0, 0, 0.135288, 0.274105, 0.000591, 
0, 0.04107, 0.124891, 0.261189, 0.000587, 
0, 0, 0.147529, 0.367644, 0.000878, 
0, 0, 0.164122, 0.419115, 0.000827, 
0, 0, 0.160101, 0.308854, 0.000888, 
0, 0, 0.170572, 0.408121, 0.001005, 
0, 0, 0.133411, 0.28265, 0.000622, 
0, 0, 0.124081, 0.26812, 0.00073, 
0, 0, 0.180947, 0.433183, 0.001074, 
0, 0, 0.152546, 0.418942, 0.001082, 
0, 0, 0.160888, 0.398686, 0.000947, 
0, 0, 0.149564, 0.391899, 0.000846, 
0, 0, 0.173982, 0.39059, 0.000874, 
0, 0, 0.12716, 0.288572, 0.001288, 
0, 0, 0.150007, 0.262511, 0.000722, 
0, 0, 0.168568, 0.409991, 0.0009, 
0, 0, 0.166761, 0.39969, 0.000981, 
0, 0, 0.164313, 0.424189, 0.001067, 
0, 0, 0.16871, 0.363557, 0.000619, 
0, 0, 0.147861, 0.423944, 0.000725, 
0, 0, 0.132413, 0.390811, 0.000747, 
0, 0, 0.126545, 0.393205, 0.000677, 
0, 0, 0.121793, 0.362965, 0.000697, 
0, 0, 0.111581, 0.268233, 0.001039, 
0, 0, 0.146496, 0.378152, 0.000897, 
0, 0, 0.125711, 0.368061, 0.000583, 
0, 0, 0.164351, 0.4061, 0.000952, 
0, 0, 0.142667, 0.273942, 0.001663, 
0, 0, 0.12397, 0.259069, 0.000778, 
0, 0, 0.171803, 0.400811, 0.000871, 
0, 0, 0.15612, 0.386686, 0.001001, 
0, 0, 0.116018, 0.282612, 0.001531, 
0, 0, 0.098314, 0.257265, 0.00076, 
0, 0, 0.125858, 0.273689, 0.000998, 
0, 0, 0.122666, 0.254717, 0.000627, 
0, 0, 0.106158, 0.251023, 0.000572, 
0, 0, 0.126487, 0.275862, 0.001333, 
0, 0, 0.183526, 0.305099, 0.00095, 
0, 0, 0.082684, 0.307903, 0.000938, 
0, 0, 0.128413, 0.439574, 0.001076, 
0, 0, 0.071374, 0.281166, 0.000832, 
0, 0, 0.105082, 0.405493, 0.000952, 
0, 0, 0.071756, 0.285859, 0.000769, 
0, 0, 0.078634, 0.26758, 0.000406, 
0, 0, 0.078853, 0.279303, 0.000807, 
0, 0.042264, 0.061978, 0.265977, 0.000677, 
0, 0, 0.063456, 0.290976, 0.000599, 
0, 0, 0.107697, 0.447169, 0.001603, 
0, 0, 0.08952, 0.413242, 0.000972, 
0, 0, 0.105656, 0.407894, 0.001683, 
0, 0, 0.080353, 0.398997, 0.001032, 
0, 0, 0.08406, 0.411462, 0.000958, 
0, 0, 0.067566, 0.258416, 0.000909, 
0, 0, 0.065332, 0.260584, 0.000485, 
0, 0, 0.070877, 0.271146, 0.000858, 
0, 0, 0.063074, 0.265536, 0.000508, 
0, 0, 0.149046, 0.428785, 0.000946, 
